-- phpMyAdmin SQL Dump
-- version 3.4.11.1deb1
-- http://www.phpmyadmin.net
--
-- Host: localhost
-- Generation Time: Jul 08, 2013 at 08:34 AM
-- Server version: 5.5.31
-- PHP Version: 5.4.6-1ubuntu1.2

SET SQL_MODE="NO_AUTO_VALUE_ON_ZERO";
SET time_zone = "+00:00";


/*!40101 SET @OLD_CHARACTER_SET_CLIENT=@@CHARACTER_SET_CLIENT */;
/*!40101 SET @OLD_CHARACTER_SET_RESULTS=@@CHARACTER_SET_RESULTS */;
/*!40101 SET @OLD_COLLATION_CONNECTION=@@COLLATION_CONNECTION */;
/*!40101 SET NAMES utf8 */;

--
-- Database: `alpheus`
--

-- --------------------------------------------------------

--
-- Table structure for table `api_example_entry`
--

CREATE TABLE IF NOT EXISTS `api_example_entry` (
  `id` int(11) NOT NULL AUTO_INCREMENT,
  `user_id` int(11) NOT NULL,
  `pub_date` datetime NOT NULL,
  `title` varchar(200) NOT NULL,
  `slug` varchar(50) NOT NULL,
  `body` longtext NOT NULL,
  PRIMARY KEY (`id`),
  KEY `api_example_entry_fbfc09f1` (`user_id`),
  KEY `api_example_entry_a951d5d6` (`slug`)
) ENGINE=InnoDB DEFAULT CHARSET=utf8 AUTO_INCREMENT=1 ;

-- --------------------------------------------------------

--
-- Table structure for table `app2_administrator`
--

CREATE TABLE IF NOT EXISTS `app2_administrator` (
  `id` int(11) NOT NULL AUTO_INCREMENT,
  `name` varchar(50) NOT NULL,
  `contact_name` varchar(50) NOT NULL,
  `contact_number` varchar(50) NOT NULL,
  `fee` decimal(15,5) NOT NULL,
  PRIMARY KEY (`id`)
) ENGINE=InnoDB DEFAULT CHARSET=utf8 AUTO_INCREMENT=1 ;

-- --------------------------------------------------------

--
-- Table structure for table `app2_auditor`
--

CREATE TABLE IF NOT EXISTS `app2_auditor` (
  `id` int(11) NOT NULL AUTO_INCREMENT,
  `name` varchar(50) NOT NULL,
  `contact_name` varchar(50) NOT NULL,
  `contact_number` varchar(50) NOT NULL,
  `fee` decimal(15,5) NOT NULL,
  PRIMARY KEY (`id`)
) ENGINE=InnoDB DEFAULT CHARSET=utf8 AUTO_INCREMENT=1 ;

-- --------------------------------------------------------

--
-- Table structure for table `app2_benchmark`
--

CREATE TABLE IF NOT EXISTS `app2_benchmark` (
  `id` int(11) NOT NULL AUTO_INCREMENT,
  `name` varchar(50) NOT NULL,
  PRIMARY KEY (`id`)
) ENGINE=InnoDB DEFAULT CHARSET=utf8 AUTO_INCREMENT=1 ;

-- --------------------------------------------------------

--
-- Table structure for table `app2_benchmarkhistory`
--

CREATE TABLE IF NOT EXISTS `app2_benchmarkhistory` (
  `id` int(11) NOT NULL AUTO_INCREMENT,
  `benchmark_id` int(11) NOT NULL,
  `date_type` varchar(1) NOT NULL,
  `value_date` date NOT NULL,
  `mtd` decimal(15,5) NOT NULL,
  `net_drawdown` decimal(15,5) NOT NULL,
  `si` decimal(15,5) NOT NULL,
  `ann_return1` decimal(4,2) NOT NULL,
  `ann_return3` decimal(4,2) NOT NULL,
  `ann_return5` decimal(4,2) NOT NULL,
  `ann_volatility1` decimal(4,2) NOT NULL,
  `ann_volatility3` decimal(4,2) NOT NULL,
  `ann_volatility5` decimal(4,2) NOT NULL,
  `sharpe_ratio1` decimal(4,2) NOT NULL,
  `sharpe_ratio3` decimal(4,2) NOT NULL,
  `sharpe_ratio5` decimal(4,2) NOT NULL,
  `alpha1` decimal(4,2) NOT NULL,
  `alpha3` decimal(4,2) NOT NULL,
  `alpha5` decimal(4,2) NOT NULL,
  `beta1` decimal(4,2) NOT NULL,
  `beta3` decimal(4,2) NOT NULL,
  `beta5` decimal(4,2) NOT NULL,
  `correlation1` decimal(4,2) NOT NULL,
  `correlation3` decimal(4,2) NOT NULL,
  `correlation5` decimal(4,2) NOT NULL,
  PRIMARY KEY (`id`),
  KEY `app2_benchmarkhistory_9a65e30c` (`benchmark_id`)
) ENGINE=InnoDB DEFAULT CHARSET=utf8 AUTO_INCREMENT=1 ;

-- --------------------------------------------------------

--
-- Table structure for table `app2_category`
--

CREATE TABLE IF NOT EXISTS `app2_category` (
  `id` int(11) NOT NULL AUTO_INCREMENT,
  `name` varchar(50) NOT NULL,
  `group` varchar(3) NOT NULL,
  PRIMARY KEY (`id`)
) ENGINE=InnoDB DEFAULT CHARSET=utf8 AUTO_INCREMENT=1 ;

-- --------------------------------------------------------

--
-- Table structure for table `app2_client`
--

CREATE TABLE IF NOT EXISTS `app2_client` (
  `id` int(11) NOT NULL AUTO_INCREMENT,
  `first_name` varchar(50) NOT NULL,
  `last_name` varchar(50) NOT NULL,
  PRIMARY KEY (`id`)
) ENGINE=InnoDB DEFAULT CHARSET=utf8 AUTO_INCREMENT=1 ;

-- --------------------------------------------------------

--
-- Table structure for table `app2_clienthistory`
--

CREATE TABLE IF NOT EXISTS `app2_clienthistory` (
  `id` int(11) NOT NULL AUTO_INCREMENT,
  `fund_id` int(11) DEFAULT NULL,
  `holding_id` int(11) DEFAULT NULL,
  `client_id` int(11) NOT NULL,
  `date_type` varchar(1) NOT NULL,
  `mtd` decimal(4,2) NOT NULL,
  `net_drawdown` decimal(15,5) NOT NULL,
  `ytd` decimal(15,5) NOT NULL,
  `si` decimal(15,5) NOT NULL,
  `ann_return1` decimal(4,2) NOT NULL,
  `ann_return3` decimal(4,2) NOT NULL,
  `ann_return5` decimal(4,2) NOT NULL,
  `ann_volatility1` decimal(4,2) NOT NULL,
  `ann_volatility3` decimal(4,2) NOT NULL,
  `ann_volatility5` decimal(4,2) NOT NULL,
  `sharpe_ratio1` decimal(4,2) NOT NULL,
  `sharpe_ratio3` decimal(4,2) NOT NULL,
  `sharpe_ratio5` decimal(4,2) NOT NULL,
  `alpha1` decimal(4,2) NOT NULL,
  `alpha3` decimal(4,2) NOT NULL,
  `alpha5` decimal(4,2) NOT NULL,
  `beta1` decimal(4,2) NOT NULL,
  `beta3` decimal(4,2) NOT NULL,
  `beta5` decimal(4,2) NOT NULL,
  `correlation1` decimal(4,2) NOT NULL,
  `correlation3` decimal(4,2) NOT NULL,
  `correlation5` decimal(4,2) NOT NULL,
  `euro_nav` decimal(20,2) NOT NULL,
  `value_date` date NOT NULL,
  `previous_nav` decimal(20,2) NOT NULL,
  `performance_fees_added_back` decimal(20,2) NOT NULL,
  `subscription_amount` decimal(20,2) NOT NULL,
  `redemption_amount` decimal(20,2) NOT NULL,
  `net_movement` decimal(20,2) NOT NULL,
  `gross_assets_after_subs_red` decimal(20,2) NOT NULL,
  `pending_nav` decimal(20,2) NOT NULL,
  `nav` decimal(20,2) NOT NULL,
  `no_of_units` decimal(20,2) NOT NULL,
  PRIMARY KEY (`id`),
  KEY `app2_clienthistory_10400ffb` (`fund_id`),
  KEY `app2_clienthistory_460919ce` (`holding_id`),
  KEY `app2_clienthistory_4a4e8ffb` (`client_id`)
) ENGINE=InnoDB DEFAULT CHARSET=utf8 AUTO_INCREMENT=1 ;

-- --------------------------------------------------------

--
-- Table structure for table `app2_client_benchmark`
--

CREATE TABLE IF NOT EXISTS `app2_client_benchmark` (
  `id` int(11) NOT NULL AUTO_INCREMENT,
  `client_id` int(11) NOT NULL,
  `benchmark_id` int(11) NOT NULL,
  PRIMARY KEY (`id`),
  UNIQUE KEY `client_id` (`client_id`,`benchmark_id`),
  KEY `app2_client_benchmark_4a4e8ffb` (`client_id`),
  KEY `app2_client_benchmark_9a65e30c` (`benchmark_id`)
) ENGINE=InnoDB DEFAULT CHARSET=utf8 AUTO_INCREMENT=1 ;

-- --------------------------------------------------------

--
-- Table structure for table `app2_country`
--

CREATE TABLE IF NOT EXISTS `app2_country` (
  `id` int(11) NOT NULL AUTO_INCREMENT,
  `name` varchar(50) NOT NULL,
  `code` varchar(3) NOT NULL,
  PRIMARY KEY (`id`)
) ENGINE=InnoDB DEFAULT CHARSET=utf8 AUTO_INCREMENT=1 ;

-- --------------------------------------------------------

--
-- Table structure for table `app2_countrybreakdown`
--

CREATE TABLE IF NOT EXISTS `app2_countrybreakdown` (
  `id` int(11) NOT NULL AUTO_INCREMENT,
  `fund_id` int(11) NOT NULL,
  `country_id` int(11) NOT NULL,
  `category_id` int(11) NOT NULL,
  `mtd` decimal(15,5) NOT NULL,
  `ytd` decimal(15,5) NOT NULL,
  `si` decimal(15,5) NOT NULL,
  `value_date` date NOT NULL,
  PRIMARY KEY (`id`),
  KEY `app2_countrybreakdown_10400ffb` (`fund_id`),
  KEY `app2_countrybreakdown_534dd89` (`country_id`),
  KEY `app2_countrybreakdown_42dc49bc` (`category_id`)
) ENGINE=InnoDB DEFAULT CHARSET=utf8 AUTO_INCREMENT=1 ;

-- --------------------------------------------------------

--
-- Table structure for table `app2_currency`
--

CREATE TABLE IF NOT EXISTS `app2_currency` (
  `id` int(11) NOT NULL AUTO_INCREMENT,
  `name` varchar(50) NOT NULL,
  `code` varchar(3) NOT NULL,
  PRIMARY KEY (`id`)
) ENGINE=InnoDB DEFAULT CHARSET=utf8 AUTO_INCREMENT=1 ;

-- --------------------------------------------------------

--
-- Table structure for table `app2_currencyposition`
--

CREATE TABLE IF NOT EXISTS `app2_currencyposition` (
  `id` int(11) NOT NULL AUTO_INCREMENT,
  `fund_id` int(11) NOT NULL,
  `currency_id` int(11) NOT NULL,
  `nav` decimal(20,5) NOT NULL,
  `value_date` date NOT NULL,
  PRIMARY KEY (`id`),
  KEY `app2_currencyposition_10400ffb` (`fund_id`),
  KEY `app2_currencyposition_41f657b3` (`currency_id`)
) ENGINE=InnoDB DEFAULT CHARSET=utf8 AUTO_INCREMENT=1 ;

-- --------------------------------------------------------

--
-- Table structure for table `app2_custodian`
--

CREATE TABLE IF NOT EXISTS `app2_custodian` (
  `id` int(11) NOT NULL AUTO_INCREMENT,
  `name` varchar(50) NOT NULL,
  `contact_name` varchar(50) NOT NULL,
  `contact_number` varchar(50) NOT NULL,
  `performance_fee` decimal(15,5) NOT NULL,
  `management_fee` decimal(15,5) NOT NULL,
  PRIMARY KEY (`id`)
) ENGINE=InnoDB DEFAULT CHARSET=utf8 AUTO_INCREMENT=1 ;

-- --------------------------------------------------------

--
-- Table structure for table `app2_fund`
--

CREATE TABLE IF NOT EXISTS `app2_fund` (
  `id` int(11) NOT NULL AUTO_INCREMENT,
  `name` varchar(200) DEFAULT NULL,
  `aum` smallint(6) NOT NULL,
  `mtd` smallint(6) NOT NULL,
  `ytd` smallint(6) NOT NULL,
  `one_day_var` smallint(6) NOT NULL,
  `total_cash` smallint(6) NOT NULL,
  `usd_hedge` smallint(6) NOT NULL,
  `checks` smallint(6) NOT NULL,
  `unsettled` smallint(6) NOT NULL,
  PRIMARY KEY (`id`)
) ENGINE=InnoDB DEFAULT CHARSET=utf8 AUTO_INCREMENT=1 ;

-- --------------------------------------------------------

--
-- Table structure for table `app2_fundhistory`
--

CREATE TABLE IF NOT EXISTS `app2_fundhistory` (
  `id` int(11) NOT NULL AUTO_INCREMENT,
  `fund_id` int(11) NOT NULL,
  `date_type` varchar(1) NOT NULL,
  `mtd` decimal(4,2) NOT NULL,
  `net_drawdown` decimal(15,5) NOT NULL,
  `ytd` decimal(15,5) NOT NULL,
  `si` decimal(15,5) NOT NULL,
  `ann_return1` decimal(4,2) NOT NULL,
  `ann_return3` decimal(4,2) NOT NULL,
  `ann_return5` decimal(4,2) NOT NULL,
  `ann_volatility1` decimal(4,2) NOT NULL,
  `ann_volatility3` decimal(4,2) NOT NULL,
  `ann_volatility5` decimal(4,2) NOT NULL,
  `sharpe_ratio1` decimal(4,2) NOT NULL,
  `sharpe_ratio3` decimal(4,2) NOT NULL,
  `sharpe_ratio5` decimal(4,2) NOT NULL,
  `alpha1` decimal(4,2) NOT NULL,
  `alpha3` decimal(4,2) NOT NULL,
  `alpha5` decimal(4,2) NOT NULL,
  `beta1` decimal(4,2) NOT NULL,
  `beta3` decimal(4,2) NOT NULL,
  `beta5` decimal(4,2) NOT NULL,
  `correlation1` decimal(4,2) NOT NULL,
  `correlation3` decimal(4,2) NOT NULL,
  `correlation5` decimal(4,2) NOT NULL,
  `no_of_units` decimal(20,5) NOT NULL,
  `euro_nav` decimal(20,5) NOT NULL,
  `no_of_units_fund` decimal(20,5) NOT NULL,
  `euro_nav_fund` decimal(20,5) NOT NULL,
  `value_date` date NOT NULL,
  `previous_nav` decimal(20,2) NOT NULL,
  `performance_fees_added_back` decimal(20,2) NOT NULL,
  `subscription_amount` decimal(20,2) NOT NULL,
  `redemption_amount` decimal(20,2) NOT NULL,
  `net_movement` decimal(20,2) NOT NULL,
  `gross_assets_after_subs_red` decimal(20,2) NOT NULL,
  `long_portfolio` decimal(20,2) NOT NULL,
  `dividends_receivable` decimal(20,2) NOT NULL,
  `assets_subtotal` decimal(20,2) NOT NULL,
  `cash` decimal(20,2) NOT NULL,
  `accrued_interest` decimal(20,2) NOT NULL,
  `interest_receivable_on_banks` decimal(20,2) NOT NULL,
  `recv_for_transactions` decimal(20,2) NOT NULL,
  `nav_securities` decimal(20,2) NOT NULL,
  `nav_securities_total` decimal(20,2) NOT NULL,
  `nav_cash` decimal(20,2) NOT NULL,
  `nav_other_assets` decimal(20,2) NOT NULL,
  `other_liabilities` decimal(20,2) NOT NULL,
  `transaction_fees_payable` decimal(20,2) NOT NULL,
  `management_fees_payable` decimal(20,2) NOT NULL,
  `serv_act_fees_payable` decimal(20,2) NOT NULL,
  `administrator_fees_payable` decimal(20,2) NOT NULL,
  `auditor_fees_payable` decimal(20,2) NOT NULL,
  `capital_fees_payable` decimal(20,2) NOT NULL,
  `corporate_secretarial_payable` decimal(20,2) NOT NULL,
  `custodian_fees_payable` decimal(20,2) NOT NULL,
  `financial_statement_prep_payable` decimal(20,2) NOT NULL,
  `sub_advisory_fees_payable` decimal(20,2) NOT NULL,
  `performance_fees_payable` decimal(20,2) NOT NULL,
  `liabilities_subtotal` decimal(20,2) NOT NULL,
  `transaction_payable` decimal(20,2) NOT NULL,
  `total_net_asset_value` decimal(20,2) NOT NULL,
  `fet_valuation` decimal(20,2) NOT NULL,
  `management_fees` decimal(20,2) NOT NULL,
  `other_fees` decimal(20,2) NOT NULL,
  `trustee_fees` decimal(20,2) NOT NULL,
  `custodian_fees` decimal(20,2) NOT NULL,
  `auditor_fees` decimal(20,2) NOT NULL,
  `administrator_fees` decimal(20,2) NOT NULL,
  `performance_fees` decimal(20,2) NOT NULL,
  PRIMARY KEY (`id`),
  KEY `app2_fundhistory_10400ffb` (`fund_id`)
) ENGINE=InnoDB DEFAULT CHARSET=utf8 AUTO_INCREMENT=1 ;

-- --------------------------------------------------------

--
-- Table structure for table `app2_fund_benchmark`
--

CREATE TABLE IF NOT EXISTS `app2_fund_benchmark` (
  `id` int(11) NOT NULL AUTO_INCREMENT,
  `fund_id` int(11) NOT NULL,
  `benchmark_id` int(11) NOT NULL,
  PRIMARY KEY (`id`),
  UNIQUE KEY `fund_id` (`fund_id`,`benchmark_id`),
  KEY `app2_fund_benchmark_10400ffb` (`fund_id`),
  KEY `app2_fund_benchmark_9a65e30c` (`benchmark_id`)
) ENGINE=InnoDB DEFAULT CHARSET=utf8 AUTO_INCREMENT=1 ;

-- --------------------------------------------------------

--
-- Table structure for table `app2_fxhedge`
--

CREATE TABLE IF NOT EXISTS `app2_fxhedge` (
  `id` int(11) NOT NULL AUTO_INCREMENT,
  `fund_id` int(11) NOT NULL,
  `trade_date` date NOT NULL,
  `settlement_date` date NOT NULL,
  `buy_sell` smallint(6) NOT NULL,
  `currency_id` int(11) NOT NULL,
  `amount` decimal(20,5) NOT NULL,
  PRIMARY KEY (`id`),
  KEY `app2_fxhedge_10400ffb` (`fund_id`),
  KEY `app2_fxhedge_41f657b3` (`currency_id`)
) ENGINE=InnoDB DEFAULT CHARSET=utf8 AUTO_INCREMENT=1 ;

-- --------------------------------------------------------

--
-- Table structure for table `app2_fxrate`
--

CREATE TABLE IF NOT EXISTS `app2_fxrate` (
  `id` int(11) NOT NULL AUTO_INCREMENT,
  `value_date` date NOT NULL,
  `currency_id` int(11) NOT NULL,
  `fx_rate` decimal(15,5) NOT NULL,
  PRIMARY KEY (`id`),
  KEY `app2_fxrate_41f657b3` (`currency_id`)
) ENGINE=InnoDB DEFAULT CHARSET=utf8 AUTO_INCREMENT=1 ;

-- --------------------------------------------------------

--
-- Table structure for table `app2_holding`
--

CREATE TABLE IF NOT EXISTS `app2_holding` (
  `id` int(11) NOT NULL AUTO_INCREMENT,
  `currency_id` int(11) NOT NULL,
  `country_id` int(11) NOT NULL,
  `sector_id` int(11) NOT NULL,
  `sub_sector_id` int(11) NOT NULL,
  `location_id` int(11) NOT NULL,
  `asset_class_id` int(11) NOT NULL,
  `name` varchar(50) NOT NULL,
  `isin` varchar(12) NOT NULL,
  `rep_code` varchar(50) NOT NULL,
  `description` longtext NOT NULL,
  `valoren` int(11) NOT NULL,
  `nav` decimal(20,2) NOT NULL,
  `interest_rate` decimal(20,5) NOT NULL,
  `current_price` decimal(20,8) NOT NULL,
  `no_of_units` decimal(20,2) NOT NULL,
  `weight` decimal(20,5) NOT NULL,
  `value_date` date NOT NULL,
  PRIMARY KEY (`id`),
  KEY `app2_holding_41f657b3` (`currency_id`),
  KEY `app2_holding_534dd89` (`country_id`),
  KEY `app2_holding_94c48b8` (`sector_id`),
  KEY `app2_holding_d7cad665` (`sub_sector_id`),
  KEY `app2_holding_319d859` (`location_id`),
  KEY `app2_holding_fed04f2e` (`asset_class_id`)
) ENGINE=InnoDB DEFAULT CHARSET=utf8 AUTO_INCREMENT=1 ;

-- --------------------------------------------------------

--
-- Table structure for table `app2_holdingbreakdown`
--

CREATE TABLE IF NOT EXISTS `app2_holdingbreakdown` (
  `id` int(11) NOT NULL AUTO_INCREMENT,
  `fund_id` int(11) NOT NULL,
  `category_id` int(11) NOT NULL,
  `mtd` decimal(15,5) NOT NULL,
  `ytd` decimal(15,5) NOT NULL,
  `si` decimal(15,5) NOT NULL,
  `value_date` date NOT NULL,
  PRIMARY KEY (`id`),
  KEY `app2_holdingbreakdown_10400ffb` (`fund_id`),
  KEY `app2_holdingbreakdown_42dc49bc` (`category_id`)
) ENGINE=InnoDB DEFAULT CHARSET=utf8 AUTO_INCREMENT=1 ;

-- --------------------------------------------------------

--
-- Table structure for table `app2_holdinghistory`
--

CREATE TABLE IF NOT EXISTS `app2_holdinghistory` (
  `id` int(11) NOT NULL AUTO_INCREMENT,
  `fund_id` int(11) NOT NULL,
  `holding_id` int(11) NOT NULL,
  `date_type` varchar(1) NOT NULL,
  `si` decimal(4,2) NOT NULL,
  `ytd` decimal(4,2) NOT NULL,
  `mtd` decimal(4,2) NOT NULL,
  `nav` decimal(20,5) NOT NULL,
  `weight` decimal(20,5) NOT NULL,
  `value_date` date NOT NULL,
  PRIMARY KEY (`id`),
  KEY `app2_holdinghistory_10400ffb` (`fund_id`),
  KEY `app2_holdinghistory_460919ce` (`holding_id`)
) ENGINE=InnoDB DEFAULT CHARSET=utf8 AUTO_INCREMENT=1 ;

-- --------------------------------------------------------

--
-- Table structure for table `app2_holding_client`
--

CREATE TABLE IF NOT EXISTS `app2_holding_client` (
  `id` int(11) NOT NULL AUTO_INCREMENT,
  `holding_id` int(11) NOT NULL,
  `client_id` int(11) NOT NULL,
  PRIMARY KEY (`id`),
  UNIQUE KEY `holding_id` (`holding_id`,`client_id`),
  KEY `app2_holding_client_460919ce` (`holding_id`),
  KEY `app2_holding_client_4a4e8ffb` (`client_id`)
) ENGINE=InnoDB DEFAULT CHARSET=utf8 AUTO_INCREMENT=1 ;

-- --------------------------------------------------------

--
-- Table structure for table `app2_holding_fund`
--

CREATE TABLE IF NOT EXISTS `app2_holding_fund` (
  `id` int(11) NOT NULL AUTO_INCREMENT,
  `holding_id` int(11) NOT NULL,
  `fund_id` int(11) NOT NULL,
  PRIMARY KEY (`id`),
  UNIQUE KEY `holding_id` (`holding_id`,`fund_id`),
  KEY `app2_holding_fund_460919ce` (`holding_id`),
  KEY `app2_holding_fund_10400ffb` (`fund_id`)
) ENGINE=InnoDB DEFAULT CHARSET=utf8 AUTO_INCREMENT=1 ;

-- --------------------------------------------------------

--
-- Table structure for table `app2_peer`
--

CREATE TABLE IF NOT EXISTS `app2_peer` (
  `id` int(11) NOT NULL AUTO_INCREMENT,
  `name` varchar(50) NOT NULL,
  PRIMARY KEY (`id`)
) ENGINE=InnoDB DEFAULT CHARSET=utf8 AUTO_INCREMENT=1 ;

-- --------------------------------------------------------

--
-- Table structure for table `app2_peer_holding`
--

CREATE TABLE IF NOT EXISTS `app2_peer_holding` (
  `id` int(11) NOT NULL AUTO_INCREMENT,
  `peer_id` int(11) NOT NULL,
  `holding_id` int(11) NOT NULL,
  PRIMARY KEY (`id`),
  UNIQUE KEY `peer_id` (`peer_id`,`holding_id`),
  KEY `app2_peer_holding_2a3f6e04` (`peer_id`),
  KEY `app2_peer_holding_460919ce` (`holding_id`)
) ENGINE=InnoDB DEFAULT CHARSET=utf8 AUTO_INCREMENT=1 ;

-- --------------------------------------------------------

--
-- Table structure for table `app2_subscriptionredemption`
--

CREATE TABLE IF NOT EXISTS `app2_subscriptionredemption` (
  `id` int(11) NOT NULL AUTO_INCREMENT,
  `fund_id` int(11) NOT NULL,
  `client_id` int(11) NOT NULL,
  `trade_date` date NOT NULL,
  `input_date` date NOT NULL,
  `no_of_units` decimal(20,5) NOT NULL,
  `sub_red` smallint(6) NOT NULL,
  `nav` decimal(20,5) NOT NULL,
  `percent_released` smallint(6) NOT NULL,
  PRIMARY KEY (`id`),
  KEY `app2_subscriptionredemption_10400ffb` (`fund_id`),
  KEY `app2_subscriptionredemption_4a4e8ffb` (`client_id`)
) ENGINE=InnoDB DEFAULT CHARSET=utf8 AUTO_INCREMENT=1 ;

-- --------------------------------------------------------

--
-- Table structure for table `app2_trade`
--

CREATE TABLE IF NOT EXISTS `app2_trade` (
  `id` int(11) NOT NULL AUTO_INCREMENT,
  `holding_id` int(11) NOT NULL,
  `fund_id` int(11) DEFAULT NULL,
  `client_id` int(11) DEFAULT NULL,
  `currency_id` int(11) NOT NULL,
  `no_of_units` decimal(20,2) NOT NULL,
  `purchase_price` decimal(20,5) NOT NULL,
  `purchase_price_base` decimal(20,5) NOT NULL,
  `nav_purchase` decimal(20,5) NOT NULL,
  `fx_euro` decimal(20,8) NOT NULL,
  `trade_date` date NOT NULL,
  `settlement_date` date NOT NULL,
  PRIMARY KEY (`id`),
  KEY `app2_trade_460919ce` (`holding_id`),
  KEY `app2_trade_10400ffb` (`fund_id`),
  KEY `app2_trade_4a4e8ffb` (`client_id`),
  KEY `app2_trade_41f657b3` (`currency_id`)
) ENGINE=InnoDB DEFAULT CHARSET=utf8 AUTO_INCREMENT=1 ;

-- --------------------------------------------------------

--
-- Table structure for table `app_administrator`
--

CREATE TABLE IF NOT EXISTS `app_administrator` (
  `id` int(11) NOT NULL AUTO_INCREMENT,
  `name` varchar(50) NOT NULL,
  `contact_name` varchar(50) NOT NULL,
  `contact_number` varchar(50) NOT NULL,
  `fee` decimal(15,5) NOT NULL,
  PRIMARY KEY (`id`)
) ENGINE=InnoDB  DEFAULT CHARSET=utf8 AUTO_INCREMENT=2 ;

--
-- Dumping data for table `app_administrator`
--

INSERT INTO `app_administrator` (`id`, `name`, `contact_name`, `contact_number`, `fee`) VALUES
(1, 'John Smith''s Administrators', 'Kelly Ann', '01923 564 233', 1.00000);

-- --------------------------------------------------------

--
-- Table structure for table `app_alarm`
--

CREATE TABLE IF NOT EXISTS `app_alarm` (
  `id` int(11) NOT NULL AUTO_INCREMENT,
  `name` varchar(50) NOT NULL,
  PRIMARY KEY (`id`)
) ENGINE=InnoDB  DEFAULT CHARSET=utf8 AUTO_INCREMENT=2 ;

--
-- Dumping data for table `app_alarm`
--

INSERT INTO `app_alarm` (`id`, `name`) VALUES
(1, 'alarm1');

-- --------------------------------------------------------

--
-- Table structure for table `app_auditor`
--

CREATE TABLE IF NOT EXISTS `app_auditor` (
  `id` int(11) NOT NULL AUTO_INCREMENT,
  `name` varchar(50) NOT NULL,
  `contact_name` varchar(50) NOT NULL,
  `contact_number` varchar(50) NOT NULL,
  `fee` decimal(15,5) NOT NULL,
  PRIMARY KEY (`id`)
) ENGINE=InnoDB  DEFAULT CHARSET=utf8 AUTO_INCREMENT=2 ;

--
-- Dumping data for table `app_auditor`
--

INSERT INTO `app_auditor` (`id`, `name`, `contact_name`, `contact_number`, `fee`) VALUES
(1, 'KMPG', 'Dan Philips', '0034 456 456 54', 5.00000);

-- --------------------------------------------------------

--
-- Table structure for table `app_benchmark`
--

CREATE TABLE IF NOT EXISTS `app_benchmark` (
  `id` int(11) NOT NULL AUTO_INCREMENT,
  PRIMARY KEY (`id`)
) ENGINE=InnoDB DEFAULT CHARSET=utf8 AUTO_INCREMENT=1 ;

-- --------------------------------------------------------

--
-- Table structure for table `app_classification`
--

CREATE TABLE IF NOT EXISTS `app_classification` (
  `id` int(11) NOT NULL AUTO_INCREMENT,
  `key` varchar(50) NOT NULL,
  `name` varchar(50) NOT NULL,
  PRIMARY KEY (`id`)
) ENGINE=InnoDB  DEFAULT CHARSET=utf8 AUTO_INCREMENT=8 ;

--
-- Dumping data for table `app_classification`
--

INSERT INTO `app_classification` (`id`, `key`, `name`) VALUES
(1, 'be', 'b&e'),
(2, 'fi', 'FI & Treasuries'),
(3, 'fof', 'Fund of Funds'),
(4, 'sp', 'Side Pockets'),
(5, 'eof', 'Equity, Options and Futures'),
(6, 'pe', 'Private Equity'),
(7, 'lh', 'Limited Holdings');

-- --------------------------------------------------------

--
-- Table structure for table `app_client`
--

CREATE TABLE IF NOT EXISTS `app_client` (
  `id` int(11) NOT NULL AUTO_INCREMENT,
  `alarm_id` int(11) DEFAULT NULL,
  `benchmark_id` int(11) DEFAULT NULL,
  `first_name` varchar(50) NOT NULL,
  `last_name` varchar(50) NOT NULL,
  `pending_nav` decimal(20,2) NOT NULL,
  `nav` decimal(20,2) NOT NULL,
  `no_of_units` decimal(20,2) NOT NULL,
  `drawdown` decimal(15,5) NOT NULL,
  `distribution` decimal(15,5) NOT NULL,
  `residual_commit` decimal(15,5) NOT NULL,
  `valuation` decimal(15,5) NOT NULL,
  `total_value` decimal(15,5) NOT NULL,
  `proceed` decimal(15,5) NOT NULL,
  `commit` decimal(15,5) NOT NULL,
  `various` decimal(15,5) NOT NULL,
  `irr` decimal(15,5) NOT NULL,
  PRIMARY KEY (`id`),
  KEY `app_client_fa60512a` (`alarm_id`),
  KEY `app_client_9a65e30c` (`benchmark_id`)
) ENGINE=InnoDB  DEFAULT CHARSET=utf8 AUTO_INCREMENT=5 ;

--
-- Dumping data for table `app_client`
--

INSERT INTO `app_client` (`id`, `alarm_id`, `benchmark_id`, `first_name`, `last_name`, `pending_nav`, `nav`, `no_of_units`, `drawdown`, `distribution`, `residual_commit`, `valuation`, `total_value`, `proceed`, `commit`, `various`, `irr`) VALUES
(1, NULL, NULL, 'John', 'Doe', 3280847.00, 9220762.00, 9154908.00, 23512.00000, 51064.00000, 57682.00000, 99162.00000, 4905.00000, 82726.00000, 1058.00000, 71151.00000, 19280.00000),
(2, NULL, NULL, 'Jane', 'Doe', 6190347.00, 6911961.00, 1725316.00, 27233.00000, 7892.00000, 39454.00000, 11959.00000, 5286.00000, 29471.00000, 2498.00000, 81196.00000, 73639.00000),
(3, NULL, NULL, 'Juan', 'Nadia', 7814284.00, 4217731.00, 8577126.00, 46790.00000, 70882.00000, 72995.00000, 92560.00000, 50271.00000, 49281.00000, 25934.00000, 69619.00000, 30842.00000),
(4, NULL, NULL, 'Juanita', 'Ninguna', 4700434.00, 5904998.00, 7728178.00, 25422.00000, 72520.00000, 27725.00000, 14740.00000, 24386.00000, 7377.00000, 74197.00000, 69760.00000, 51762.00000);

-- --------------------------------------------------------

--
-- Table structure for table `app_clientperfmonth`
--

CREATE TABLE IF NOT EXISTS `app_clientperfmonth` (
  `id` int(11) NOT NULL AUTO_INCREMENT,
  `fund_id` int(11) DEFAULT NULL,
  `holding_id` int(11) DEFAULT NULL,
  `client_id` int(11) NOT NULL,
  `performance` decimal(4,2) NOT NULL,
  `drawdown` decimal(15,5) NOT NULL,
  `ytd` decimal(15,5) NOT NULL,
  `si` decimal(15,5) NOT NULL,
  `ann_return1` decimal(4,2) NOT NULL,
  `ann_return3` decimal(4,2) NOT NULL,
  `ann_return5` decimal(4,2) NOT NULL,
  `ann_volatility1` decimal(4,2) NOT NULL,
  `ann_volatility3` decimal(4,2) NOT NULL,
  `ann_volatility5` decimal(4,2) NOT NULL,
  `sharpe_ratio1` decimal(4,2) NOT NULL,
  `sharpe_ratio3` decimal(4,2) NOT NULL,
  `sharpe_ratio5` decimal(4,2) NOT NULL,
  `alpha1` decimal(4,2) NOT NULL,
  `alpha3` decimal(4,2) NOT NULL,
  `alpha5` decimal(4,2) NOT NULL,
  `beta1` decimal(4,2) NOT NULL,
  `beta3` decimal(4,2) NOT NULL,
  `beta5` decimal(4,2) NOT NULL,
  `correlation1` decimal(4,2) NOT NULL,
  `correlation3` decimal(4,2) NOT NULL,
  `correlation5` decimal(4,2) NOT NULL,
  `euro_nav` decimal(20,2) NOT NULL,
  `value_date` date NOT NULL,
  `previous_nav` decimal(20,2) NOT NULL,
  `performance_fee_added_back` decimal(20,2) NOT NULL,
  `subscription_amount` decimal(20,2) NOT NULL,
  `redemption_amount` decimal(20,2) NOT NULL,
  `net_movement` decimal(20,2) NOT NULL,
  `gross_assets_after_subs_red` decimal(20,2) NOT NULL,
  `pending_nav` decimal(20,2) NOT NULL,
  `nav` decimal(20,2) NOT NULL,
  `no_of_units` decimal(20,2) NOT NULL,
  `distribution` decimal(15,5) NOT NULL,
  `residual_commit` decimal(15,5) NOT NULL,
  `valuation` decimal(15,5) NOT NULL,
  `total_value` decimal(15,5) NOT NULL,
  `proceed` decimal(15,5) NOT NULL,
  `commit` decimal(15,5) NOT NULL,
  `various` decimal(15,5) NOT NULL,
  PRIMARY KEY (`id`),
  KEY `app_clientperfmonth_10400ffb` (`fund_id`),
  KEY `app_clientperfmonth_460919ce` (`holding_id`),
  KEY `app_clientperfmonth_4a4e8ffb` (`client_id`)
) ENGINE=InnoDB  DEFAULT CHARSET=utf8 AUTO_INCREMENT=97 ;

--
-- Dumping data for table `app_clientperfmonth`
--

INSERT INTO `app_clientperfmonth` (`id`, `fund_id`, `holding_id`, `client_id`, `performance`, `drawdown`, `ytd`, `si`, `ann_return1`, `ann_return3`, `ann_return5`, `ann_volatility1`, `ann_volatility3`, `ann_volatility5`, `sharpe_ratio1`, `sharpe_ratio3`, `sharpe_ratio5`, `alpha1`, `alpha3`, `alpha5`, `beta1`, `beta3`, `beta5`, `correlation1`, `correlation3`, `correlation5`, `euro_nav`, `value_date`, `previous_nav`, `performance_fee_added_back`, `subscription_amount`, `redemption_amount`, `net_movement`, `gross_assets_after_subs_red`, `pending_nav`, `nav`, `no_of_units`, `distribution`, `residual_commit`, `valuation`, `total_value`, `proceed`, `commit`, `various`) VALUES
(1, 1, NULL, 1, 3.00, 4994551.00000, 3.00000, 4.00000, 0.00, 2.00, 1.00, 0.00, 4.00, 4.00, 4.00, 2.00, 4.00, 0.00, 0.00, 4.00, 0.00, 0.00, 2.00, 4.00, 2.00, 4.00, 87706.00, '2012-01-01', 123727.00, 968561.00, 93190.00, 31576.00, 34653.00, 2965200.00, 964328.00, 654364.00, 80071.00, 9296.00000, 1026.00000, 73448.00000, 11495.00000, 31131.00000, 26995.00000, 68734.00000),
(2, 1, NULL, 2, 1.00, 8217707.00000, 4.00000, 2.00000, 3.00, 4.00, 4.00, 0.00, 4.00, 3.00, 2.00, 1.00, 2.00, 3.00, 2.00, 0.00, 2.00, 0.00, 1.00, 1.00, 4.00, 0.00, 50569.00, '2012-01-01', 103762.00, 915021.00, 41939.00, 61542.00, 17035.00, 4216257.00, 998721.00, 413789.00, 78087.00, 15975.00000, 19757.00000, 54600.00000, 70088.00000, 80162.00000, 7727.00000, 32885.00000),
(3, 1, NULL, 3, 3.00, 5662277.00000, 3.00000, 3.00000, 4.00, 0.00, 3.00, 2.00, 2.00, 0.00, 0.00, 1.00, 2.00, 3.00, 2.00, 0.00, 3.00, 3.00, 3.00, 0.00, 2.00, 1.00, 41323.00, '2012-01-01', 227141.00, 395546.00, 93283.00, 30771.00, 59116.00, 4458009.00, 257190.00, 152560.00, 28351.00, 9637.00000, 29252.00000, 72558.00000, 11393.00000, 40362.00000, 486.00000, 54858.00000),
(4, 1, NULL, 4, 2.00, 7201344.00000, 3.00000, 4.00000, 2.00, 1.00, 4.00, 4.00, 1.00, 2.00, 4.00, 4.00, 1.00, 4.00, 3.00, 3.00, 0.00, 3.00, 0.00, 1.00, 3.00, 1.00, 73688.00, '2012-01-01', 267594.00, 583464.00, 57678.00, 10300.00, 28690.00, 8316838.00, 556065.00, 428255.00, 6067.00, 21192.00000, 92232.00000, 80325.00000, 71157.00000, 97933.00000, 18105.00000, 50151.00000),
(5, 1, NULL, 1, 1.00, 7522022.00000, 3.00000, 3.00000, 4.00, 2.00, 2.00, 1.00, 0.00, 4.00, 4.00, 2.00, 2.00, 4.00, 1.00, 1.00, 0.00, 1.00, 0.00, 1.00, 0.00, 3.00, 5294.00, '2012-02-01', 125533.00, 28772.00, 67622.00, 45915.00, 56546.00, 3146759.00, 550125.00, 509444.00, 84010.00, 6956.00000, 81513.00000, 36437.00000, 65560.00000, 27080.00000, 34941.00000, 95288.00000),
(6, 1, NULL, 2, 4.00, 7692872.00000, 1.00000, 3.00000, 2.00, 1.00, 2.00, 2.00, 0.00, 1.00, 4.00, 4.00, 0.00, 4.00, 0.00, 3.00, 0.00, 0.00, 1.00, 3.00, 4.00, 2.00, 43408.00, '2012-02-01', 583175.00, 342236.00, 34622.00, 87674.00, 85530.00, 7174342.00, 486006.00, 146693.00, 48073.00, 36235.00000, 52809.00000, 55003.00000, 99773.00000, 97993.00000, 31220.00000, 43753.00000),
(7, 1, NULL, 3, 1.00, 4300132.00000, 2.00000, 4.00000, 1.00, 3.00, 4.00, 2.00, 2.00, 4.00, 0.00, 1.00, 0.00, 1.00, 3.00, 0.00, 1.00, 1.00, 2.00, 3.00, 3.00, 1.00, 34585.00, '2012-02-01', 710017.00, 254747.00, 51610.00, 5827.00, 22549.00, 8905920.00, 481640.00, 51247.00, 91018.00, 5039.00000, 40538.00000, 51428.00000, 15306.00000, 54854.00000, 35810.00000, 46731.00000),
(8, 1, NULL, 4, 2.00, 2868599.00000, 4.00000, 4.00000, 0.00, 2.00, 0.00, 4.00, 2.00, 0.00, 0.00, 3.00, 3.00, 3.00, 3.00, 0.00, 0.00, 0.00, 0.00, 1.00, 0.00, 2.00, 61755.00, '2012-02-01', 526603.00, 221971.00, 83127.00, 61708.00, 60651.00, 7407475.00, 247636.00, 669381.00, 76163.00, 85614.00000, 35327.00000, 42535.00000, 66255.00000, 34204.00000, 94317.00000, 33726.00000),
(9, 1, NULL, 1, 3.00, 2182773.00000, 1.00000, 2.00000, 2.00, 4.00, 1.00, 1.00, 4.00, 2.00, 2.00, 3.00, 1.00, 4.00, 1.00, 3.00, 0.00, 3.00, 0.00, 3.00, 1.00, 3.00, 2031.00, '2012-03-01', 333979.00, 501725.00, 10293.00, 90442.00, 19259.00, 3506662.00, 868718.00, 297594.00, 27588.00, 22837.00000, 14154.00000, 8828.00000, 48544.00000, 54970.00000, 47729.00000, 18232.00000),
(10, 1, NULL, 2, 3.00, 2407116.00000, 2.00000, 3.00000, 1.00, 2.00, 4.00, 3.00, 0.00, 2.00, 1.00, 2.00, 4.00, 2.00, 0.00, 4.00, 4.00, 1.00, 4.00, 4.00, 0.00, 0.00, 7286.00, '2012-03-01', 550205.00, 799942.00, 62085.00, 32203.00, 96947.00, 2546131.00, 489228.00, 65896.00, 59355.00, 92942.00000, 69243.00000, 93467.00000, 26775.00000, 61917.00000, 96500.00000, 99693.00000),
(11, 1, NULL, 3, 3.00, 8845478.00000, 1.00000, 2.00000, 3.00, 2.00, 2.00, 2.00, 1.00, 4.00, 1.00, 2.00, 3.00, 2.00, 2.00, 1.00, 2.00, 2.00, 1.00, 3.00, 4.00, 3.00, 39636.00, '2012-03-01', 766500.00, 857203.00, 50327.00, 27965.00, 33605.00, 3064450.00, 862909.00, 232298.00, 10677.00, 55787.00000, 69355.00000, 51918.00000, 60200.00000, 13666.00000, 46532.00000, 6946.00000),
(12, 1, NULL, 4, 4.00, 8561669.00000, 4.00000, 1.00000, 4.00, 1.00, 2.00, 0.00, 0.00, 3.00, 0.00, 1.00, 3.00, 1.00, 3.00, 4.00, 0.00, 2.00, 1.00, 1.00, 4.00, 4.00, 30963.00, '2012-03-01', 955067.00, 98782.00, 33996.00, 46783.00, 23121.00, 7962685.00, 374120.00, 764195.00, 43955.00, 25979.00000, 30821.00000, 90071.00000, 89022.00000, 57953.00000, 51696.00000, 70330.00000),
(13, 1, NULL, 1, 1.00, 9619961.00000, 4.00000, 3.00000, 3.00, 0.00, 2.00, 2.00, 1.00, 2.00, 2.00, 3.00, 4.00, 3.00, 1.00, 1.00, 4.00, 0.00, 2.00, 1.00, 1.00, 0.00, 58613.00, '2012-04-01', 161051.00, 568939.00, 36989.00, 79507.00, 94918.00, 1410371.00, 184886.00, 181234.00, 79460.00, 47778.00000, 22443.00000, 51730.00000, 87546.00000, 27839.00000, 15493.00000, 26529.00000),
(14, 1, NULL, 2, 4.00, 5969611.00000, 2.00000, 2.00000, 3.00, 2.00, 1.00, 4.00, 1.00, 2.00, 4.00, 0.00, 3.00, 0.00, 3.00, 3.00, 3.00, 1.00, 2.00, 2.00, 0.00, 2.00, 62259.00, '2012-04-01', 630322.00, 802620.00, 42746.00, 66814.00, 9291.00, 3839692.00, 393876.00, 22499.00, 49872.00, 30008.00000, 186.00000, 86209.00000, 97808.00000, 6033.00000, 67968.00000, 36790.00000),
(15, 1, NULL, 3, 2.00, 1589873.00000, 2.00000, 3.00000, 2.00, 2.00, 0.00, 3.00, 4.00, 4.00, 1.00, 4.00, 4.00, 0.00, 2.00, 0.00, 4.00, 1.00, 1.00, 0.00, 1.00, 3.00, 8324.00, '2012-04-01', 528198.00, 100891.00, 20384.00, 43967.00, 88397.00, 7804986.00, 269495.00, 503637.00, 91069.00, 86509.00000, 46651.00000, 70092.00000, 45321.00000, 94932.00000, 47596.00000, 36713.00000),
(16, 1, NULL, 4, 3.00, 4699534.00000, 1.00000, 2.00000, 1.00, 0.00, 2.00, 4.00, 4.00, 3.00, 0.00, 4.00, 4.00, 4.00, 1.00, 1.00, 3.00, 3.00, 4.00, 2.00, 0.00, 4.00, 2007.00, '2012-04-01', 743047.00, 694217.00, 11877.00, 53628.00, 1252.00, 5057194.00, 855826.00, 757784.00, 4444.00, 38165.00000, 9881.00000, 14813.00000, 15009.00000, 99674.00000, 15191.00000, 90052.00000),
(17, 1, NULL, 1, 3.00, 1796885.00000, 1.00000, 4.00000, 4.00, 3.00, 2.00, 0.00, 1.00, 1.00, 1.00, 3.00, 2.00, 3.00, 2.00, 0.00, 1.00, 3.00, 4.00, 2.00, 0.00, 0.00, 266.00, '2012-05-01', 221760.00, 40129.00, 91374.00, 99790.00, 83276.00, 8152789.00, 513596.00, 670554.00, 66684.00, 41775.00000, 94307.00000, 95757.00000, 24859.00000, 54784.00000, 21133.00000, 48383.00000),
(18, 1, NULL, 2, 3.00, 5726545.00000, 2.00000, 3.00000, 1.00, 2.00, 4.00, 0.00, 1.00, 1.00, 0.00, 0.00, 3.00, 3.00, 1.00, 0.00, 1.00, 0.00, 4.00, 2.00, 0.00, 1.00, 8333.00, '2012-05-01', 994284.00, 793505.00, 72169.00, 65227.00, 22010.00, 9468000.00, 538248.00, 641384.00, 66668.00, 66136.00000, 2685.00000, 78510.00000, 3526.00000, 70882.00000, 46753.00000, 19441.00000),
(19, 1, NULL, 3, 1.00, 534725.00000, 4.00000, 4.00000, 3.00, 1.00, 2.00, 1.00, 1.00, 1.00, 0.00, 4.00, 2.00, 0.00, 2.00, 1.00, 2.00, 3.00, 4.00, 0.00, 4.00, 2.00, 55952.00, '2012-05-01', 892233.00, 871966.00, 41971.00, 53752.00, 57268.00, 6530677.00, 147161.00, 36950.00, 38266.00, 31129.00000, 43251.00000, 57887.00000, 21561.00000, 76740.00000, 10175.00000, 59814.00000),
(20, 1, NULL, 4, 1.00, 2504311.00000, 1.00000, 4.00000, 4.00, 2.00, 4.00, 2.00, 4.00, 3.00, 4.00, 1.00, 3.00, 4.00, 2.00, 4.00, 2.00, 3.00, 0.00, 4.00, 1.00, 1.00, 40654.00, '2012-05-01', 966974.00, 235958.00, 71416.00, 65578.00, 25535.00, 9809385.00, 697907.00, 162387.00, 6433.00, 27450.00000, 52437.00000, 4567.00000, 90134.00000, 85116.00000, 10257.00000, 81809.00000),
(21, 1, NULL, 1, 2.00, 2768017.00000, 2.00000, 1.00000, 2.00, 1.00, 3.00, 1.00, 3.00, 1.00, 0.00, 3.00, 4.00, 0.00, 2.00, 0.00, 3.00, 1.00, 0.00, 1.00, 3.00, 2.00, 80063.00, '2012-06-01', 875649.00, 865052.00, 33534.00, 28604.00, 80935.00, 9586713.00, 23103.00, 606786.00, 38388.00, 3459.00000, 84276.00000, 62495.00000, 1648.00000, 87507.00000, 32141.00000, 77229.00000),
(22, 1, NULL, 2, 2.00, 3865554.00000, 4.00000, 3.00000, 3.00, 1.00, 1.00, 0.00, 1.00, 4.00, 1.00, 0.00, 3.00, 2.00, 4.00, 2.00, 1.00, 1.00, 2.00, 2.00, 1.00, 4.00, 25901.00, '2012-06-01', 708286.00, 207336.00, 64933.00, 34977.00, 40991.00, 4675558.00, 164287.00, 27498.00, 4944.00, 14705.00000, 69977.00000, 569.00000, 30661.00000, 25852.00000, 41994.00000, 22324.00000),
(23, 1, NULL, 3, 2.00, 8482969.00000, 3.00000, 4.00000, 1.00, 0.00, 1.00, 4.00, 1.00, 1.00, 3.00, 1.00, 4.00, 2.00, 4.00, 2.00, 1.00, 1.00, 1.00, 2.00, 1.00, 0.00, 79569.00, '2012-06-01', 277772.00, 252182.00, 2512.00, 86489.00, 32760.00, 8240286.00, 194192.00, 772834.00, 12675.00, 87938.00000, 59258.00000, 79981.00000, 94701.00000, 24296.00000, 94043.00000, 32504.00000),
(24, 1, NULL, 4, 2.00, 5618600.00000, 4.00000, 2.00000, 3.00, 4.00, 2.00, 1.00, 3.00, 0.00, 2.00, 0.00, 4.00, 0.00, 3.00, 2.00, 2.00, 1.00, 3.00, 0.00, 2.00, 0.00, 27511.00, '2012-06-01', 658144.00, 406144.00, 35995.00, 4064.00, 633.00, 1516504.00, 926090.00, 578610.00, 39105.00, 49431.00000, 27459.00000, 86680.00000, 38955.00000, 35720.00000, 80142.00000, 44543.00000),
(25, 1, NULL, 1, 4.00, 524753.00000, 1.00000, 3.00000, 4.00, 4.00, 2.00, 0.00, 3.00, 0.00, 2.00, 4.00, 0.00, 1.00, 1.00, 0.00, 4.00, 0.00, 1.00, 1.00, 4.00, 2.00, 80774.00, '2012-07-01', 367588.00, 418052.00, 55979.00, 70403.00, 58505.00, 7218804.00, 519396.00, 823583.00, 26703.00, 35055.00000, 55920.00000, 74751.00000, 93097.00000, 40337.00000, 77303.00000, 60841.00000),
(26, 1, NULL, 2, 3.00, 6207788.00000, 1.00000, 1.00000, 4.00, 4.00, 1.00, 1.00, 1.00, 3.00, 2.00, 4.00, 0.00, 4.00, 2.00, 2.00, 3.00, 0.00, 2.00, 1.00, 3.00, 1.00, 69573.00, '2012-07-01', 377057.00, 838272.00, 75746.00, 38962.00, 63571.00, 4137815.00, 977114.00, 150374.00, 2957.00, 27007.00000, 21762.00000, 63650.00000, 1435.00000, 46857.00000, 77374.00000, 75149.00000),
(27, 1, NULL, 3, 3.00, 9367355.00000, 4.00000, 3.00000, 4.00, 4.00, 4.00, 4.00, 3.00, 3.00, 4.00, 3.00, 3.00, 2.00, 4.00, 4.00, 4.00, 2.00, 3.00, 1.00, 1.00, 2.00, 94329.00, '2012-07-01', 528032.00, 228390.00, 8615.00, 60973.00, 2826.00, 1965173.00, 531708.00, 2507.00, 62274.00, 67904.00000, 2234.00000, 11287.00000, 19377.00000, 99617.00000, 28039.00000, 73054.00000),
(28, 1, NULL, 4, 2.00, 7782742.00000, 3.00000, 3.00000, 1.00, 3.00, 3.00, 4.00, 2.00, 3.00, 2.00, 1.00, 4.00, 0.00, 4.00, 4.00, 1.00, 2.00, 3.00, 2.00, 0.00, 0.00, 89235.00, '2012-07-01', 810539.00, 394310.00, 63897.00, 88807.00, 13087.00, 8777698.00, 53571.00, 701058.00, 43676.00, 60241.00000, 74049.00000, 16406.00000, 53224.00000, 78599.00000, 77721.00000, 21325.00000),
(29, 1, NULL, 1, 3.00, 8791085.00000, 4.00000, 4.00000, 1.00, 0.00, 4.00, 0.00, 0.00, 3.00, 4.00, 0.00, 0.00, 1.00, 0.00, 1.00, 0.00, 3.00, 2.00, 3.00, 3.00, 4.00, 44781.00, '2012-08-01', 249755.00, 636038.00, 86109.00, 25598.00, 1080.00, 9164369.00, 721814.00, 535429.00, 70704.00, 20357.00000, 71681.00000, 57351.00000, 88807.00000, 88539.00000, 35871.00000, 38001.00000),
(30, 1, NULL, 2, 1.00, 7048477.00000, 2.00000, 4.00000, 0.00, 1.00, 4.00, 0.00, 1.00, 2.00, 1.00, 1.00, 2.00, 1.00, 3.00, 4.00, 3.00, 2.00, 3.00, 3.00, 1.00, 3.00, 84889.00, '2012-08-01', 126232.00, 736714.00, 20785.00, 57748.00, 30176.00, 3941983.00, 581515.00, 36806.00, 32407.00, 9135.00000, 95446.00000, 60287.00000, 60107.00000, 66392.00000, 58373.00000, 72775.00000),
(31, 1, NULL, 3, 3.00, 6532191.00000, 4.00000, 1.00000, 4.00, 3.00, 1.00, 1.00, 2.00, 0.00, 2.00, 1.00, 2.00, 2.00, 3.00, 3.00, 3.00, 1.00, 4.00, 0.00, 3.00, 2.00, 37676.00, '2012-08-01', 599636.00, 488051.00, 83951.00, 70536.00, 97663.00, 8704392.00, 672186.00, 874661.00, 65665.00, 9870.00000, 37066.00000, 20606.00000, 71049.00000, 97985.00000, 10257.00000, 46249.00000),
(32, 1, NULL, 4, 4.00, 1090421.00000, 2.00000, 3.00000, 3.00, 1.00, 3.00, 2.00, 3.00, 4.00, 0.00, 4.00, 1.00, 4.00, 1.00, 1.00, 2.00, 1.00, 2.00, 2.00, 3.00, 2.00, 2570.00, '2012-08-01', 653881.00, 871335.00, 65938.00, 38104.00, 58830.00, 4583843.00, 553181.00, 573124.00, 49122.00, 92272.00000, 1257.00000, 8466.00000, 33729.00000, 65304.00000, 84210.00000, 90905.00000),
(33, 1, NULL, 1, 4.00, 375700.00000, 1.00000, 1.00000, 4.00, 2.00, 4.00, 1.00, 2.00, 4.00, 2.00, 1.00, 1.00, 4.00, 0.00, 0.00, 4.00, 2.00, 4.00, 4.00, 3.00, 1.00, 32833.00, '2012-09-01', 637876.00, 908636.00, 70124.00, 46252.00, 81673.00, 6001860.00, 80108.00, 56531.00, 72782.00, 66546.00000, 6430.00000, 98524.00000, 98283.00000, 22414.00000, 74595.00000, 40758.00000),
(34, 1, NULL, 2, 1.00, 6912592.00000, 4.00000, 3.00000, 4.00, 3.00, 4.00, 4.00, 0.00, 3.00, 3.00, 3.00, 0.00, 2.00, 1.00, 0.00, 1.00, 3.00, 2.00, 1.00, 0.00, 4.00, 2793.00, '2012-09-01', 765117.00, 587966.00, 93386.00, 94169.00, 14630.00, 4970959.00, 927214.00, 653099.00, 12876.00, 5487.00000, 31152.00000, 20292.00000, 27738.00000, 50107.00000, 37098.00000, 87543.00000),
(35, 1, NULL, 3, 1.00, 4504425.00000, 1.00000, 1.00000, 1.00, 2.00, 4.00, 1.00, 0.00, 1.00, 1.00, 3.00, 1.00, 3.00, 4.00, 4.00, 3.00, 0.00, 3.00, 4.00, 1.00, 4.00, 82571.00, '2012-09-01', 934400.00, 559212.00, 75115.00, 20157.00, 33827.00, 3423255.00, 136547.00, 948626.00, 69885.00, 67102.00000, 26906.00000, 38687.00000, 21663.00000, 34701.00000, 68369.00000, 17758.00000),
(36, 1, NULL, 4, 4.00, 4841247.00000, 2.00000, 2.00000, 3.00, 3.00, 3.00, 2.00, 1.00, 0.00, 1.00, 2.00, 0.00, 2.00, 0.00, 0.00, 4.00, 0.00, 1.00, 1.00, 3.00, 4.00, 74725.00, '2012-09-01', 890766.00, 200717.00, 31296.00, 64425.00, 28900.00, 1856493.00, 229008.00, 726909.00, 11336.00, 72464.00000, 2006.00000, 48730.00000, 77504.00000, 50593.00000, 52120.00000, 25211.00000),
(37, 1, NULL, 1, 2.00, 1508821.00000, 1.00000, 2.00000, 0.00, 3.00, 4.00, 3.00, 4.00, 0.00, 0.00, 0.00, 1.00, 2.00, 2.00, 3.00, 2.00, 3.00, 0.00, 1.00, 3.00, 0.00, 82129.00, '2012-10-01', 899225.00, 692976.00, 24712.00, 70068.00, 41046.00, 7004087.00, 289423.00, 979224.00, 15311.00, 19175.00000, 78300.00000, 97097.00000, 2447.00000, 82387.00000, 80704.00000, 92934.00000),
(38, 1, NULL, 2, 1.00, 7757009.00000, 3.00000, 3.00000, 4.00, 0.00, 0.00, 3.00, 2.00, 4.00, 0.00, 1.00, 1.00, 1.00, 2.00, 1.00, 0.00, 2.00, 4.00, 0.00, 1.00, 3.00, 29796.00, '2012-10-01', 50238.00, 611316.00, 33393.00, 93018.00, 32930.00, 8386250.00, 31374.00, 725419.00, 34325.00, 80859.00000, 24760.00000, 60205.00000, 79026.00000, 53795.00000, 64230.00000, 58413.00000),
(39, 1, NULL, 3, 2.00, 7234118.00000, 4.00000, 2.00000, 2.00, 3.00, 2.00, 0.00, 4.00, 1.00, 0.00, 2.00, 0.00, 3.00, 0.00, 1.00, 2.00, 1.00, 3.00, 0.00, 4.00, 4.00, 26311.00, '2012-10-01', 212152.00, 951407.00, 38492.00, 68690.00, 29507.00, 6734067.00, 916496.00, 693576.00, 89896.00, 24403.00000, 48951.00000, 7558.00000, 13430.00000, 45213.00000, 22195.00000, 4957.00000),
(40, 1, NULL, 4, 4.00, 7527918.00000, 1.00000, 4.00000, 2.00, 0.00, 3.00, 1.00, 4.00, 2.00, 0.00, 1.00, 1.00, 0.00, 1.00, 2.00, 2.00, 3.00, 4.00, 3.00, 2.00, 3.00, 43484.00, '2012-10-01', 94102.00, 284357.00, 36362.00, 41722.00, 43172.00, 5540433.00, 357216.00, 306667.00, 51719.00, 92746.00000, 69509.00000, 67031.00000, 99192.00000, 32349.00000, 72921.00000, 67718.00000),
(41, 1, NULL, 1, 1.00, 523691.00000, 3.00000, 1.00000, 4.00, 1.00, 0.00, 1.00, 0.00, 0.00, 2.00, 2.00, 1.00, 3.00, 0.00, 1.00, 1.00, 2.00, 3.00, 0.00, 2.00, 3.00, 11024.00, '2012-11-01', 116601.00, 613111.00, 4466.00, 14676.00, 31776.00, 6088160.00, 506734.00, 522120.00, 20165.00, 43339.00000, 98385.00000, 86664.00000, 57058.00000, 14744.00000, 64889.00000, 19336.00000),
(42, 1, NULL, 2, 1.00, 1219085.00000, 3.00000, 4.00000, 3.00, 4.00, 1.00, 1.00, 1.00, 1.00, 1.00, 1.00, 0.00, 4.00, 0.00, 1.00, 0.00, 1.00, 1.00, 4.00, 1.00, 0.00, 37912.00, '2012-11-01', 195991.00, 486951.00, 92231.00, 12291.00, 14235.00, 7943487.00, 939228.00, 865085.00, 97465.00, 16344.00000, 38156.00000, 2387.00000, 36910.00000, 59713.00000, 97997.00000, 30635.00000),
(43, 1, NULL, 3, 1.00, 490049.00000, 4.00000, 1.00000, 0.00, 3.00, 4.00, 3.00, 0.00, 4.00, 0.00, 0.00, 1.00, 1.00, 2.00, 0.00, 2.00, 4.00, 1.00, 1.00, 2.00, 3.00, 63549.00, '2012-11-01', 41933.00, 957309.00, 93650.00, 17288.00, 69625.00, 9410962.00, 292842.00, 673127.00, 84447.00, 21524.00000, 13703.00000, 85720.00000, 5193.00000, 87013.00000, 60055.00000, 59052.00000),
(44, 1, NULL, 4, 3.00, 4458409.00000, 1.00000, 1.00000, 1.00, 3.00, 4.00, 4.00, 3.00, 3.00, 3.00, 4.00, 1.00, 0.00, 3.00, 2.00, 3.00, 1.00, 0.00, 1.00, 0.00, 2.00, 15703.00, '2012-11-01', 948649.00, 35522.00, 77895.00, 9442.00, 94584.00, 4588897.00, 610240.00, 147887.00, 33817.00, 64704.00000, 21592.00000, 60409.00000, 45051.00000, 55262.00000, 48120.00000, 72322.00000),
(45, 1, NULL, 1, 1.00, 8076258.00000, 4.00000, 1.00000, 3.00, 1.00, 0.00, 2.00, 1.00, 3.00, 0.00, 0.00, 3.00, 2.00, 0.00, 0.00, 3.00, 1.00, 1.00, 1.00, 0.00, 0.00, 47072.00, '2012-12-01', 967120.00, 25494.00, 82545.00, 66877.00, 93420.00, 5920209.00, 389665.00, 273546.00, 14000.00, 46986.00000, 31740.00000, 92143.00000, 65153.00000, 879.00000, 55579.00000, 20257.00000),
(46, 1, NULL, 2, 1.00, 5589146.00000, 2.00000, 2.00000, 0.00, 3.00, 0.00, 1.00, 2.00, 0.00, 1.00, 3.00, 4.00, 2.00, 0.00, 1.00, 3.00, 0.00, 0.00, 0.00, 1.00, 2.00, 42664.00, '2012-12-01', 26875.00, 357073.00, 6264.00, 70307.00, 73084.00, 1548168.00, 584275.00, 207970.00, 75576.00, 38284.00000, 20510.00000, 7658.00000, 60186.00000, 15928.00000, 17267.00000, 46796.00000),
(47, 1, NULL, 3, 4.00, 4740457.00000, 1.00000, 3.00000, 3.00, 1.00, 2.00, 1.00, 0.00, 3.00, 2.00, 1.00, 2.00, 3.00, 2.00, 0.00, 2.00, 0.00, 0.00, 1.00, 1.00, 4.00, 90092.00, '2012-12-01', 493803.00, 881605.00, 28114.00, 95143.00, 50447.00, 4082982.00, 791583.00, 250107.00, 4342.00, 62706.00000, 62847.00000, 94422.00000, 32763.00000, 34700.00000, 55786.00000, 33641.00000),
(48, 1, NULL, 4, 2.00, 8478075.00000, 4.00000, 2.00000, 1.00, 0.00, 3.00, 3.00, 1.00, 1.00, 2.00, 0.00, 1.00, 1.00, 0.00, 3.00, 2.00, 3.00, 0.00, 3.00, 4.00, 3.00, 24992.00, '2012-12-01', 778546.00, 388370.00, 39640.00, 17610.00, 23111.00, 3871506.00, 97608.00, 407834.00, 35398.00, 79998.00000, 83383.00000, 61052.00000, 48102.00000, 72802.00000, 63006.00000, 8149.00000),
(49, 1, NULL, 1, 3.00, 6162460.00000, 3.00000, 1.00000, 1.00, 1.00, 4.00, 4.00, 0.00, 4.00, 2.00, 2.00, 1.00, 0.00, 4.00, 2.00, 3.00, 0.00, 4.00, 4.00, 3.00, 4.00, 36832.00, '2013-01-01', 361830.00, 170208.00, 30678.00, 94507.00, 81298.00, 7479334.00, 979995.00, 910057.00, 64516.00, 14691.00000, 98907.00000, 20654.00000, 67346.00000, 62673.00000, 5561.00000, 39492.00000),
(50, 1, NULL, 2, 2.00, 4698822.00000, 1.00000, 1.00000, 1.00, 1.00, 3.00, 3.00, 4.00, 0.00, 4.00, 3.00, 1.00, 3.00, 4.00, 3.00, 2.00, 0.00, 4.00, 1.00, 1.00, 3.00, 64822.00, '2013-01-01', 812244.00, 788489.00, 52436.00, 36097.00, 55281.00, 9711395.00, 430039.00, 734471.00, 81857.00, 54923.00000, 79038.00000, 91822.00000, 99455.00000, 26229.00000, 14139.00000, 43253.00000),
(51, 1, NULL, 3, 1.00, 7142645.00000, 1.00000, 1.00000, 1.00, 4.00, 0.00, 4.00, 2.00, 4.00, 4.00, 3.00, 1.00, 2.00, 3.00, 3.00, 1.00, 2.00, 3.00, 3.00, 4.00, 1.00, 32631.00, '2013-01-01', 598535.00, 189738.00, 23382.00, 14728.00, 75652.00, 7870599.00, 600813.00, 670473.00, 27780.00, 82500.00000, 7301.00000, 79242.00000, 11688.00000, 91755.00000, 28493.00000, 32586.00000),
(52, 1, NULL, 4, 2.00, 8026046.00000, 1.00000, 2.00000, 1.00, 3.00, 2.00, 1.00, 1.00, 3.00, 2.00, 3.00, 4.00, 4.00, 3.00, 0.00, 4.00, 2.00, 0.00, 1.00, 0.00, 2.00, 15125.00, '2013-01-01', 708585.00, 168970.00, 72176.00, 25689.00, 24673.00, 556461.00, 282940.00, 604062.00, 2864.00, 1046.00000, 35144.00000, 64924.00000, 47649.00000, 49856.00000, 31112.00000, 94315.00000),
(53, 1, NULL, 1, 4.00, 6435990.00000, 4.00000, 1.00000, 3.00, 0.00, 3.00, 1.00, 3.00, 2.00, 4.00, 3.00, 0.00, 2.00, 0.00, 0.00, 4.00, 4.00, 4.00, 2.00, 2.00, 4.00, 76684.00, '2013-02-01', 740394.00, 45648.00, 3879.00, 33288.00, 86628.00, 7970127.00, 694976.00, 858077.00, 69550.00, 32624.00000, 78628.00000, 78062.00000, 20650.00000, 24852.00000, 55548.00000, 83785.00000),
(54, 1, NULL, 2, 1.00, 4299515.00000, 4.00000, 3.00000, 0.00, 4.00, 4.00, 0.00, 4.00, 4.00, 3.00, 0.00, 3.00, 1.00, 0.00, 4.00, 0.00, 4.00, 0.00, 0.00, 1.00, 3.00, 31586.00, '2013-02-01', 651168.00, 795754.00, 19668.00, 30275.00, 45306.00, 7674742.00, 505867.00, 82267.00, 85790.00, 13443.00000, 24486.00000, 7591.00000, 18731.00000, 64426.00000, 14161.00000, 82318.00000),
(55, 1, NULL, 3, 4.00, 9628481.00000, 4.00000, 1.00000, 2.00, 2.00, 0.00, 3.00, 4.00, 0.00, 1.00, 3.00, 2.00, 4.00, 4.00, 2.00, 1.00, 4.00, 4.00, 0.00, 1.00, 1.00, 77362.00, '2013-02-01', 869720.00, 330820.00, 2936.00, 47461.00, 18137.00, 4629774.00, 361686.00, 144268.00, 10044.00, 11123.00000, 97213.00000, 57001.00000, 86114.00000, 10505.00000, 80954.00000, 42987.00000),
(56, 1, NULL, 4, 2.00, 9377975.00000, 2.00000, 3.00000, 1.00, 2.00, 3.00, 0.00, 4.00, 3.00, 4.00, 1.00, 1.00, 2.00, 2.00, 3.00, 0.00, 1.00, 2.00, 3.00, 1.00, 4.00, 10218.00, '2013-02-01', 149804.00, 200910.00, 7634.00, 47222.00, 38185.00, 8065326.00, 514290.00, 995464.00, 82384.00, 95983.00000, 43976.00000, 25035.00000, 84167.00000, 29920.00000, 22763.00000, 65515.00000),
(57, 1, NULL, 1, 2.00, 9858348.00000, 2.00000, 2.00000, 2.00, 4.00, 3.00, 3.00, 2.00, 4.00, 0.00, 3.00, 1.00, 4.00, 0.00, 4.00, 3.00, 1.00, 4.00, 4.00, 0.00, 3.00, 96986.00, '2013-03-01', 180361.00, 278091.00, 44218.00, 44605.00, 37927.00, 379718.00, 584747.00, 650510.00, 76324.00, 98429.00000, 71069.00000, 58043.00000, 79454.00000, 68251.00000, 1111.00000, 88406.00000),
(58, 1, NULL, 2, 4.00, 4146872.00000, 1.00000, 1.00000, 3.00, 3.00, 2.00, 1.00, 3.00, 4.00, 4.00, 4.00, 1.00, 2.00, 4.00, 0.00, 2.00, 1.00, 2.00, 0.00, 0.00, 0.00, 36666.00, '2013-03-01', 847078.00, 727894.00, 92790.00, 9267.00, 52408.00, 3814572.00, 712049.00, 645084.00, 24299.00, 19385.00000, 73088.00000, 99607.00000, 25439.00000, 29592.00000, 17255.00000, 2959.00000),
(59, 1, NULL, 3, 4.00, 8345829.00000, 3.00000, 4.00000, 1.00, 4.00, 0.00, 3.00, 1.00, 3.00, 0.00, 2.00, 2.00, 4.00, 0.00, 4.00, 0.00, 4.00, 0.00, 3.00, 0.00, 3.00, 31398.00, '2013-03-01', 810340.00, 329861.00, 84872.00, 36970.00, 47504.00, 9981553.00, 10775.00, 636278.00, 53287.00, 31504.00000, 40906.00000, 4655.00000, 49568.00000, 72887.00000, 5179.00000, 20995.00000),
(60, 1, NULL, 4, 3.00, 3656052.00000, 2.00000, 4.00000, 0.00, 2.00, 1.00, 3.00, 4.00, 3.00, 1.00, 2.00, 4.00, 1.00, 2.00, 4.00, 1.00, 3.00, 0.00, 0.00, 0.00, 4.00, 89943.00, '2013-03-01', 759836.00, 86058.00, 89042.00, 36201.00, 99217.00, 2628661.00, 241346.00, 797137.00, 79845.00, 79484.00000, 11845.00000, 54652.00000, 33621.00000, 13662.00000, 40642.00000, 20523.00000),
(61, 1, NULL, 1, 4.00, 9289127.00000, 3.00000, 2.00000, 0.00, 3.00, 2.00, 0.00, 1.00, 1.00, 1.00, 3.00, 1.00, 4.00, 1.00, 2.00, 3.00, 3.00, 0.00, 1.00, 3.00, 2.00, 2452.00, '2013-04-01', 697429.00, 660449.00, 80282.00, 39395.00, 33653.00, 8707061.00, 911951.00, 950332.00, 26012.00, 76144.00000, 39526.00000, 64690.00000, 85359.00000, 77172.00000, 8544.00000, 46955.00000),
(62, 1, NULL, 2, 3.00, -33491.00000, 4.00000, 1.00000, 1.00, 4.00, 3.00, 0.00, 4.00, 2.00, 2.00, 2.00, 0.00, 0.00, 2.00, 1.00, 4.00, 3.00, 1.00, 4.00, 3.00, 3.00, 23823.00, '2013-04-01', 223448.00, 37541.00, 8466.00, 87613.00, 62439.00, 2965001.00, 518224.00, 542414.00, 13824.00, 41111.00000, 43830.00000, 59992.00000, 43043.00000, 43711.00000, 17113.00000, 48649.00000),
(63, 1, NULL, 3, 2.00, 451798.00000, 4.00000, 1.00000, 0.00, 1.00, 1.00, 2.00, 0.00, 3.00, 4.00, 3.00, 2.00, 3.00, 2.00, 1.00, 2.00, 1.00, 3.00, 1.00, 0.00, 2.00, 65758.00, '2013-04-01', 180744.00, 376016.00, 35915.00, 63694.00, 91683.00, 7177297.00, 880852.00, 121875.00, 99195.00, 65153.00000, 11818.00000, 81940.00000, 88176.00000, 22954.00000, 10148.00000, 59100.00000),
(64, 1, NULL, 4, 4.00, 3540180.00000, 4.00000, 1.00000, 4.00, 0.00, 1.00, 3.00, 3.00, 0.00, 1.00, 3.00, 1.00, 2.00, 3.00, 0.00, 3.00, 1.00, 1.00, 3.00, 0.00, 4.00, 80379.00, '2013-04-01', 103703.00, 1427.00, 53176.00, 62082.00, 57742.00, 1474967.00, 456910.00, 215611.00, 14901.00, 67357.00000, 4220.00000, 48350.00000, 82582.00000, 10166.00000, 99759.00000, 11763.00000),
(65, 1, NULL, 1, 1.00, 5542179.00000, 3.00000, 3.00000, 3.00, 4.00, 0.00, 3.00, 0.00, 2.00, 0.00, 0.00, 4.00, 3.00, 3.00, 1.00, 1.00, 2.00, 4.00, 4.00, 1.00, 3.00, 85591.00, '2013-05-01', 445284.00, 475731.00, 87319.00, 1525.00, 9360.00, 7579648.00, 88930.00, 983403.00, 71335.00, 98179.00000, 79581.00000, 44592.00000, 14144.00000, 46161.00000, 90817.00000, 20845.00000),
(66, 1, NULL, 2, 4.00, 759113.00000, 3.00000, 1.00000, 4.00, 0.00, 0.00, 4.00, 0.00, 3.00, 1.00, 2.00, 0.00, 2.00, 1.00, 2.00, 2.00, 2.00, 4.00, 0.00, 4.00, 1.00, 24556.00, '2013-05-01', 113538.00, 865926.00, 6196.00, 59900.00, 12963.00, 8504399.00, 807010.00, 147265.00, 25057.00, 64726.00000, 6562.00000, 55992.00000, 93055.00000, 61633.00000, 83759.00000, 21299.00000),
(67, 1, NULL, 3, 2.00, 7018816.00000, 4.00000, 1.00000, 2.00, 0.00, 3.00, 3.00, 3.00, 3.00, 0.00, 3.00, 4.00, 2.00, 1.00, 4.00, 0.00, 3.00, 1.00, 1.00, 4.00, 3.00, 6237.00, '2013-05-01', 637016.00, 205224.00, 30323.00, 91825.00, 99640.00, 7026050.00, 748046.00, 325911.00, 67646.00, 94547.00000, 43821.00000, 85257.00000, 81471.00000, 57864.00000, 47494.00000, 79943.00000),
(68, 1, NULL, 4, 2.00, 2203287.00000, 2.00000, 4.00000, 4.00, 1.00, 2.00, 2.00, 1.00, 2.00, 3.00, 3.00, 1.00, 2.00, 2.00, 0.00, 2.00, 1.00, 2.00, 2.00, 4.00, 2.00, 40167.00, '2013-05-01', 495188.00, 572216.00, 96116.00, 13619.00, 21521.00, 1461265.00, 683429.00, 23240.00, 70464.00, 17931.00000, 68002.00000, 74354.00000, 87023.00000, 84088.00000, 86479.00000, 96674.00000),
(69, 1, NULL, 1, 1.00, 9866149.00000, 2.00000, 2.00000, 2.00, 4.00, 1.00, 4.00, 4.00, 2.00, 3.00, 4.00, 4.00, 4.00, 3.00, 1.00, 1.00, 3.00, 1.00, 4.00, 3.00, 0.00, 93739.00, '2013-06-01', 375696.00, 578736.00, 84937.00, 82870.00, 85170.00, 332110.00, 879169.00, 690605.00, 22976.00, 64699.00000, 99988.00000, 63483.00000, 15007.00000, 11522.00000, 57729.00000, 30135.00000),
(70, 1, NULL, 2, 2.00, 340813.00000, 1.00000, 4.00000, 1.00, 1.00, 4.00, 3.00, 4.00, 0.00, 2.00, 2.00, 4.00, 4.00, 2.00, 1.00, 1.00, 2.00, 1.00, 0.00, 3.00, 4.00, 39445.00, '2013-06-01', 752782.00, 561639.00, 78869.00, 23958.00, 72228.00, 4835720.00, 933990.00, 753686.00, 21521.00, 79268.00000, 63068.00000, 58996.00000, 98681.00000, 3762.00000, 76014.00000, 59268.00000),
(71, 1, NULL, 3, 1.00, 8797823.00000, 1.00000, 4.00000, 0.00, 2.00, 2.00, 3.00, 3.00, 3.00, 2.00, 0.00, 1.00, 1.00, 0.00, 0.00, 0.00, 1.00, 1.00, 0.00, 0.00, 3.00, 75025.00, '2013-06-01', 476291.00, 839170.00, 84970.00, 63018.00, 74223.00, 4453373.00, 2997.00, 527074.00, 52400.00, 37538.00000, 15153.00000, 86544.00000, 53559.00000, 7881.00000, 84965.00000, 72149.00000),
(72, 1, NULL, 4, 1.00, 1927493.00000, 4.00000, 1.00000, 3.00, 4.00, 2.00, 0.00, 0.00, 2.00, 3.00, 1.00, 3.00, 2.00, 2.00, 4.00, 2.00, 3.00, 3.00, 4.00, 1.00, 0.00, 24370.00, '2013-06-01', 691950.00, 455225.00, 86975.00, 92852.00, 72642.00, 84904.00, 129384.00, 802465.00, 94786.00, 78025.00000, 41452.00000, 37951.00000, 84297.00000, 67620.00000, 45770.00000, 52129.00000),
(73, 1, NULL, 1, 4.00, 6738298.00000, 2.00000, 4.00000, 3.00, 0.00, 2.00, 0.00, 3.00, 3.00, 1.00, 2.00, 3.00, 2.00, 2.00, 1.00, 1.00, 0.00, 0.00, 0.00, 3.00, 0.00, 80590.00, '2013-07-01', 241129.00, 334639.00, 76739.00, 96581.00, 12552.00, 9446857.00, 681580.00, 771037.00, 96516.00, 36155.00000, 8125.00000, 82102.00000, 5612.00000, 60874.00000, 6548.00000, 73581.00000),
(74, 1, NULL, 2, 2.00, 2271990.00000, 3.00000, 1.00000, 1.00, 4.00, 0.00, 1.00, 0.00, 0.00, 2.00, 2.00, 0.00, 0.00, 1.00, 0.00, 0.00, 3.00, 0.00, 4.00, 4.00, 4.00, 78502.00, '2013-07-01', 50603.00, 355011.00, 65323.00, 15125.00, 90357.00, 8865575.00, 867671.00, 920475.00, 22135.00, 70463.00000, 24858.00000, 34733.00000, 5268.00000, 35575.00000, 60154.00000, 18522.00000),
(75, 1, NULL, 3, 3.00, 307371.00000, 3.00000, 3.00000, 2.00, 4.00, 4.00, 2.00, 0.00, 3.00, 2.00, 0.00, 1.00, 2.00, 0.00, 1.00, 4.00, 4.00, 4.00, 2.00, 4.00, 0.00, 68036.00, '2013-07-01', 469984.00, 454611.00, 99493.00, 76304.00, 59826.00, 6543101.00, 91583.00, 303994.00, 41676.00, 55613.00000, 72228.00000, 70160.00000, 47877.00000, 94204.00000, 77538.00000, 62758.00000),
(76, 1, NULL, 4, 1.00, 1663251.00000, 4.00000, 4.00000, 2.00, 2.00, 2.00, 0.00, 2.00, 3.00, 4.00, 2.00, 4.00, 2.00, 3.00, 4.00, 1.00, 2.00, 1.00, 0.00, 2.00, 4.00, 49271.00, '2013-07-01', 380227.00, 580271.00, 19915.00, 32831.00, 34779.00, 8894212.00, 817905.00, 326532.00, 21493.00, 22519.00000, 15279.00000, 67029.00000, 57106.00000, 49261.00000, 30429.00000, 39561.00000),
(77, 1, NULL, 1, 1.00, 826794.00000, 2.00000, 2.00000, 4.00, 4.00, 4.00, 0.00, 0.00, 2.00, 4.00, 3.00, 3.00, 3.00, 1.00, 0.00, 2.00, 1.00, 1.00, 4.00, 4.00, 3.00, 36658.00, '2013-08-01', 220401.00, 399146.00, 31595.00, 8133.00, 89266.00, 5680635.00, 282754.00, 38998.00, 75527.00, 31333.00000, 82538.00000, 83697.00000, 31036.00000, 1734.00000, 1443.00000, 13578.00000),
(78, 1, NULL, 2, 1.00, 2020488.00000, 1.00000, 2.00000, 4.00, 4.00, 1.00, 4.00, 0.00, 1.00, 0.00, 3.00, 1.00, 1.00, 3.00, 4.00, 3.00, 3.00, 2.00, 4.00, 4.00, 3.00, 21733.00, '2013-08-01', 733043.00, 262312.00, 79627.00, 98927.00, 94404.00, 1038183.00, 353860.00, 559751.00, 34355.00, 28751.00000, 35877.00000, 12505.00000, 61733.00000, 71768.00000, 93662.00000, 92265.00000),
(79, 1, NULL, 3, 3.00, 9119429.00000, 2.00000, 2.00000, 2.00, 3.00, 1.00, 0.00, 2.00, 4.00, 3.00, 0.00, 0.00, 2.00, 3.00, 4.00, 0.00, 3.00, 4.00, 2.00, 1.00, 4.00, 8772.00, '2013-08-01', 797561.00, 548499.00, 21462.00, 68498.00, 20435.00, 2857894.00, 79153.00, 626912.00, 15566.00, 49990.00000, 90948.00000, 17943.00000, 79656.00000, 61125.00000, 64057.00000, 42697.00000),
(80, 1, NULL, 4, 4.00, 2331168.00000, 3.00000, 4.00000, 0.00, 1.00, 0.00, 3.00, 3.00, 3.00, 3.00, 0.00, 3.00, 0.00, 0.00, 3.00, 2.00, 2.00, 4.00, 1.00, 2.00, 4.00, 29423.00, '2013-08-01', 40268.00, 375297.00, 97394.00, 36660.00, 39524.00, 1260884.00, 37768.00, 595857.00, 7923.00, 96903.00000, 37850.00000, 59958.00000, 19643.00000, 77352.00000, 46351.00000, 11596.00000),
(81, 1, NULL, 1, 4.00, 8145642.00000, 1.00000, 3.00000, 3.00, 3.00, 0.00, 1.00, 3.00, 2.00, 1.00, 3.00, 2.00, 3.00, 3.00, 0.00, 2.00, 4.00, 2.00, 0.00, 1.00, 3.00, 8194.00, '2013-09-01', 344362.00, 227043.00, 38177.00, 31469.00, 99138.00, 3817369.00, 612937.00, 283209.00, 63215.00, 5486.00000, 69995.00000, 16965.00000, 75610.00000, 33542.00000, 86670.00000, 85638.00000),
(82, 1, NULL, 2, 2.00, 9925481.00000, 2.00000, 3.00000, 0.00, 2.00, 0.00, 1.00, 3.00, 3.00, 2.00, 3.00, 1.00, 4.00, 0.00, 0.00, 0.00, 3.00, 3.00, 3.00, 0.00, 4.00, 66718.00, '2013-09-01', 265491.00, 20139.00, 65232.00, 16744.00, 78385.00, 5260184.00, 182906.00, 663952.00, 75978.00, 3416.00000, 39591.00000, 39906.00000, 25955.00000, 84494.00000, 69471.00000, 85764.00000),
(83, 1, NULL, 3, 3.00, 5123757.00000, 2.00000, 4.00000, 1.00, 2.00, 2.00, 4.00, 0.00, 1.00, 2.00, 2.00, 3.00, 0.00, 2.00, 1.00, 2.00, 3.00, 0.00, 3.00, 4.00, 2.00, 30235.00, '2013-09-01', 838650.00, 395753.00, 76883.00, 98609.00, 41360.00, 9016501.00, 19092.00, 321463.00, 65569.00, 96939.00000, 20317.00000, 55670.00000, 16425.00000, 92098.00000, 10286.00000, 44312.00000),
(84, 1, NULL, 4, 2.00, 7465981.00000, 4.00000, 4.00000, 1.00, 1.00, 2.00, 0.00, 1.00, 4.00, 0.00, 4.00, 3.00, 3.00, 2.00, 0.00, 4.00, 2.00, 2.00, 1.00, 4.00, 3.00, 3441.00, '2013-09-01', 100251.00, 938036.00, 82557.00, 75378.00, 57600.00, 5921619.00, 562181.00, 167.00, 76367.00, 62580.00000, 57900.00000, 85309.00000, 51608.00000, 11212.00000, 71119.00000, 39871.00000),
(85, 1, NULL, 1, 4.00, 9878127.00000, 1.00000, 2.00000, 1.00, 3.00, 2.00, 3.00, 4.00, 1.00, 0.00, 2.00, 2.00, 1.00, 0.00, 3.00, 2.00, 4.00, 3.00, 3.00, 3.00, 2.00, 46200.00, '2013-10-01', 602764.00, 952930.00, 12158.00, 62250.00, 24551.00, 6609170.00, 865089.00, 288611.00, 6004.00, 76392.00000, 72727.00000, 47779.00000, 30645.00000, 70283.00000, 63490.00000, 49498.00000),
(86, 1, NULL, 2, 3.00, 7470313.00000, 3.00000, 1.00000, 1.00, 4.00, 1.00, 0.00, 2.00, 3.00, 4.00, 4.00, 1.00, 2.00, 0.00, 1.00, 1.00, 4.00, 1.00, 4.00, 4.00, 3.00, 45584.00, '2013-10-01', 177346.00, 379508.00, 58386.00, 95844.00, 2387.00, 2621606.00, 54533.00, 833260.00, 82404.00, 63556.00000, 38923.00000, 39066.00000, 2911.00000, 9979.00000, 73500.00000, 89508.00000),
(87, 1, NULL, 3, 4.00, 9236672.00000, 2.00000, 3.00000, 4.00, 4.00, 0.00, 0.00, 0.00, 0.00, 1.00, 2.00, 0.00, 3.00, 3.00, 0.00, 3.00, 2.00, 4.00, 0.00, 3.00, 0.00, 31538.00, '2013-10-01', 49328.00, 544083.00, 56836.00, 36216.00, 67368.00, 6827801.00, 654057.00, 572662.00, 58783.00, 61425.00000, 92195.00000, 67565.00000, 22347.00000, 94037.00000, 50825.00000, 49738.00000),
(88, 1, NULL, 4, 2.00, 397930.00000, 3.00000, 2.00000, 1.00, 1.00, 0.00, 1.00, 0.00, 3.00, 0.00, 4.00, 3.00, 2.00, 1.00, 4.00, 1.00, 3.00, 3.00, 1.00, 1.00, 3.00, 79065.00, '2013-10-01', 196537.00, 691497.00, 79912.00, 19468.00, 44464.00, 4569745.00, 962872.00, 963416.00, 67849.00, 70823.00000, 30648.00000, 93786.00000, 31818.00000, 96128.00000, 51180.00000, 62590.00000),
(89, 1, NULL, 1, 1.00, 6174451.00000, 1.00000, 3.00000, 0.00, 2.00, 1.00, 4.00, 4.00, 2.00, 2.00, 1.00, 3.00, 4.00, 4.00, 3.00, 1.00, 3.00, 4.00, 0.00, 4.00, 4.00, 83194.00, '2013-11-01', 428971.00, 232476.00, 7617.00, 47747.00, 77729.00, 4538122.00, 256754.00, 632846.00, 93248.00, 17651.00000, 89520.00000, 34748.00000, 70636.00000, 25523.00000, 3506.00000, 46923.00000),
(90, 1, NULL, 2, 4.00, 9451424.00000, 3.00000, 3.00000, 0.00, 1.00, 4.00, 3.00, 2.00, 3.00, 1.00, 4.00, 1.00, 0.00, 1.00, 4.00, 2.00, 0.00, 0.00, 2.00, 0.00, 0.00, 97148.00, '2013-11-01', 868943.00, 809316.00, 98914.00, 57133.00, 26186.00, 4660762.00, 410623.00, 465105.00, 92973.00, 63129.00000, 87724.00000, 2490.00000, 53286.00000, 91655.00000, 28415.00000, 32664.00000),
(91, 1, NULL, 3, 2.00, 8463095.00000, 3.00000, 1.00000, 2.00, 0.00, 3.00, 1.00, 4.00, 4.00, 3.00, 2.00, 3.00, 3.00, 2.00, 3.00, 3.00, 3.00, 4.00, 4.00, 1.00, 0.00, 76909.00, '2013-11-01', 474551.00, 556247.00, 21289.00, 42142.00, 18698.00, 5928331.00, 475842.00, 173512.00, 8429.00, 74262.00000, 31511.00000, 92869.00000, 61712.00000, 23844.00000, 56073.00000, 70718.00000),
(92, 1, NULL, 4, 1.00, 2215981.00000, 2.00000, 4.00000, 3.00, 4.00, 1.00, 2.00, 2.00, 3.00, 0.00, 4.00, 3.00, 1.00, 0.00, 4.00, 4.00, 2.00, 2.00, 2.00, 1.00, 3.00, 9929.00, '2013-11-01', 49953.00, 467892.00, 63364.00, 15842.00, 68021.00, 3471131.00, 108951.00, 533973.00, 15243.00, 89059.00000, 94462.00000, 30041.00000, 25702.00000, 7659.00000, 78818.00000, 89805.00000),
(93, 1, NULL, 1, 3.00, 1859138.00000, 4.00000, 2.00000, 4.00, 0.00, 1.00, 2.00, 2.00, 4.00, 2.00, 4.00, 1.00, 2.00, 0.00, 3.00, 2.00, 3.00, 2.00, 0.00, 4.00, 3.00, 44796.00, '2013-12-01', 42449.00, 916622.00, 68278.00, 94372.00, 89786.00, 7799863.00, 929533.00, 878762.00, 57699.00, 95762.00000, 48153.00000, 62051.00000, 21101.00000, 34620.00000, 64286.00000, 4495.00000),
(94, 1, NULL, 2, 2.00, 1151631.00000, 1.00000, 2.00000, 2.00, 1.00, 3.00, 1.00, 3.00, 3.00, 1.00, 2.00, 0.00, 0.00, 2.00, 2.00, 3.00, 3.00, 0.00, 1.00, 3.00, 2.00, 33670.00, '2013-12-01', 94011.00, 436875.00, 8518.00, 49471.00, 3988.00, 3013901.00, 572719.00, 106602.00, 22338.00, 28861.00000, 61655.00000, 98076.00000, 53296.00000, 15461.00000, 41552.00000, 19696.00000),
(95, 1, NULL, 3, 3.00, 3371079.00000, 3.00000, 3.00000, 3.00, 0.00, 3.00, 2.00, 3.00, 2.00, 1.00, 3.00, 0.00, 4.00, 0.00, 0.00, 4.00, 1.00, 3.00, 1.00, 3.00, 3.00, 1533.00, '2013-12-01', 932048.00, 954867.00, 38483.00, 87804.00, 18107.00, 4929495.00, 69848.00, 522088.00, 33713.00, 19723.00000, 19910.00000, 49678.00000, 65415.00000, 12255.00000, 29063.00000, 48964.00000),
(96, 1, NULL, 4, 4.00, 8495077.00000, 2.00000, 3.00000, 3.00, 0.00, 4.00, 2.00, 2.00, 0.00, 0.00, 3.00, 0.00, 3.00, 0.00, 0.00, 2.00, 2.00, 0.00, 2.00, 2.00, 1.00, 37233.00, '2013-12-01', 848011.00, 951372.00, 90862.00, 55610.00, 91246.00, 6900820.00, 121603.00, 10694.00, 29479.00, 17853.00000, 98661.00000, 4791.00000, 10417.00000, 89762.00000, 55635.00000, 30492.00000);

-- --------------------------------------------------------

--
-- Table structure for table `app_counterparty`
--

CREATE TABLE IF NOT EXISTS `app_counterparty` (
  `id` int(11) NOT NULL AUTO_INCREMENT,
  `name` varchar(50) NOT NULL,
  PRIMARY KEY (`id`)
) ENGINE=InnoDB  DEFAULT CHARSET=utf8 AUTO_INCREMENT=5 ;

--
-- Dumping data for table `app_counterparty`
--

INSERT INTO `app_counterparty` (`id`, `name`) VALUES
(1, 'HSBC'),
(2, 'HSBC'),
(3, 'HSBC'),
(4, 'Credit Suisse');

-- --------------------------------------------------------

--
-- Table structure for table `app_country`
--

CREATE TABLE IF NOT EXISTS `app_country` (
  `id` int(11) NOT NULL AUTO_INCREMENT,
  `name` varchar(50) NOT NULL,
  `code` varchar(3) NOT NULL,
  PRIMARY KEY (`id`)
) ENGINE=InnoDB  DEFAULT CHARSET=utf8 AUTO_INCREMENT=11 ;

--
-- Dumping data for table `app_country`
--

INSERT INTO `app_country` (`id`, `name`, `code`) VALUES
(1, 'Brazil', 'BRA'),
(2, 'Mexico', 'MEX'),
(3, 'Chile', 'CHI'),
(4, 'Peru', 'PER'),
(5, 'Singapore', 'SGN'),
(6, 'China', 'CHN'),
(7, 'Japan', 'JPN'),
(8, 'U.K', 'UNI'),
(9, 'Greece', 'GRE'),
(10, 'Spain', 'SPA');

-- --------------------------------------------------------

--
-- Table structure for table `app_countrybreakdown`
--

CREATE TABLE IF NOT EXISTS `app_countrybreakdown` (
  `id` int(11) NOT NULL AUTO_INCREMENT,
  `fund_id` int(11) NOT NULL,
  `country_id` int(11) NOT NULL,
  `holding_category_id` int(11) NOT NULL,
  `mtd` decimal(15,5) NOT NULL,
  `ytd` decimal(15,5) NOT NULL,
  `si` decimal(15,5) NOT NULL,
  `value_date` date NOT NULL,
  PRIMARY KEY (`id`),
  KEY `app_countrybreakdown_10400ffb` (`fund_id`),
  KEY `app_countrybreakdown_534dd89` (`country_id`),
  KEY `app_countrybreakdown_4ebfd118` (`holding_category_id`)
) ENGINE=InnoDB  DEFAULT CHARSET=utf8 AUTO_INCREMENT=241 ;

--
-- Dumping data for table `app_countrybreakdown`
--

INSERT INTO `app_countrybreakdown` (`id`, `fund_id`, `country_id`, `holding_category_id`, `mtd`, `ytd`, `si`, `value_date`) VALUES
(1, 1, 5, 8, 1.00000, 1.00000, 7.00000, '2012-01-01'),
(2, 1, 6, 8, 8.00000, 3.00000, 7.00000, '2012-01-01'),
(3, 1, 7, 8, 4.00000, 6.00000, 5.00000, '2012-01-01'),
(4, 1, 8, 10, 7.00000, 2.00000, 3.00000, '2012-01-01'),
(5, 1, 10, 10, 3.00000, 6.00000, 6.00000, '2012-01-01'),
(6, 1, 9, 10, 6.00000, 5.00000, 2.00000, '2012-01-01'),
(7, 1, 1, 11, 7.00000, 6.00000, 7.00000, '2012-01-01'),
(8, 1, 2, 11, 4.00000, 2.00000, 2.00000, '2012-01-01'),
(9, 1, 3, 11, 8.00000, 7.00000, 7.00000, '2012-01-01'),
(10, 1, 4, 11, 3.00000, 8.00000, 3.00000, '2012-01-01'),
(11, 1, 5, 8, 1.00000, 1.00000, 2.00000, '2012-02-01'),
(12, 1, 6, 8, 1.00000, 7.00000, 1.00000, '2012-02-01'),
(13, 1, 7, 8, 8.00000, 1.00000, 2.00000, '2012-02-01'),
(14, 1, 8, 10, 5.00000, 1.00000, 1.00000, '2012-02-01'),
(15, 1, 10, 10, 1.00000, 8.00000, 1.00000, '2012-02-01'),
(16, 1, 9, 10, 5.00000, 5.00000, 1.00000, '2012-02-01'),
(17, 1, 1, 11, 4.00000, 4.00000, 7.00000, '2012-02-01'),
(18, 1, 2, 11, 3.00000, 7.00000, 1.00000, '2012-02-01'),
(19, 1, 3, 11, 4.00000, 1.00000, 5.00000, '2012-02-01'),
(20, 1, 4, 11, 4.00000, 8.00000, 4.00000, '2012-02-01'),
(21, 1, 5, 8, 8.00000, 8.00000, 5.00000, '2012-03-01'),
(22, 1, 6, 8, 6.00000, 7.00000, 8.00000, '2012-03-01'),
(23, 1, 7, 8, 8.00000, 7.00000, 2.00000, '2012-03-01'),
(24, 1, 8, 10, 4.00000, 7.00000, 5.00000, '2012-03-01'),
(25, 1, 10, 10, 3.00000, 7.00000, 8.00000, '2012-03-01'),
(26, 1, 9, 10, 1.00000, 8.00000, 6.00000, '2012-03-01'),
(27, 1, 1, 11, 5.00000, 4.00000, 3.00000, '2012-03-01'),
(28, 1, 2, 11, 1.00000, 2.00000, 7.00000, '2012-03-01'),
(29, 1, 3, 11, 5.00000, 3.00000, 8.00000, '2012-03-01'),
(30, 1, 4, 11, 5.00000, 7.00000, 7.00000, '2012-03-01'),
(31, 1, 5, 8, 2.00000, 4.00000, 5.00000, '2012-04-01'),
(32, 1, 6, 8, 3.00000, 5.00000, 7.00000, '2012-04-01'),
(33, 1, 7, 8, 4.00000, 5.00000, 1.00000, '2012-04-01'),
(34, 1, 8, 10, 2.00000, 6.00000, 2.00000, '2012-04-01'),
(35, 1, 10, 10, 3.00000, 2.00000, 2.00000, '2012-04-01'),
(36, 1, 9, 10, 8.00000, 5.00000, 8.00000, '2012-04-01'),
(37, 1, 1, 11, 3.00000, 8.00000, 5.00000, '2012-04-01'),
(38, 1, 2, 11, 6.00000, 1.00000, 6.00000, '2012-04-01'),
(39, 1, 3, 11, 1.00000, 4.00000, 6.00000, '2012-04-01'),
(40, 1, 4, 11, 4.00000, 4.00000, 4.00000, '2012-04-01'),
(41, 1, 5, 8, 4.00000, 1.00000, 3.00000, '2012-05-01'),
(42, 1, 6, 8, 6.00000, 6.00000, 8.00000, '2012-05-01'),
(43, 1, 7, 8, 8.00000, 3.00000, 8.00000, '2012-05-01'),
(44, 1, 8, 10, 4.00000, 7.00000, 7.00000, '2012-05-01'),
(45, 1, 10, 10, 6.00000, 5.00000, 3.00000, '2012-05-01'),
(46, 1, 9, 10, 6.00000, 5.00000, 7.00000, '2012-05-01'),
(47, 1, 1, 11, 3.00000, 8.00000, 2.00000, '2012-05-01'),
(48, 1, 2, 11, 6.00000, 6.00000, 6.00000, '2012-05-01'),
(49, 1, 3, 11, 7.00000, 6.00000, 3.00000, '2012-05-01'),
(50, 1, 4, 11, 1.00000, 7.00000, 3.00000, '2012-05-01'),
(51, 1, 5, 8, 3.00000, 7.00000, 3.00000, '2012-06-01'),
(52, 1, 6, 8, 7.00000, 8.00000, 3.00000, '2012-06-01'),
(53, 1, 7, 8, 5.00000, 4.00000, 4.00000, '2012-06-01'),
(54, 1, 8, 10, 2.00000, 5.00000, 3.00000, '2012-06-01'),
(55, 1, 10, 10, 6.00000, 3.00000, 2.00000, '2012-06-01'),
(56, 1, 9, 10, 3.00000, 2.00000, 3.00000, '2012-06-01'),
(57, 1, 1, 11, 6.00000, 6.00000, 2.00000, '2012-06-01'),
(58, 1, 2, 11, 2.00000, 4.00000, 7.00000, '2012-06-01'),
(59, 1, 3, 11, 6.00000, 2.00000, 2.00000, '2012-06-01'),
(60, 1, 4, 11, 1.00000, 3.00000, 1.00000, '2012-06-01'),
(61, 1, 5, 8, 1.00000, 5.00000, 5.00000, '2012-07-01'),
(62, 1, 6, 8, 7.00000, 1.00000, 2.00000, '2012-07-01'),
(63, 1, 7, 8, 8.00000, 1.00000, 5.00000, '2012-07-01'),
(64, 1, 8, 10, 8.00000, 5.00000, 2.00000, '2012-07-01'),
(65, 1, 10, 10, 2.00000, 1.00000, 4.00000, '2012-07-01'),
(66, 1, 9, 10, 1.00000, 2.00000, 1.00000, '2012-07-01'),
(67, 1, 1, 11, 1.00000, 5.00000, 2.00000, '2012-07-01'),
(68, 1, 2, 11, 3.00000, 7.00000, 6.00000, '2012-07-01'),
(69, 1, 3, 11, 4.00000, 8.00000, 6.00000, '2012-07-01'),
(70, 1, 4, 11, 1.00000, 3.00000, 1.00000, '2012-07-01'),
(71, 1, 5, 8, 2.00000, 6.00000, 3.00000, '2012-08-01'),
(72, 1, 6, 8, 4.00000, 6.00000, 4.00000, '2012-08-01'),
(73, 1, 7, 8, 1.00000, 3.00000, 2.00000, '2012-08-01'),
(74, 1, 8, 10, 6.00000, 3.00000, 4.00000, '2012-08-01'),
(75, 1, 10, 10, 4.00000, 8.00000, 3.00000, '2012-08-01'),
(76, 1, 9, 10, 5.00000, 4.00000, 4.00000, '2012-08-01'),
(77, 1, 1, 11, 7.00000, 1.00000, 7.00000, '2012-08-01'),
(78, 1, 2, 11, 2.00000, 4.00000, 3.00000, '2012-08-01'),
(79, 1, 3, 11, 7.00000, 1.00000, 6.00000, '2012-08-01'),
(80, 1, 4, 11, 2.00000, 7.00000, 8.00000, '2012-08-01'),
(81, 1, 5, 8, 2.00000, 8.00000, 8.00000, '2012-09-01'),
(82, 1, 6, 8, 6.00000, 6.00000, 6.00000, '2012-09-01'),
(83, 1, 7, 8, 3.00000, 2.00000, 2.00000, '2012-09-01'),
(84, 1, 8, 10, 6.00000, 7.00000, 5.00000, '2012-09-01'),
(85, 1, 10, 10, 3.00000, 1.00000, 7.00000, '2012-09-01'),
(86, 1, 9, 10, 7.00000, 8.00000, 8.00000, '2012-09-01'),
(87, 1, 1, 11, 1.00000, 3.00000, 6.00000, '2012-09-01'),
(88, 1, 2, 11, 4.00000, 1.00000, 7.00000, '2012-09-01'),
(89, 1, 3, 11, 7.00000, 7.00000, 8.00000, '2012-09-01'),
(90, 1, 4, 11, 1.00000, 7.00000, 7.00000, '2012-09-01'),
(91, 1, 5, 8, 7.00000, 3.00000, 2.00000, '2012-10-01'),
(92, 1, 6, 8, 8.00000, 3.00000, 3.00000, '2012-10-01'),
(93, 1, 7, 8, 4.00000, 2.00000, 4.00000, '2012-10-01'),
(94, 1, 8, 10, 7.00000, 8.00000, 1.00000, '2012-10-01'),
(95, 1, 10, 10, 3.00000, 5.00000, 1.00000, '2012-10-01'),
(96, 1, 9, 10, 4.00000, 3.00000, 1.00000, '2012-10-01'),
(97, 1, 1, 11, 3.00000, 2.00000, 6.00000, '2012-10-01'),
(98, 1, 2, 11, 8.00000, 2.00000, 8.00000, '2012-10-01'),
(99, 1, 3, 11, 2.00000, 2.00000, 1.00000, '2012-10-01'),
(100, 1, 4, 11, 7.00000, 1.00000, 2.00000, '2012-10-01'),
(101, 1, 5, 8, 2.00000, 2.00000, 2.00000, '2012-11-01'),
(102, 1, 6, 8, 2.00000, 7.00000, 1.00000, '2012-11-01'),
(103, 1, 7, 8, 1.00000, 8.00000, 2.00000, '2012-11-01'),
(104, 1, 8, 10, 7.00000, 1.00000, 8.00000, '2012-11-01'),
(105, 1, 10, 10, 6.00000, 1.00000, 5.00000, '2012-11-01'),
(106, 1, 9, 10, 8.00000, 3.00000, 5.00000, '2012-11-01'),
(107, 1, 1, 11, 4.00000, 1.00000, 1.00000, '2012-11-01'),
(108, 1, 2, 11, 8.00000, 4.00000, 8.00000, '2012-11-01'),
(109, 1, 3, 11, 5.00000, 5.00000, 2.00000, '2012-11-01'),
(110, 1, 4, 11, 1.00000, 3.00000, 8.00000, '2012-11-01'),
(111, 1, 5, 8, 2.00000, 6.00000, 6.00000, '2012-12-01'),
(112, 1, 6, 8, 7.00000, 1.00000, 4.00000, '2012-12-01'),
(113, 1, 7, 8, 5.00000, 1.00000, 5.00000, '2012-12-01'),
(114, 1, 8, 10, 1.00000, 5.00000, 8.00000, '2012-12-01'),
(115, 1, 10, 10, 5.00000, 3.00000, 2.00000, '2012-12-01'),
(116, 1, 9, 10, 7.00000, 6.00000, 8.00000, '2012-12-01'),
(117, 1, 1, 11, 7.00000, 8.00000, 4.00000, '2012-12-01'),
(118, 1, 2, 11, 5.00000, 7.00000, 5.00000, '2012-12-01'),
(119, 1, 3, 11, 2.00000, 5.00000, 1.00000, '2012-12-01'),
(120, 1, 4, 11, 7.00000, 8.00000, 8.00000, '2012-12-01'),
(121, 1, 5, 8, 6.00000, 7.00000, 1.00000, '2013-01-01'),
(122, 1, 6, 8, 4.00000, 6.00000, 5.00000, '2013-01-01'),
(123, 1, 7, 8, 3.00000, 2.00000, 1.00000, '2013-01-01'),
(124, 1, 8, 10, 2.00000, 2.00000, 3.00000, '2013-01-01'),
(125, 1, 10, 10, 6.00000, 6.00000, 6.00000, '2013-01-01'),
(126, 1, 9, 10, 7.00000, 1.00000, 4.00000, '2013-01-01'),
(127, 1, 1, 11, 7.00000, 5.00000, 1.00000, '2013-01-01'),
(128, 1, 2, 11, 2.00000, 6.00000, 6.00000, '2013-01-01'),
(129, 1, 3, 11, 4.00000, 2.00000, 6.00000, '2013-01-01'),
(130, 1, 4, 11, 1.00000, 2.00000, 6.00000, '2013-01-01'),
(131, 1, 5, 8, 6.00000, 7.00000, 6.00000, '2013-02-01'),
(132, 1, 6, 8, 6.00000, 3.00000, 3.00000, '2013-02-01'),
(133, 1, 7, 8, 8.00000, 7.00000, 3.00000, '2013-02-01'),
(134, 1, 8, 10, 2.00000, 5.00000, 5.00000, '2013-02-01'),
(135, 1, 10, 10, 4.00000, 7.00000, 1.00000, '2013-02-01'),
(136, 1, 9, 10, 2.00000, 4.00000, 6.00000, '2013-02-01'),
(137, 1, 1, 11, 6.00000, 6.00000, 3.00000, '2013-02-01'),
(138, 1, 2, 11, 6.00000, 1.00000, 6.00000, '2013-02-01'),
(139, 1, 3, 11, 8.00000, 5.00000, 5.00000, '2013-02-01'),
(140, 1, 4, 11, 6.00000, 8.00000, 7.00000, '2013-02-01'),
(141, 1, 5, 8, 7.00000, 4.00000, 7.00000, '2013-03-01'),
(142, 1, 6, 8, 2.00000, 3.00000, 2.00000, '2013-03-01'),
(143, 1, 7, 8, 3.00000, 6.00000, 3.00000, '2013-03-01'),
(144, 1, 8, 10, 3.00000, 4.00000, 7.00000, '2013-03-01'),
(145, 1, 10, 10, 8.00000, 2.00000, 3.00000, '2013-03-01'),
(146, 1, 9, 10, 1.00000, 6.00000, 8.00000, '2013-03-01'),
(147, 1, 1, 11, 7.00000, 5.00000, 4.00000, '2013-03-01'),
(148, 1, 2, 11, 8.00000, 7.00000, 1.00000, '2013-03-01'),
(149, 1, 3, 11, 3.00000, 5.00000, 5.00000, '2013-03-01'),
(150, 1, 4, 11, 5.00000, 2.00000, 2.00000, '2013-03-01'),
(151, 1, 5, 8, 8.00000, 4.00000, 6.00000, '2013-04-01'),
(152, 1, 6, 8, 7.00000, 4.00000, 5.00000, '2013-04-01'),
(153, 1, 7, 8, 6.00000, 4.00000, 2.00000, '2013-04-01'),
(154, 1, 8, 10, 4.00000, 8.00000, 2.00000, '2013-04-01'),
(155, 1, 10, 10, 4.00000, 2.00000, 8.00000, '2013-04-01'),
(156, 1, 9, 10, 2.00000, 6.00000, 6.00000, '2013-04-01'),
(157, 1, 1, 11, 1.00000, 4.00000, 6.00000, '2013-04-01'),
(158, 1, 2, 11, 1.00000, 3.00000, 5.00000, '2013-04-01'),
(159, 1, 3, 11, 4.00000, 6.00000, 3.00000, '2013-04-01'),
(160, 1, 4, 11, 3.00000, 2.00000, 5.00000, '2013-04-01'),
(161, 1, 5, 8, 6.00000, 8.00000, 7.00000, '2013-05-01'),
(162, 1, 6, 8, 1.00000, 7.00000, 8.00000, '2013-05-01'),
(163, 1, 7, 8, 4.00000, 3.00000, 3.00000, '2013-05-01'),
(164, 1, 8, 10, 8.00000, 7.00000, 2.00000, '2013-05-01'),
(165, 1, 10, 10, 6.00000, 1.00000, 3.00000, '2013-05-01'),
(166, 1, 9, 10, 5.00000, 1.00000, 5.00000, '2013-05-01'),
(167, 1, 1, 11, 8.00000, 6.00000, 2.00000, '2013-05-01'),
(168, 1, 2, 11, 3.00000, 6.00000, 4.00000, '2013-05-01'),
(169, 1, 3, 11, 8.00000, 5.00000, 2.00000, '2013-05-01'),
(170, 1, 4, 11, 1.00000, 4.00000, 2.00000, '2013-05-01'),
(171, 1, 5, 8, 4.00000, 2.00000, 1.00000, '2013-06-01'),
(172, 1, 6, 8, 2.00000, 2.00000, 8.00000, '2013-06-01'),
(173, 1, 7, 8, 6.00000, 3.00000, 7.00000, '2013-06-01'),
(174, 1, 8, 10, 3.00000, 1.00000, 2.00000, '2013-06-01'),
(175, 1, 10, 10, 4.00000, 7.00000, 3.00000, '2013-06-01'),
(176, 1, 9, 10, 5.00000, 6.00000, 3.00000, '2013-06-01'),
(177, 1, 1, 11, 7.00000, 2.00000, 1.00000, '2013-06-01'),
(178, 1, 2, 11, 5.00000, 6.00000, 7.00000, '2013-06-01'),
(179, 1, 3, 11, 2.00000, 5.00000, 5.00000, '2013-06-01'),
(180, 1, 4, 11, 2.00000, 7.00000, 8.00000, '2013-06-01'),
(181, 1, 5, 8, 4.00000, 4.00000, 2.00000, '2013-07-01'),
(182, 1, 6, 8, 7.00000, 6.00000, 7.00000, '2013-07-01'),
(183, 1, 7, 8, 6.00000, 8.00000, 1.00000, '2013-07-01'),
(184, 1, 8, 10, 4.00000, 6.00000, 8.00000, '2013-07-01'),
(185, 1, 10, 10, 7.00000, 5.00000, 2.00000, '2013-07-01'),
(186, 1, 9, 10, 4.00000, 2.00000, 3.00000, '2013-07-01'),
(187, 1, 1, 11, 3.00000, 2.00000, 5.00000, '2013-07-01'),
(188, 1, 2, 11, 3.00000, 4.00000, 6.00000, '2013-07-01'),
(189, 1, 3, 11, 4.00000, 4.00000, 2.00000, '2013-07-01'),
(190, 1, 4, 11, 4.00000, 1.00000, 6.00000, '2013-07-01'),
(191, 1, 5, 8, 3.00000, 7.00000, 4.00000, '2013-08-01'),
(192, 1, 6, 8, 7.00000, 8.00000, 6.00000, '2013-08-01'),
(193, 1, 7, 8, 8.00000, 4.00000, 2.00000, '2013-08-01'),
(194, 1, 8, 10, 2.00000, 5.00000, 3.00000, '2013-08-01'),
(195, 1, 10, 10, 3.00000, 1.00000, 2.00000, '2013-08-01'),
(196, 1, 9, 10, 5.00000, 1.00000, 2.00000, '2013-08-01'),
(197, 1, 1, 11, 4.00000, 6.00000, 6.00000, '2013-08-01'),
(198, 1, 2, 11, 1.00000, 6.00000, 6.00000, '2013-08-01'),
(199, 1, 3, 11, 7.00000, 4.00000, 6.00000, '2013-08-01'),
(200, 1, 4, 11, 7.00000, 2.00000, 8.00000, '2013-08-01'),
(201, 1, 5, 8, 5.00000, 1.00000, 4.00000, '2013-09-01'),
(202, 1, 6, 8, 4.00000, 3.00000, 5.00000, '2013-09-01'),
(203, 1, 7, 8, 7.00000, 3.00000, 8.00000, '2013-09-01'),
(204, 1, 8, 10, 1.00000, 8.00000, 6.00000, '2013-09-01'),
(205, 1, 10, 10, 4.00000, 1.00000, 5.00000, '2013-09-01'),
(206, 1, 9, 10, 4.00000, 2.00000, 1.00000, '2013-09-01'),
(207, 1, 1, 11, 5.00000, 5.00000, 7.00000, '2013-09-01'),
(208, 1, 2, 11, 5.00000, 5.00000, 3.00000, '2013-09-01'),
(209, 1, 3, 11, 2.00000, 6.00000, 6.00000, '2013-09-01'),
(210, 1, 4, 11, 3.00000, 4.00000, 8.00000, '2013-09-01'),
(211, 1, 5, 8, 1.00000, 4.00000, 1.00000, '2013-10-01'),
(212, 1, 6, 8, 5.00000, 8.00000, 2.00000, '2013-10-01'),
(213, 1, 7, 8, 1.00000, 1.00000, 2.00000, '2013-10-01'),
(214, 1, 8, 10, 5.00000, 8.00000, 6.00000, '2013-10-01'),
(215, 1, 10, 10, 4.00000, 1.00000, 6.00000, '2013-10-01'),
(216, 1, 9, 10, 2.00000, 8.00000, 1.00000, '2013-10-01'),
(217, 1, 1, 11, 3.00000, 1.00000, 2.00000, '2013-10-01'),
(218, 1, 2, 11, 4.00000, 1.00000, 7.00000, '2013-10-01'),
(219, 1, 3, 11, 7.00000, 5.00000, 7.00000, '2013-10-01'),
(220, 1, 4, 11, 8.00000, 3.00000, 2.00000, '2013-10-01'),
(221, 1, 5, 8, 3.00000, 5.00000, 8.00000, '2013-11-01'),
(222, 1, 6, 8, 5.00000, 3.00000, 1.00000, '2013-11-01'),
(223, 1, 7, 8, 6.00000, 5.00000, 7.00000, '2013-11-01'),
(224, 1, 8, 10, 1.00000, 5.00000, 2.00000, '2013-11-01'),
(225, 1, 10, 10, 5.00000, 2.00000, 6.00000, '2013-11-01'),
(226, 1, 9, 10, 3.00000, 8.00000, 8.00000, '2013-11-01'),
(227, 1, 1, 11, 4.00000, 6.00000, 3.00000, '2013-11-01'),
(228, 1, 2, 11, 4.00000, 6.00000, 8.00000, '2013-11-01'),
(229, 1, 3, 11, 1.00000, 7.00000, 5.00000, '2013-11-01'),
(230, 1, 4, 11, 7.00000, 7.00000, 2.00000, '2013-11-01'),
(231, 1, 5, 8, 8.00000, 7.00000, 8.00000, '2013-12-01'),
(232, 1, 6, 8, 5.00000, 1.00000, 6.00000, '2013-12-01'),
(233, 1, 7, 8, 4.00000, 1.00000, 5.00000, '2013-12-01'),
(234, 1, 8, 10, 1.00000, 3.00000, 1.00000, '2013-12-01'),
(235, 1, 10, 10, 7.00000, 2.00000, 3.00000, '2013-12-01'),
(236, 1, 9, 10, 2.00000, 8.00000, 7.00000, '2013-12-01'),
(237, 1, 1, 11, 5.00000, 3.00000, 8.00000, '2013-12-01'),
(238, 1, 2, 11, 4.00000, 4.00000, 2.00000, '2013-12-01'),
(239, 1, 3, 11, 2.00000, 7.00000, 7.00000, '2013-12-01'),
(240, 1, 4, 11, 3.00000, 7.00000, 3.00000, '2013-12-01');

-- --------------------------------------------------------

--
-- Table structure for table `app_currency`
--

CREATE TABLE IF NOT EXISTS `app_currency` (
  `id` int(11) NOT NULL AUTO_INCREMENT,
  `name` varchar(50) NOT NULL,
  `code` varchar(3) NOT NULL,
  PRIMARY KEY (`id`)
) ENGINE=InnoDB  DEFAULT CHARSET=utf8 AUTO_INCREMENT=3 ;

--
-- Dumping data for table `app_currency`
--

INSERT INTO `app_currency` (`id`, `name`, `code`) VALUES
(1, 'Euro', 'EUR'),
(2, 'US Dollar', 'USD');

-- --------------------------------------------------------

--
-- Table structure for table `app_currencypositionmonth`
--

CREATE TABLE IF NOT EXISTS `app_currencypositionmonth` (
  `id` int(11) NOT NULL AUTO_INCREMENT,
  `fund_id` int(11) NOT NULL,
  `currency_id` int(11) NOT NULL,
  `nav` decimal(20,5) NOT NULL,
  `value_date` date NOT NULL,
  PRIMARY KEY (`id`),
  KEY `app_currencypositionmonth_10400ffb` (`fund_id`),
  KEY `app_currencypositionmonth_41f657b3` (`currency_id`)
) ENGINE=InnoDB  DEFAULT CHARSET=utf8 AUTO_INCREMENT=2 ;

--
-- Dumping data for table `app_currencypositionmonth`
--

INSERT INTO `app_currencypositionmonth` (`id`, `fund_id`, `currency_id`, `nav`, `value_date`) VALUES
(1, 1, 1, 21291.00000, '2013-04-27');

-- --------------------------------------------------------

--
-- Table structure for table `app_custodian`
--

CREATE TABLE IF NOT EXISTS `app_custodian` (
  `id` int(11) NOT NULL AUTO_INCREMENT,
  `name` varchar(50) NOT NULL,
  `contact_name` varchar(50) NOT NULL,
  `contact_number` varchar(50) NOT NULL,
  `performance_fee` decimal(15,5) NOT NULL,
  `management_fee` decimal(15,5) NOT NULL,
  PRIMARY KEY (`id`)
) ENGINE=InnoDB  DEFAULT CHARSET=utf8 AUTO_INCREMENT=4 ;

--
-- Dumping data for table `app_custodian`
--

INSERT INTO `app_custodian` (`id`, `name`, `contact_name`, `contact_number`, `performance_fee`, `management_fee`) VALUES
(1, 'Credit Suisse', 'Aron Simmons', '0136 666 666', 6.00000, 6.00000),
(2, 'HSBC', '0041 2225 2225 22 ', '0041 2225 2225 22', 3.00000, 4.00000),
(3, 'Private Equity', 'na', 'na', 0.00000, 0.00000);

-- --------------------------------------------------------

--
-- Table structure for table `app_expense`
--

CREATE TABLE IF NOT EXISTS `app_expense` (
  `id` int(11) NOT NULL AUTO_INCREMENT,
  PRIMARY KEY (`id`)
) ENGINE=InnoDB DEFAULT CHARSET=utf8 AUTO_INCREMENT=1 ;

-- --------------------------------------------------------

--
-- Table structure for table `app_fee`
--

CREATE TABLE IF NOT EXISTS `app_fee` (
  `id` int(11) NOT NULL AUTO_INCREMENT,
  PRIMARY KEY (`id`)
) ENGINE=InnoDB  DEFAULT CHARSET=utf8 AUTO_INCREMENT=2 ;

--
-- Dumping data for table `app_fee`
--

INSERT INTO `app_fee` (`id`) VALUES
(1);

-- --------------------------------------------------------

--
-- Table structure for table `app_fund`
--

CREATE TABLE IF NOT EXISTS `app_fund` (
  `id` int(11) NOT NULL AUTO_INCREMENT,
  `fund_type_id` int(11) NOT NULL,
  `counter_party_id` int(11) NOT NULL,
  `alarm_id` int(11) DEFAULT NULL,
  `benchmark_id` int(11) DEFAULT NULL,
  `custodian_id` int(11) NOT NULL,
  `auditor_id` int(11) NOT NULL,
  `administrator_id` int(11) NOT NULL,
  `classification_id` int(11) NOT NULL,
  `manager_id` int(11) NOT NULL,
  `name` varchar(200) DEFAULT NULL,
  `aum` decimal(20,5) NOT NULL,
  `mtd` decimal(20,5) NOT NULL,
  `ytd` decimal(20,5) NOT NULL,
  `description` varchar(2000) DEFAULT NULL,
  `subscription_frequency` smallint(6) NOT NULL,
  `redemption_frequency` smallint(6) NOT NULL,
  `performance_fee` decimal(15,5) NOT NULL,
  `management_fee` decimal(15,5) NOT NULL,
  PRIMARY KEY (`id`),
  KEY `app_fund_cf970e89` (`fund_type_id`),
  KEY `app_fund_edff8554` (`counter_party_id`),
  KEY `app_fund_fa60512a` (`alarm_id`),
  KEY `app_fund_9a65e30c` (`benchmark_id`),
  KEY `app_fund_3446845f` (`custodian_id`),
  KEY `app_fund_50ccb7fb` (`auditor_id`),
  KEY `app_fund_2e1d5b0e` (`administrator_id`),
  KEY `app_fund_337f0fda` (`classification_id`),
  KEY `app_fund_501a2222` (`manager_id`)
) ENGINE=InnoDB  DEFAULT CHARSET=utf8 AUTO_INCREMENT=2 ;

--
-- Dumping data for table `app_fund`
--

INSERT INTO `app_fund` (`id`, `fund_type_id`, `counter_party_id`, `alarm_id`, `benchmark_id`, `custodian_id`, `auditor_id`, `administrator_id`, `classification_id`, `manager_id`, `name`, `aum`, `mtd`, `ytd`, `description`, `subscription_frequency`, `redemption_frequency`, `performance_fee`, `management_fee`) VALUES
(1, 4, 1, 1, 1, 1, 1, 1, 1, 1, 'FnjLCuPd', 28085.00000, 4.00000, 2.00000, NULL, 4, 3, 2.00000, 0.00000);

-- --------------------------------------------------------

--
-- Table structure for table `app_fundbench`
--

CREATE TABLE IF NOT EXISTS `app_fundbench` (
  `id` int(11) NOT NULL AUTO_INCREMENT,
  `name` varchar(50) NOT NULL,
  `mtd` decimal(15,5) NOT NULL,
  PRIMARY KEY (`id`)
) ENGINE=InnoDB  DEFAULT CHARSET=utf8 AUTO_INCREMENT=4 ;

--
-- Dumping data for table `app_fundbench`
--

INSERT INTO `app_fundbench` (`id`, `name`, `mtd`) VALUES
(1, 'FTSE 100', 123.00000),
(2, 'EUROSTOXX 500', 123.00000),
(3, 'IBEX - 50', 123.00000);

-- --------------------------------------------------------

--
-- Table structure for table `app_fundbenchhist`
--

CREATE TABLE IF NOT EXISTS `app_fundbenchhist` (
  `id` int(11) NOT NULL AUTO_INCREMENT,
  `benchmark_id` int(11) NOT NULL,
  `value_date` date NOT NULL,
  `performance` decimal(15,5) NOT NULL,
  `drawdown` decimal(15,5) NOT NULL,
  `si` decimal(15,5) NOT NULL,
  `ann_return1` decimal(4,2) NOT NULL,
  `ann_return3` decimal(4,2) NOT NULL,
  `ann_return5` decimal(4,2) NOT NULL,
  `ann_volatility1` decimal(4,2) NOT NULL,
  `ann_volatility3` decimal(4,2) NOT NULL,
  `ann_volatility5` decimal(4,2) NOT NULL,
  `sharpe_ratio1` decimal(4,2) NOT NULL,
  `sharpe_ratio3` decimal(4,2) NOT NULL,
  `sharpe_ratio5` decimal(4,2) NOT NULL,
  `alpha1` decimal(4,2) NOT NULL,
  `alpha3` decimal(4,2) NOT NULL,
  `alpha5` decimal(4,2) NOT NULL,
  `beta1` decimal(4,2) NOT NULL,
  `beta3` decimal(4,2) NOT NULL,
  `beta5` decimal(4,2) NOT NULL,
  `correlation1` decimal(4,2) NOT NULL,
  `correlation3` decimal(4,2) NOT NULL,
  `correlation5` decimal(4,2) NOT NULL,
  PRIMARY KEY (`id`),
  KEY `app_fundbenchhist_9a65e30c` (`benchmark_id`)
) ENGINE=InnoDB  DEFAULT CHARSET=utf8 AUTO_INCREMENT=73 ;

--
-- Dumping data for table `app_fundbenchhist`
--

INSERT INTO `app_fundbenchhist` (`id`, `benchmark_id`, `value_date`, `performance`, `drawdown`, `si`, `ann_return1`, `ann_return3`, `ann_return5`, `ann_volatility1`, `ann_volatility3`, `ann_volatility5`, `sharpe_ratio1`, `sharpe_ratio3`, `sharpe_ratio5`, `alpha1`, `alpha3`, `alpha5`, `beta1`, `beta3`, `beta5`, `correlation1`, `correlation3`, `correlation5`) VALUES
(1, 1, '2012-01-01', 8.00000, 6379817.00000, 4.00000, 3.00, 3.00, 4.00, 4.00, 4.00, 0.00, 0.00, 3.00, 3.00, 4.00, 1.00, 2.00, 2.00, 0.00, 4.00, 0.00, 4.00, 2.00),
(2, 2, '2012-01-01', 4.00000, 323441.00000, 1.00000, 3.00, 2.00, 0.00, 3.00, 3.00, 3.00, 3.00, 3.00, 1.00, 3.00, 3.00, 0.00, 1.00, 2.00, 1.00, 4.00, 1.00, 4.00),
(3, 3, '2012-01-01', 3.00000, 5601432.00000, 2.00000, 1.00, 0.00, 3.00, 4.00, 4.00, 2.00, 3.00, 2.00, 2.00, 3.00, 3.00, 3.00, 3.00, 3.00, 3.00, 1.00, 2.00, 3.00),
(4, 1, '2012-02-01', 8.00000, 7127442.00000, 6.00000, 1.00, 3.00, 1.00, 0.00, 3.00, 3.00, 3.00, 3.00, 4.00, 0.00, 1.00, 3.00, 3.00, 2.00, 2.00, 1.00, 1.00, 3.00),
(5, 2, '2012-02-01', 4.00000, 8164004.00000, 1.00000, 2.00, 0.00, 0.00, 2.00, 3.00, 3.00, 3.00, 2.00, 1.00, 2.00, 2.00, 4.00, 4.00, 2.00, 0.00, 4.00, 1.00, 1.00),
(6, 3, '2012-02-01', 2.00000, 3906581.00000, 5.00000, 0.00, 1.00, 2.00, 4.00, 1.00, 4.00, 4.00, 4.00, 4.00, 4.00, 2.00, 1.00, 4.00, 4.00, 1.00, 0.00, 1.00, 0.00),
(7, 1, '2012-03-01', 6.00000, 6839920.00000, 4.00000, 2.00, 1.00, 4.00, 2.00, 2.00, 1.00, 3.00, 4.00, 4.00, 0.00, 2.00, 4.00, 4.00, 1.00, 1.00, 3.00, 4.00, 3.00),
(8, 2, '2012-03-01', 1.00000, 3244776.00000, 7.00000, 1.00, 3.00, 0.00, 1.00, 4.00, 1.00, 3.00, 4.00, 1.00, 4.00, 4.00, 2.00, 2.00, 2.00, 2.00, 1.00, 2.00, 0.00),
(9, 3, '2012-03-01', 1.00000, 1587134.00000, 8.00000, 2.00, 1.00, 0.00, 0.00, 4.00, 1.00, 4.00, 4.00, 2.00, 3.00, 2.00, 2.00, 2.00, 4.00, 3.00, 2.00, 4.00, 0.00),
(10, 1, '2012-04-01', 8.00000, 1049841.00000, 4.00000, 0.00, 0.00, 0.00, 0.00, 3.00, 1.00, 1.00, 2.00, 2.00, 0.00, 3.00, 3.00, 3.00, 2.00, 3.00, 3.00, 3.00, 4.00),
(11, 2, '2012-04-01', 6.00000, 1210328.00000, 8.00000, 4.00, 3.00, 3.00, 1.00, 3.00, 0.00, 2.00, 1.00, 2.00, 3.00, 3.00, 4.00, 1.00, 4.00, 1.00, 4.00, 0.00, 1.00),
(12, 3, '2012-04-01', 4.00000, 6583796.00000, 3.00000, 0.00, 2.00, 0.00, 4.00, 4.00, 0.00, 1.00, 2.00, 0.00, 0.00, 2.00, 4.00, 1.00, 3.00, 3.00, 1.00, 2.00, 0.00),
(13, 1, '2012-05-01', 1.00000, 6745059.00000, 1.00000, 0.00, 2.00, 1.00, 1.00, 4.00, 0.00, 4.00, 4.00, 2.00, 0.00, 1.00, 1.00, 4.00, 3.00, 0.00, 2.00, 0.00, 0.00),
(14, 2, '2012-05-01', 1.00000, 2406241.00000, 2.00000, 3.00, 0.00, 1.00, 4.00, 1.00, 0.00, 0.00, 3.00, 2.00, 2.00, 3.00, 1.00, 1.00, 4.00, 2.00, 4.00, 1.00, 1.00),
(15, 3, '2012-05-01', 4.00000, 6518000.00000, 8.00000, 1.00, 3.00, 4.00, 1.00, 0.00, 2.00, 0.00, 4.00, 0.00, 3.00, 4.00, 1.00, 0.00, 0.00, 2.00, 2.00, 3.00, 4.00),
(16, 1, '2012-06-01', 7.00000, 4712100.00000, 7.00000, 1.00, 3.00, 1.00, 1.00, 2.00, 1.00, 3.00, 0.00, 3.00, 3.00, 1.00, 1.00, 3.00, 0.00, 3.00, 1.00, 0.00, 4.00),
(17, 2, '2012-06-01', 6.00000, 446734.00000, 7.00000, 2.00, 1.00, 4.00, 3.00, 2.00, 4.00, 2.00, 0.00, 2.00, 3.00, 4.00, 4.00, 2.00, 1.00, 3.00, 2.00, 0.00, 1.00),
(18, 3, '2012-06-01', 8.00000, 1150092.00000, 7.00000, 0.00, 3.00, 1.00, 0.00, 2.00, 1.00, 1.00, 2.00, 2.00, 3.00, 0.00, 1.00, 2.00, 3.00, 0.00, 1.00, 1.00, 3.00),
(19, 1, '2012-07-01', 2.00000, 3654088.00000, 7.00000, 2.00, 3.00, 2.00, 2.00, 1.00, 1.00, 0.00, 4.00, 1.00, 4.00, 0.00, 4.00, 0.00, 1.00, 1.00, 2.00, 1.00, 4.00),
(20, 2, '2012-07-01', 1.00000, 98975.00000, 6.00000, 0.00, 4.00, 2.00, 4.00, 4.00, 2.00, 2.00, 4.00, 1.00, 4.00, 2.00, 1.00, 2.00, 2.00, 1.00, 3.00, 2.00, 0.00),
(21, 3, '2012-07-01', 6.00000, 9190336.00000, 4.00000, 0.00, 4.00, 2.00, 1.00, 1.00, 3.00, 0.00, 4.00, 4.00, 2.00, 2.00, 4.00, 3.00, 2.00, 1.00, 4.00, 4.00, 2.00),
(22, 1, '2012-08-01', 5.00000, 5044503.00000, 1.00000, 4.00, 3.00, 0.00, 4.00, 4.00, 1.00, 1.00, 3.00, 4.00, 0.00, 3.00, 2.00, 2.00, 3.00, 2.00, 2.00, 3.00, 0.00),
(23, 2, '2012-08-01', 2.00000, 6649922.00000, 7.00000, 2.00, 3.00, 4.00, 1.00, 4.00, 2.00, 0.00, 0.00, 2.00, 3.00, 1.00, 4.00, 4.00, 4.00, 0.00, 0.00, 1.00, 1.00),
(24, 3, '2012-08-01', 2.00000, 8628635.00000, 2.00000, 1.00, 3.00, 1.00, 0.00, 4.00, 1.00, 2.00, 4.00, 3.00, 0.00, 2.00, 1.00, 1.00, 4.00, 0.00, 1.00, 1.00, 0.00),
(25, 1, '2012-09-01', 6.00000, 9682080.00000, 3.00000, 0.00, 4.00, 0.00, 4.00, 4.00, 1.00, 4.00, 4.00, 3.00, 0.00, 3.00, 2.00, 2.00, 2.00, 1.00, 3.00, 1.00, 3.00),
(26, 2, '2012-09-01', 1.00000, 6973353.00000, 5.00000, 1.00, 3.00, 0.00, 0.00, 2.00, 2.00, 1.00, 1.00, 0.00, 3.00, 1.00, 4.00, 4.00, 3.00, 3.00, 3.00, 4.00, 2.00),
(27, 3, '2012-09-01', 3.00000, 5483859.00000, 7.00000, 3.00, 1.00, 3.00, 2.00, 3.00, 1.00, 4.00, 3.00, 1.00, 0.00, 2.00, 3.00, 1.00, 1.00, 2.00, 3.00, 3.00, 4.00),
(28, 1, '2012-10-01', 5.00000, 2570225.00000, 2.00000, 3.00, 1.00, 2.00, 2.00, 2.00, 3.00, 1.00, 2.00, 1.00, 3.00, 4.00, 2.00, 4.00, 1.00, 1.00, 1.00, 1.00, 1.00),
(29, 2, '2012-10-01', 4.00000, 5741436.00000, 7.00000, 0.00, 0.00, 0.00, 2.00, 1.00, 2.00, 0.00, 2.00, 1.00, 2.00, 0.00, 1.00, 4.00, 3.00, 3.00, 2.00, 1.00, 3.00),
(30, 3, '2012-10-01', 8.00000, 7479653.00000, 8.00000, 4.00, 0.00, 3.00, 3.00, 1.00, 2.00, 2.00, 3.00, 1.00, 1.00, 3.00, 0.00, 3.00, 4.00, 4.00, 4.00, 1.00, 1.00),
(31, 1, '2012-11-01', 7.00000, 9664065.00000, 2.00000, 3.00, 3.00, 3.00, 2.00, 4.00, 2.00, 2.00, 2.00, 1.00, 2.00, 4.00, 1.00, 4.00, 3.00, 4.00, 0.00, 4.00, 4.00),
(32, 2, '2012-11-01', 3.00000, 5015325.00000, 4.00000, 4.00, 0.00, 2.00, 1.00, 1.00, 1.00, 4.00, 3.00, 2.00, 2.00, 0.00, 0.00, 2.00, 0.00, 3.00, 3.00, 0.00, 4.00),
(33, 3, '2012-11-01', 1.00000, 5209174.00000, 6.00000, 1.00, 4.00, 2.00, 3.00, 2.00, 3.00, 4.00, 0.00, 1.00, 3.00, 1.00, 0.00, 0.00, 3.00, 0.00, 2.00, 3.00, 3.00),
(34, 1, '2012-12-01', 1.00000, 508407.00000, 5.00000, 3.00, 4.00, 4.00, 1.00, 2.00, 3.00, 3.00, 0.00, 1.00, 3.00, 2.00, 2.00, 1.00, 4.00, 4.00, 4.00, 1.00, 4.00),
(35, 2, '2012-12-01', 4.00000, 2064993.00000, 2.00000, 0.00, 4.00, 2.00, 2.00, 1.00, 3.00, 4.00, 1.00, 2.00, 2.00, 2.00, 0.00, 3.00, 3.00, 2.00, 3.00, 2.00, 2.00),
(36, 3, '2012-12-01', 5.00000, 6900073.00000, 5.00000, 3.00, 3.00, 2.00, 1.00, 3.00, 0.00, 0.00, 1.00, 1.00, 4.00, 4.00, 4.00, 1.00, 1.00, 2.00, 4.00, 4.00, 2.00),
(37, 1, '2013-01-01', 1.00000, 6898603.00000, 8.00000, 2.00, 1.00, 4.00, 0.00, 0.00, 0.00, 4.00, 4.00, 4.00, 2.00, 3.00, 0.00, 3.00, 0.00, 3.00, 4.00, 3.00, 0.00),
(38, 2, '2013-01-01', 6.00000, 1151499.00000, 6.00000, 2.00, 1.00, 0.00, 3.00, 2.00, 1.00, 4.00, 3.00, 4.00, 4.00, 1.00, 0.00, 2.00, 2.00, 3.00, 1.00, 3.00, 2.00),
(39, 3, '2013-01-01', 5.00000, 1484127.00000, 7.00000, 2.00, 2.00, 2.00, 4.00, 2.00, 1.00, 4.00, 0.00, 0.00, 4.00, 4.00, 3.00, 3.00, 1.00, 4.00, 4.00, 0.00, 2.00),
(40, 1, '2013-02-01', 7.00000, 2391027.00000, 1.00000, 0.00, 4.00, 3.00, 4.00, 2.00, 2.00, 3.00, 0.00, 0.00, 1.00, 0.00, 0.00, 1.00, 4.00, 4.00, 1.00, 4.00, 2.00),
(41, 2, '2013-02-01', 8.00000, 8116945.00000, 8.00000, 1.00, 2.00, 2.00, 2.00, 2.00, 4.00, 0.00, 1.00, 4.00, 4.00, 2.00, 0.00, 4.00, 1.00, 2.00, 0.00, 1.00, 4.00),
(42, 3, '2013-02-01', 2.00000, 4510995.00000, 6.00000, 1.00, 1.00, 0.00, 2.00, 2.00, 2.00, 3.00, 0.00, 3.00, 4.00, 4.00, 3.00, 2.00, 0.00, 4.00, 0.00, 3.00, 2.00),
(43, 1, '2013-03-01', 8.00000, 8957064.00000, 6.00000, 1.00, 1.00, 0.00, 4.00, 2.00, 2.00, 0.00, 2.00, 0.00, 3.00, 1.00, 4.00, 4.00, 2.00, 0.00, 1.00, 0.00, 3.00),
(44, 2, '2013-03-01', 2.00000, 4554182.00000, 2.00000, 4.00, 2.00, 1.00, 3.00, 4.00, 0.00, 0.00, 4.00, 2.00, 0.00, 2.00, 0.00, 2.00, 3.00, 2.00, 3.00, 4.00, 0.00),
(45, 3, '2013-03-01', 2.00000, 8162879.00000, 5.00000, 1.00, 4.00, 3.00, 4.00, 1.00, 4.00, 4.00, 1.00, 2.00, 3.00, 2.00, 3.00, 4.00, 4.00, 1.00, 2.00, 0.00, 0.00),
(46, 1, '2013-04-01', 5.00000, 6555756.00000, 8.00000, 3.00, 3.00, 3.00, 0.00, 0.00, 3.00, 0.00, 3.00, 3.00, 4.00, 0.00, 0.00, 2.00, 2.00, 0.00, 3.00, 4.00, 3.00),
(47, 2, '2013-04-01', 8.00000, 3329616.00000, 8.00000, 4.00, 3.00, 3.00, 2.00, 0.00, 1.00, 3.00, 1.00, 3.00, 1.00, 3.00, 1.00, 2.00, 3.00, 4.00, 0.00, 4.00, 2.00),
(48, 3, '2013-04-01', 2.00000, 6702021.00000, 3.00000, 1.00, 0.00, 3.00, 0.00, 3.00, 0.00, 2.00, 3.00, 1.00, 3.00, 4.00, 4.00, 2.00, 4.00, 1.00, 1.00, 2.00, 1.00),
(49, 1, '2013-05-01', 6.00000, 7352262.00000, 7.00000, 3.00, 0.00, 3.00, 0.00, 4.00, 2.00, 4.00, 3.00, 4.00, 4.00, 3.00, 0.00, 4.00, 1.00, 1.00, 2.00, 4.00, 2.00),
(50, 2, '2013-05-01', 3.00000, 1579219.00000, 7.00000, 0.00, 1.00, 1.00, 3.00, 3.00, 0.00, 2.00, 3.00, 1.00, 2.00, 1.00, 1.00, 2.00, 2.00, 4.00, 1.00, 2.00, 0.00),
(51, 3, '2013-05-01', 8.00000, 7683015.00000, 7.00000, 2.00, 2.00, 4.00, 1.00, 0.00, 1.00, 0.00, 1.00, 3.00, 0.00, 3.00, 3.00, 0.00, 0.00, 1.00, 0.00, 0.00, 2.00),
(52, 1, '2013-06-01', 7.00000, 7136393.00000, 7.00000, 2.00, 1.00, 1.00, 2.00, 1.00, 0.00, 2.00, 4.00, 4.00, 2.00, 2.00, 4.00, 1.00, 4.00, 4.00, 4.00, 0.00, 4.00),
(53, 2, '2013-06-01', 1.00000, 685956.00000, 4.00000, 3.00, 2.00, 2.00, 1.00, 0.00, 4.00, 4.00, 2.00, 2.00, 3.00, 0.00, 3.00, 0.00, 2.00, 2.00, 0.00, 4.00, 3.00),
(54, 3, '2013-06-01', 5.00000, 1575534.00000, 2.00000, 2.00, 1.00, 2.00, 2.00, 3.00, 2.00, 4.00, 0.00, 0.00, 2.00, 3.00, 3.00, 4.00, 1.00, 3.00, 3.00, 3.00, 0.00),
(55, 1, '2013-07-01', 2.00000, 8724736.00000, 5.00000, 0.00, 3.00, 1.00, 0.00, 4.00, 1.00, 3.00, 1.00, 4.00, 1.00, 3.00, 0.00, 0.00, 2.00, 1.00, 3.00, 1.00, 2.00),
(56, 2, '2013-07-01', 6.00000, 5066183.00000, 7.00000, 2.00, 2.00, 0.00, 0.00, 3.00, 2.00, 3.00, 4.00, 2.00, 2.00, 1.00, 1.00, 4.00, 4.00, 1.00, 1.00, 1.00, 4.00),
(57, 3, '2013-07-01', 8.00000, 8445837.00000, 8.00000, 0.00, 1.00, 0.00, 4.00, 2.00, 0.00, 2.00, 3.00, 2.00, 1.00, 4.00, 1.00, 4.00, 4.00, 1.00, 4.00, 1.00, 1.00),
(58, 1, '2013-08-01', 5.00000, 4248717.00000, 3.00000, 3.00, 0.00, 4.00, 0.00, 2.00, 2.00, 2.00, 0.00, 4.00, 3.00, 1.00, 3.00, 2.00, 2.00, 2.00, 0.00, 1.00, 0.00),
(59, 2, '2013-08-01', 1.00000, 91714.00000, 4.00000, 2.00, 1.00, 4.00, 2.00, 2.00, 1.00, 3.00, 2.00, 2.00, 0.00, 1.00, 3.00, 2.00, 0.00, 2.00, 4.00, 0.00, 0.00),
(60, 3, '2013-08-01', 2.00000, 1847842.00000, 3.00000, 3.00, 2.00, 1.00, 3.00, 0.00, 3.00, 0.00, 4.00, 1.00, 4.00, 2.00, 1.00, 3.00, 3.00, 0.00, 1.00, 2.00, 2.00),
(61, 1, '2013-09-01', 4.00000, 8378801.00000, 4.00000, 4.00, 1.00, 4.00, 0.00, 2.00, 2.00, 3.00, 1.00, 3.00, 1.00, 2.00, 0.00, 2.00, 0.00, 3.00, 0.00, 0.00, 1.00),
(62, 2, '2013-09-01', 5.00000, 9516572.00000, 1.00000, 1.00, 2.00, 1.00, 0.00, 1.00, 0.00, 0.00, 1.00, 4.00, 1.00, 0.00, 1.00, 3.00, 0.00, 2.00, 3.00, 1.00, 2.00),
(63, 3, '2013-09-01', 6.00000, 5703352.00000, 6.00000, 3.00, 1.00, 3.00, 0.00, 0.00, 1.00, 2.00, 1.00, 1.00, 0.00, 4.00, 3.00, 1.00, 4.00, 1.00, 4.00, 0.00, 0.00),
(64, 1, '2013-10-01', 1.00000, 390438.00000, 3.00000, 2.00, 3.00, 4.00, 0.00, 1.00, 4.00, 2.00, 2.00, 0.00, 1.00, 0.00, 3.00, 0.00, 4.00, 4.00, 2.00, 0.00, 3.00),
(65, 2, '2013-10-01', 4.00000, 2218992.00000, 7.00000, 1.00, 2.00, 1.00, 4.00, 4.00, 1.00, 2.00, 4.00, 0.00, 1.00, 3.00, 2.00, 3.00, 4.00, 0.00, 4.00, 4.00, 2.00),
(66, 3, '2013-10-01', 5.00000, 4410202.00000, 6.00000, 3.00, 4.00, 0.00, 1.00, 3.00, 4.00, 3.00, 1.00, 4.00, 2.00, 3.00, 0.00, 1.00, 1.00, 4.00, 3.00, 1.00, 3.00),
(67, 1, '2013-11-01', 8.00000, 3890944.00000, 3.00000, 1.00, 4.00, 4.00, 3.00, 0.00, 0.00, 1.00, 0.00, 2.00, 0.00, 4.00, 0.00, 0.00, 1.00, 1.00, 1.00, 1.00, 1.00),
(68, 2, '2013-11-01', 4.00000, 8859284.00000, 6.00000, 1.00, 0.00, 0.00, 2.00, 1.00, 0.00, 4.00, 3.00, 3.00, 0.00, 0.00, 2.00, 3.00, 4.00, 3.00, 0.00, 2.00, 4.00),
(69, 3, '2013-11-01', 6.00000, 5680136.00000, 3.00000, 3.00, 0.00, 2.00, 0.00, 1.00, 2.00, 1.00, 2.00, 3.00, 2.00, 2.00, 2.00, 0.00, 1.00, 3.00, 1.00, 4.00, 0.00),
(70, 1, '2013-12-01', 2.00000, 7750553.00000, 1.00000, 3.00, 4.00, 3.00, 4.00, 1.00, 0.00, 2.00, 2.00, 0.00, 4.00, 3.00, 0.00, 4.00, 1.00, 0.00, 2.00, 2.00, 1.00),
(71, 2, '2013-12-01', 6.00000, -66132.00000, 8.00000, 0.00, 2.00, 1.00, 0.00, 4.00, 1.00, 3.00, 1.00, 0.00, 0.00, 2.00, 0.00, 2.00, 0.00, 1.00, 3.00, 2.00, 3.00),
(72, 3, '2013-12-01', 3.00000, 2510664.00000, 1.00000, 3.00, 4.00, 3.00, 4.00, 0.00, 2.00, 4.00, 3.00, 0.00, 4.00, 0.00, 1.00, 2.00, 4.00, 3.00, 2.00, 4.00, 0.00);

-- --------------------------------------------------------

--
-- Table structure for table `app_fundbench_funds`
--

CREATE TABLE IF NOT EXISTS `app_fundbench_funds` (
  `id` int(11) NOT NULL AUTO_INCREMENT,
  `fundbench_id` int(11) NOT NULL,
  `fund_id` int(11) NOT NULL,
  PRIMARY KEY (`id`),
  UNIQUE KEY `fundbench_id` (`fundbench_id`,`fund_id`),
  KEY `app_fundbench_funds_99e4e2b8` (`fundbench_id`),
  KEY `app_fundbench_funds_10400ffb` (`fund_id`)
) ENGINE=InnoDB  DEFAULT CHARSET=utf8 AUTO_INCREMENT=4 ;

--
-- Dumping data for table `app_fundbench_funds`
--

INSERT INTO `app_fundbench_funds` (`id`, `fundbench_id`, `fund_id`) VALUES
(3, 1, 1),
(2, 2, 1),
(1, 3, 1);

-- --------------------------------------------------------

--
-- Table structure for table `app_fundperf`
--

CREATE TABLE IF NOT EXISTS `app_fundperf` (
  `id` int(11) NOT NULL AUTO_INCREMENT,
  `fund_id` int(11) NOT NULL,
  `month_id` int(11) NOT NULL,
  `performance` decimal(4,2) NOT NULL,
  `value_date` date NOT NULL,
  PRIMARY KEY (`id`),
  KEY `app_fundperf_10400ffb` (`fund_id`),
  KEY `app_fundperf_798ba507` (`month_id`)
) ENGINE=InnoDB  DEFAULT CHARSET=utf8 AUTO_INCREMENT=732 ;

--
-- Dumping data for table `app_fundperf`
--

INSERT INTO `app_fundperf` (`id`, `fund_id`, `month_id`, `performance`, `value_date`) VALUES
(1, 1, 1, 1.00, '2012-01-01'),
(2, 1, 1, 6.00, '2012-01-02'),
(3, 1, 1, 7.00, '2012-01-03'),
(4, 1, 1, 7.00, '2012-01-04'),
(5, 1, 1, 8.00, '2012-01-05'),
(6, 1, 1, 6.00, '2012-01-06'),
(7, 1, 1, 5.00, '2012-01-07'),
(8, 1, 1, 6.00, '2012-01-08'),
(9, 1, 1, 8.00, '2012-01-09'),
(10, 1, 1, 1.00, '2012-01-10'),
(11, 1, 1, 3.00, '2012-01-11'),
(12, 1, 1, 6.00, '2012-01-12'),
(13, 1, 1, 1.00, '2012-01-13'),
(14, 1, 1, 6.00, '2012-01-14'),
(15, 1, 1, 1.00, '2012-01-15'),
(16, 1, 1, 7.00, '2012-01-16'),
(17, 1, 1, 1.00, '2012-01-17'),
(18, 1, 1, 1.00, '2012-01-18'),
(19, 1, 1, 1.00, '2012-01-19'),
(20, 1, 1, 6.00, '2012-01-20'),
(21, 1, 1, 4.00, '2012-01-21'),
(22, 1, 1, 6.00, '2012-01-22'),
(23, 1, 1, 4.00, '2012-01-23'),
(24, 1, 1, 4.00, '2012-01-24'),
(25, 1, 1, 4.00, '2012-01-25'),
(26, 1, 1, 3.00, '2012-01-26'),
(27, 1, 1, 2.00, '2012-01-27'),
(28, 1, 1, 3.00, '2012-01-28'),
(29, 1, 1, 7.00, '2012-01-29'),
(30, 1, 1, 7.00, '2012-01-30'),
(31, 1, 1, 4.00, '2012-01-31'),
(32, 1, 2, 8.00, '2012-02-01'),
(33, 1, 2, 4.00, '2012-02-02'),
(34, 1, 2, 5.00, '2012-02-03'),
(35, 1, 2, 4.00, '2012-02-04'),
(36, 1, 2, 7.00, '2012-02-05'),
(37, 1, 2, 6.00, '2012-02-06'),
(38, 1, 2, 3.00, '2012-02-07'),
(39, 1, 2, 4.00, '2012-02-08'),
(40, 1, 2, 1.00, '2012-02-09'),
(41, 1, 2, 2.00, '2012-02-10'),
(42, 1, 2, 7.00, '2012-02-11'),
(43, 1, 2, 8.00, '2012-02-12'),
(44, 1, 2, 1.00, '2012-02-13'),
(45, 1, 2, 6.00, '2012-02-14'),
(46, 1, 2, 1.00, '2012-02-15'),
(47, 1, 2, 7.00, '2012-02-16'),
(48, 1, 2, 5.00, '2012-02-17'),
(49, 1, 2, 6.00, '2012-02-18'),
(50, 1, 2, 6.00, '2012-02-19'),
(51, 1, 2, 8.00, '2012-02-20'),
(52, 1, 2, 4.00, '2012-02-21'),
(53, 1, 2, 4.00, '2012-02-22'),
(54, 1, 2, 6.00, '2012-02-23'),
(55, 1, 2, 6.00, '2012-02-24'),
(56, 1, 2, 4.00, '2012-02-25'),
(57, 1, 2, 6.00, '2012-02-26'),
(58, 1, 2, 8.00, '2012-02-27'),
(59, 1, 2, 8.00, '2012-02-28'),
(60, 1, 2, 5.00, '2012-02-29'),
(61, 1, 3, 1.00, '2012-03-01'),
(62, 1, 3, 2.00, '2012-03-02'),
(63, 1, 3, 7.00, '2012-03-03'),
(64, 1, 3, 4.00, '2012-03-04'),
(65, 1, 3, 8.00, '2012-03-05'),
(66, 1, 3, 1.00, '2012-03-06'),
(67, 1, 3, 6.00, '2012-03-07'),
(68, 1, 3, 3.00, '2012-03-08'),
(69, 1, 3, 8.00, '2012-03-09'),
(70, 1, 3, 7.00, '2012-03-10'),
(71, 1, 3, 7.00, '2012-03-11'),
(72, 1, 3, 1.00, '2012-03-12'),
(73, 1, 3, 4.00, '2012-03-13'),
(74, 1, 3, 2.00, '2012-03-14'),
(75, 1, 3, 1.00, '2012-03-15'),
(76, 1, 3, 4.00, '2012-03-16'),
(77, 1, 3, 4.00, '2012-03-17'),
(78, 1, 3, 2.00, '2012-03-18'),
(79, 1, 3, 6.00, '2012-03-19'),
(80, 1, 3, 3.00, '2012-03-20'),
(81, 1, 3, 7.00, '2012-03-21'),
(82, 1, 3, 1.00, '2012-03-22'),
(83, 1, 3, 4.00, '2012-03-23'),
(84, 1, 3, 2.00, '2012-03-24'),
(85, 1, 3, 8.00, '2012-03-25'),
(86, 1, 3, 4.00, '2012-03-26'),
(87, 1, 3, 1.00, '2012-03-27'),
(88, 1, 3, 8.00, '2012-03-28'),
(89, 1, 3, 4.00, '2012-03-29'),
(90, 1, 3, 6.00, '2012-03-30'),
(91, 1, 3, 3.00, '2012-03-31'),
(92, 1, 4, 5.00, '2012-04-01'),
(93, 1, 4, 3.00, '2012-04-02'),
(94, 1, 4, 5.00, '2012-04-03'),
(95, 1, 4, 3.00, '2012-04-04'),
(96, 1, 4, 5.00, '2012-04-05'),
(97, 1, 4, 1.00, '2012-04-06'),
(98, 1, 4, 1.00, '2012-04-07'),
(99, 1, 4, 8.00, '2012-04-08'),
(100, 1, 4, 6.00, '2012-04-09'),
(101, 1, 4, 3.00, '2012-04-10'),
(102, 1, 4, 5.00, '2012-04-11'),
(103, 1, 4, 3.00, '2012-04-12'),
(104, 1, 4, 7.00, '2012-04-13'),
(105, 1, 4, 3.00, '2012-04-14'),
(106, 1, 4, 5.00, '2012-04-15'),
(107, 1, 4, 7.00, '2012-04-16'),
(108, 1, 4, 7.00, '2012-04-17'),
(109, 1, 4, 5.00, '2012-04-18'),
(110, 1, 4, 6.00, '2012-04-19'),
(111, 1, 4, 7.00, '2012-04-20'),
(112, 1, 4, 8.00, '2012-04-21'),
(113, 1, 4, 8.00, '2012-04-22'),
(114, 1, 4, 8.00, '2012-04-23'),
(115, 1, 4, 1.00, '2012-04-24'),
(116, 1, 4, 2.00, '2012-04-25'),
(117, 1, 4, 3.00, '2012-04-26'),
(118, 1, 4, 4.00, '2012-04-27'),
(119, 1, 4, 7.00, '2012-04-28'),
(120, 1, 4, 3.00, '2012-04-29'),
(121, 1, 4, 8.00, '2012-04-30'),
(122, 1, 5, 4.00, '2012-05-01'),
(123, 1, 5, 4.00, '2012-05-02'),
(124, 1, 5, 1.00, '2012-05-03'),
(125, 1, 5, 3.00, '2012-05-04'),
(126, 1, 5, 3.00, '2012-05-05'),
(127, 1, 5, 5.00, '2012-05-06'),
(128, 1, 5, 8.00, '2012-05-07'),
(129, 1, 5, 6.00, '2012-05-08'),
(130, 1, 5, 4.00, '2012-05-09'),
(131, 1, 5, 8.00, '2012-05-10'),
(132, 1, 5, 2.00, '2012-05-11'),
(133, 1, 5, 1.00, '2012-05-12'),
(134, 1, 5, 8.00, '2012-05-13'),
(135, 1, 5, 8.00, '2012-05-14'),
(136, 1, 5, 6.00, '2012-05-15'),
(137, 1, 5, 1.00, '2012-05-16'),
(138, 1, 5, 6.00, '2012-05-17'),
(139, 1, 5, 8.00, '2012-05-18'),
(140, 1, 5, 8.00, '2012-05-19'),
(141, 1, 5, 3.00, '2012-05-20'),
(142, 1, 5, 3.00, '2012-05-21'),
(143, 1, 5, 5.00, '2012-05-22'),
(144, 1, 5, 6.00, '2012-05-23'),
(145, 1, 5, 2.00, '2012-05-24'),
(146, 1, 5, 8.00, '2012-05-25'),
(147, 1, 5, 7.00, '2012-05-26'),
(148, 1, 5, 1.00, '2012-05-27'),
(149, 1, 5, 2.00, '2012-05-28'),
(150, 1, 5, 8.00, '2012-05-29'),
(151, 1, 5, 5.00, '2012-05-30'),
(152, 1, 5, 3.00, '2012-05-31'),
(153, 1, 6, 2.00, '2012-06-01'),
(154, 1, 6, 3.00, '2012-06-02'),
(155, 1, 6, 4.00, '2012-06-03'),
(156, 1, 6, 6.00, '2012-06-04'),
(157, 1, 6, 5.00, '2012-06-05'),
(158, 1, 6, 7.00, '2012-06-06'),
(159, 1, 6, 6.00, '2012-06-07'),
(160, 1, 6, 2.00, '2012-06-08'),
(161, 1, 6, 7.00, '2012-06-09'),
(162, 1, 6, 8.00, '2012-06-10'),
(163, 1, 6, 8.00, '2012-06-11'),
(164, 1, 6, 7.00, '2012-06-12'),
(165, 1, 6, 7.00, '2012-06-13'),
(166, 1, 6, 6.00, '2012-06-14'),
(167, 1, 6, 2.00, '2012-06-15'),
(168, 1, 6, 2.00, '2012-06-16'),
(169, 1, 6, 6.00, '2012-06-17'),
(170, 1, 6, 1.00, '2012-06-18'),
(171, 1, 6, 7.00, '2012-06-19'),
(172, 1, 6, 7.00, '2012-06-20'),
(173, 1, 6, 5.00, '2012-06-21'),
(174, 1, 6, 2.00, '2012-06-22'),
(175, 1, 6, 1.00, '2012-06-23'),
(176, 1, 6, 4.00, '2012-06-24'),
(177, 1, 6, 7.00, '2012-06-25'),
(178, 1, 6, 3.00, '2012-06-26'),
(179, 1, 6, 4.00, '2012-06-27'),
(180, 1, 6, 6.00, '2012-06-28'),
(181, 1, 6, 8.00, '2012-06-29'),
(182, 1, 6, 6.00, '2012-06-30'),
(183, 1, 7, 3.00, '2012-07-01'),
(184, 1, 7, 3.00, '2012-07-02'),
(185, 1, 7, 5.00, '2012-07-03'),
(186, 1, 7, 6.00, '2012-07-04'),
(187, 1, 7, 8.00, '2012-07-05'),
(188, 1, 7, 1.00, '2012-07-06'),
(189, 1, 7, 5.00, '2012-07-07'),
(190, 1, 7, 3.00, '2012-07-08'),
(191, 1, 7, 3.00, '2012-07-09'),
(192, 1, 7, 1.00, '2012-07-10'),
(193, 1, 7, 8.00, '2012-07-11'),
(194, 1, 7, 1.00, '2012-07-12'),
(195, 1, 7, 3.00, '2012-07-13'),
(196, 1, 7, 6.00, '2012-07-14'),
(197, 1, 7, 5.00, '2012-07-15'),
(198, 1, 7, 7.00, '2012-07-16'),
(199, 1, 7, 6.00, '2012-07-17'),
(200, 1, 7, 3.00, '2012-07-18'),
(201, 1, 7, 6.00, '2012-07-19'),
(202, 1, 7, 3.00, '2012-07-20'),
(203, 1, 7, 5.00, '2012-07-21'),
(204, 1, 7, 6.00, '2012-07-22'),
(205, 1, 7, 1.00, '2012-07-23'),
(206, 1, 7, 7.00, '2012-07-24'),
(207, 1, 7, 1.00, '2012-07-25'),
(208, 1, 7, 1.00, '2012-07-26'),
(209, 1, 7, 7.00, '2012-07-27'),
(210, 1, 7, 6.00, '2012-07-28'),
(211, 1, 7, 7.00, '2012-07-29'),
(212, 1, 7, 2.00, '2012-07-30'),
(213, 1, 7, 3.00, '2012-07-31'),
(214, 1, 8, 6.00, '2012-08-01'),
(215, 1, 8, 8.00, '2012-08-02'),
(216, 1, 8, 5.00, '2012-08-03'),
(217, 1, 8, 8.00, '2012-08-04'),
(218, 1, 8, 6.00, '2012-08-05'),
(219, 1, 8, 7.00, '2012-08-06'),
(220, 1, 8, 5.00, '2012-08-07'),
(221, 1, 8, 5.00, '2012-08-08'),
(222, 1, 8, 5.00, '2012-08-09'),
(223, 1, 8, 7.00, '2012-08-10'),
(224, 1, 8, 2.00, '2012-08-11'),
(225, 1, 8, 8.00, '2012-08-12'),
(226, 1, 8, 6.00, '2012-08-13'),
(227, 1, 8, 3.00, '2012-08-14'),
(228, 1, 8, 3.00, '2012-08-15'),
(229, 1, 8, 5.00, '2012-08-16'),
(230, 1, 8, 1.00, '2012-08-17'),
(231, 1, 8, 2.00, '2012-08-18'),
(232, 1, 8, 4.00, '2012-08-19'),
(233, 1, 8, 1.00, '2012-08-20'),
(234, 1, 8, 8.00, '2012-08-21'),
(235, 1, 8, 5.00, '2012-08-22'),
(236, 1, 8, 2.00, '2012-08-23'),
(237, 1, 8, 4.00, '2012-08-24'),
(238, 1, 8, 5.00, '2012-08-25'),
(239, 1, 8, 3.00, '2012-08-26'),
(240, 1, 8, 6.00, '2012-08-27'),
(241, 1, 8, 3.00, '2012-08-28'),
(242, 1, 8, 3.00, '2012-08-29'),
(243, 1, 8, 1.00, '2012-08-30'),
(244, 1, 8, 5.00, '2012-08-31'),
(245, 1, 9, 4.00, '2012-09-01'),
(246, 1, 9, 3.00, '2012-09-02'),
(247, 1, 9, 6.00, '2012-09-03'),
(248, 1, 9, 5.00, '2012-09-04'),
(249, 1, 9, 3.00, '2012-09-05'),
(250, 1, 9, 2.00, '2012-09-06'),
(251, 1, 9, 6.00, '2012-09-07'),
(252, 1, 9, 3.00, '2012-09-08'),
(253, 1, 9, 7.00, '2012-09-09'),
(254, 1, 9, 6.00, '2012-09-10'),
(255, 1, 9, 5.00, '2012-09-11'),
(256, 1, 9, 8.00, '2012-09-12'),
(257, 1, 9, 2.00, '2012-09-13'),
(258, 1, 9, 2.00, '2012-09-14'),
(259, 1, 9, 1.00, '2012-09-15'),
(260, 1, 9, 6.00, '2012-09-16'),
(261, 1, 9, 8.00, '2012-09-17'),
(262, 1, 9, 8.00, '2012-09-18'),
(263, 1, 9, 5.00, '2012-09-19'),
(264, 1, 9, 6.00, '2012-09-20'),
(265, 1, 9, 6.00, '2012-09-21'),
(266, 1, 9, 2.00, '2012-09-22'),
(267, 1, 9, 6.00, '2012-09-23'),
(268, 1, 9, 8.00, '2012-09-24'),
(269, 1, 9, 2.00, '2012-09-25'),
(270, 1, 9, 7.00, '2012-09-26'),
(271, 1, 9, 1.00, '2012-09-27'),
(272, 1, 9, 7.00, '2012-09-28'),
(273, 1, 9, 4.00, '2012-09-29'),
(274, 1, 9, 3.00, '2012-09-30'),
(275, 1, 10, 4.00, '2012-10-01'),
(276, 1, 10, 3.00, '2012-10-02'),
(277, 1, 10, 5.00, '2012-10-03'),
(278, 1, 10, 6.00, '2012-10-04'),
(279, 1, 10, 6.00, '2012-10-05'),
(280, 1, 10, 4.00, '2012-10-06'),
(281, 1, 10, 4.00, '2012-10-07'),
(282, 1, 10, 4.00, '2012-10-08'),
(283, 1, 10, 8.00, '2012-10-09'),
(284, 1, 10, 6.00, '2012-10-10'),
(285, 1, 10, 5.00, '2012-10-11'),
(286, 1, 10, 3.00, '2012-10-12'),
(287, 1, 10, 1.00, '2012-10-13'),
(288, 1, 10, 4.00, '2012-10-14'),
(289, 1, 10, 4.00, '2012-10-15'),
(290, 1, 10, 4.00, '2012-10-16'),
(291, 1, 10, 3.00, '2012-10-17'),
(292, 1, 10, 4.00, '2012-10-18'),
(293, 1, 10, 4.00, '2012-10-19'),
(294, 1, 10, 6.00, '2012-10-20'),
(295, 1, 10, 6.00, '2012-10-21'),
(296, 1, 10, 2.00, '2012-10-22'),
(297, 1, 10, 6.00, '2012-10-23'),
(298, 1, 10, 3.00, '2012-10-24'),
(299, 1, 10, 6.00, '2012-10-25'),
(300, 1, 10, 6.00, '2012-10-26'),
(301, 1, 10, 1.00, '2012-10-27'),
(302, 1, 10, 5.00, '2012-10-28'),
(303, 1, 10, 6.00, '2012-10-29'),
(304, 1, 10, 2.00, '2012-10-30'),
(305, 1, 10, 4.00, '2012-10-31'),
(306, 1, 11, 5.00, '2012-11-01'),
(307, 1, 11, 7.00, '2012-11-02'),
(308, 1, 11, 2.00, '2012-11-03'),
(309, 1, 11, 1.00, '2012-11-04'),
(310, 1, 11, 4.00, '2012-11-05'),
(311, 1, 11, 2.00, '2012-11-06'),
(312, 1, 11, 2.00, '2012-11-07'),
(313, 1, 11, 7.00, '2012-11-08'),
(314, 1, 11, 1.00, '2012-11-09'),
(315, 1, 11, 5.00, '2012-11-10'),
(316, 1, 11, 8.00, '2012-11-11'),
(317, 1, 11, 6.00, '2012-11-12'),
(318, 1, 11, 7.00, '2012-11-13'),
(319, 1, 11, 3.00, '2012-11-14'),
(320, 1, 11, 8.00, '2012-11-15'),
(321, 1, 11, 6.00, '2012-11-16'),
(322, 1, 11, 8.00, '2012-11-17'),
(323, 1, 11, 5.00, '2012-11-18'),
(324, 1, 11, 7.00, '2012-11-19'),
(325, 1, 11, 6.00, '2012-11-20'),
(326, 1, 11, 1.00, '2012-11-21'),
(327, 1, 11, 8.00, '2012-11-22'),
(328, 1, 11, 4.00, '2012-11-23'),
(329, 1, 11, 5.00, '2012-11-24'),
(330, 1, 11, 4.00, '2012-11-25'),
(331, 1, 11, 5.00, '2012-11-26'),
(332, 1, 11, 4.00, '2012-11-27'),
(333, 1, 11, 3.00, '2012-11-28'),
(334, 1, 11, 4.00, '2012-11-29'),
(335, 1, 11, 5.00, '2012-11-30'),
(336, 1, 12, 1.00, '2012-12-01'),
(337, 1, 12, 2.00, '2012-12-02'),
(338, 1, 12, 7.00, '2012-12-03'),
(339, 1, 12, 8.00, '2012-12-04'),
(340, 1, 12, 6.00, '2012-12-05'),
(341, 1, 12, 3.00, '2012-12-06'),
(342, 1, 12, 6.00, '2012-12-07'),
(343, 1, 12, 4.00, '2012-12-08'),
(344, 1, 12, 2.00, '2012-12-09'),
(345, 1, 12, 6.00, '2012-12-10'),
(346, 1, 12, 5.00, '2012-12-11'),
(347, 1, 12, 6.00, '2012-12-12'),
(348, 1, 12, 7.00, '2012-12-13'),
(349, 1, 12, 7.00, '2012-12-14'),
(350, 1, 12, 2.00, '2012-12-15'),
(351, 1, 12, 1.00, '2012-12-16'),
(352, 1, 12, 6.00, '2012-12-17'),
(353, 1, 12, 3.00, '2012-12-18'),
(354, 1, 12, 1.00, '2012-12-19'),
(355, 1, 12, 5.00, '2012-12-20'),
(356, 1, 12, 5.00, '2012-12-21'),
(357, 1, 12, 8.00, '2012-12-22'),
(358, 1, 12, 3.00, '2012-12-23'),
(359, 1, 12, 6.00, '2012-12-24'),
(360, 1, 12, 4.00, '2012-12-25'),
(361, 1, 12, 6.00, '2012-12-26'),
(362, 1, 12, 4.00, '2012-12-27'),
(363, 1, 12, 4.00, '2012-12-28'),
(364, 1, 12, 5.00, '2012-12-29'),
(365, 1, 12, 6.00, '2012-12-30'),
(366, 1, 12, 8.00, '2012-12-31'),
(367, 1, 13, 7.00, '2013-01-01'),
(368, 1, 13, 2.00, '2013-01-02'),
(369, 1, 13, 7.00, '2013-01-03'),
(370, 1, 13, 6.00, '2013-01-04'),
(371, 1, 13, 3.00, '2013-01-05'),
(372, 1, 13, 5.00, '2013-01-06'),
(373, 1, 13, 8.00, '2013-01-07'),
(374, 1, 13, 7.00, '2013-01-08'),
(375, 1, 13, 6.00, '2013-01-09'),
(376, 1, 13, 6.00, '2013-01-10'),
(377, 1, 13, 2.00, '2013-01-11'),
(378, 1, 13, 5.00, '2013-01-12'),
(379, 1, 13, 7.00, '2013-01-13'),
(380, 1, 13, 1.00, '2013-01-14'),
(381, 1, 13, 4.00, '2013-01-15'),
(382, 1, 13, 6.00, '2013-01-16'),
(383, 1, 13, 5.00, '2013-01-17'),
(384, 1, 13, 4.00, '2013-01-18'),
(385, 1, 13, 8.00, '2013-01-19'),
(386, 1, 13, 2.00, '2013-01-20'),
(387, 1, 13, 5.00, '2013-01-21'),
(388, 1, 13, 4.00, '2013-01-22'),
(389, 1, 13, 1.00, '2013-01-23'),
(390, 1, 13, 1.00, '2013-01-24'),
(391, 1, 13, 8.00, '2013-01-25'),
(392, 1, 13, 5.00, '2013-01-26'),
(393, 1, 13, 7.00, '2013-01-27'),
(394, 1, 13, 6.00, '2013-01-28'),
(395, 1, 13, 6.00, '2013-01-29'),
(396, 1, 13, 2.00, '2013-01-30'),
(397, 1, 13, 1.00, '2013-01-31'),
(398, 1, 14, 4.00, '2013-02-01'),
(399, 1, 14, 8.00, '2013-02-02'),
(400, 1, 14, 2.00, '2013-02-03'),
(401, 1, 14, 8.00, '2013-02-04'),
(402, 1, 14, 8.00, '2013-02-05'),
(403, 1, 14, 3.00, '2013-02-06'),
(404, 1, 14, 7.00, '2013-02-07'),
(405, 1, 14, 6.00, '2013-02-08'),
(406, 1, 14, 2.00, '2013-02-09'),
(407, 1, 14, 3.00, '2013-02-10'),
(408, 1, 14, 2.00, '2013-02-11'),
(409, 1, 14, 8.00, '2013-02-12'),
(410, 1, 14, 7.00, '2013-02-13'),
(411, 1, 14, 3.00, '2013-02-14'),
(412, 1, 14, 4.00, '2013-02-15'),
(413, 1, 14, 8.00, '2013-02-16'),
(414, 1, 14, 8.00, '2013-02-17'),
(415, 1, 14, 6.00, '2013-02-18'),
(416, 1, 14, 2.00, '2013-02-19'),
(417, 1, 14, 8.00, '2013-02-20'),
(418, 1, 14, 5.00, '2013-02-21'),
(419, 1, 14, 1.00, '2013-02-22'),
(420, 1, 14, 3.00, '2013-02-23'),
(421, 1, 14, 7.00, '2013-02-24'),
(422, 1, 14, 7.00, '2013-02-25'),
(423, 1, 14, 3.00, '2013-02-26'),
(424, 1, 14, 4.00, '2013-02-27'),
(425, 1, 14, 2.00, '2013-02-28'),
(426, 1, 15, 7.00, '2013-03-01'),
(427, 1, 15, 1.00, '2013-03-02'),
(428, 1, 15, 7.00, '2013-03-03'),
(429, 1, 15, 6.00, '2013-03-04'),
(430, 1, 15, 7.00, '2013-03-05'),
(431, 1, 15, 5.00, '2013-03-06'),
(432, 1, 15, 6.00, '2013-03-07'),
(433, 1, 15, 1.00, '2013-03-08'),
(434, 1, 15, 5.00, '2013-03-09'),
(435, 1, 15, 3.00, '2013-03-10'),
(436, 1, 15, 8.00, '2013-03-11'),
(437, 1, 15, 7.00, '2013-03-12'),
(438, 1, 15, 6.00, '2013-03-13'),
(439, 1, 15, 8.00, '2013-03-14'),
(440, 1, 15, 3.00, '2013-03-15'),
(441, 1, 15, 1.00, '2013-03-16'),
(442, 1, 15, 3.00, '2013-03-17'),
(443, 1, 15, 7.00, '2013-03-18'),
(444, 1, 15, 5.00, '2013-03-19'),
(445, 1, 15, 3.00, '2013-03-20'),
(446, 1, 15, 5.00, '2013-03-21'),
(447, 1, 15, 2.00, '2013-03-22'),
(448, 1, 15, 1.00, '2013-03-23'),
(449, 1, 15, 6.00, '2013-03-24'),
(450, 1, 15, 5.00, '2013-03-25'),
(451, 1, 15, 8.00, '2013-03-26'),
(452, 1, 15, 1.00, '2013-03-27'),
(453, 1, 15, 3.00, '2013-03-28'),
(454, 1, 15, 4.00, '2013-03-29'),
(455, 1, 15, 8.00, '2013-03-30'),
(456, 1, 15, 7.00, '2013-03-31'),
(457, 1, 16, 1.00, '2013-04-01'),
(458, 1, 16, 4.00, '2013-04-02'),
(459, 1, 16, 2.00, '2013-04-03'),
(460, 1, 16, 5.00, '2013-04-04'),
(461, 1, 16, 5.00, '2013-04-05'),
(462, 1, 16, 3.00, '2013-04-06'),
(463, 1, 16, 1.00, '2013-04-07'),
(464, 1, 16, 2.00, '2013-04-08'),
(465, 1, 16, 4.00, '2013-04-09'),
(466, 1, 16, 2.00, '2013-04-10'),
(467, 1, 16, 3.00, '2013-04-11'),
(468, 1, 16, 6.00, '2013-04-12'),
(469, 1, 16, 2.00, '2013-04-13'),
(470, 1, 16, 6.00, '2013-04-14'),
(471, 1, 16, 4.00, '2013-04-15'),
(472, 1, 16, 6.00, '2013-04-16'),
(473, 1, 16, 8.00, '2013-04-17'),
(474, 1, 16, 2.00, '2013-04-18'),
(475, 1, 16, 2.00, '2013-04-19'),
(476, 1, 16, 3.00, '2013-04-20'),
(477, 1, 16, 4.00, '2013-04-21'),
(478, 1, 16, 1.00, '2013-04-22'),
(479, 1, 16, 1.00, '2013-04-23'),
(480, 1, 16, 2.00, '2013-04-24'),
(481, 1, 16, 2.00, '2013-04-25'),
(482, 1, 16, 6.00, '2013-04-26'),
(483, 1, 16, 3.00, '2013-04-27'),
(484, 1, 16, 1.00, '2013-04-28'),
(485, 1, 16, 1.00, '2013-04-29'),
(486, 1, 16, 6.00, '2013-04-30'),
(487, 1, 17, 2.00, '2013-05-01'),
(488, 1, 17, 7.00, '2013-05-02'),
(489, 1, 17, 3.00, '2013-05-03'),
(490, 1, 17, 8.00, '2013-05-04'),
(491, 1, 17, 6.00, '2013-05-05'),
(492, 1, 17, 5.00, '2013-05-06'),
(493, 1, 17, 7.00, '2013-05-07'),
(494, 1, 17, 7.00, '2013-05-08'),
(495, 1, 17, 1.00, '2013-05-09'),
(496, 1, 17, 2.00, '2013-05-10'),
(497, 1, 17, 8.00, '2013-05-11'),
(498, 1, 17, 3.00, '2013-05-12'),
(499, 1, 17, 8.00, '2013-05-13'),
(500, 1, 17, 4.00, '2013-05-14'),
(501, 1, 17, 7.00, '2013-05-15'),
(502, 1, 17, 1.00, '2013-05-16'),
(503, 1, 17, 4.00, '2013-05-17'),
(504, 1, 17, 3.00, '2013-05-18'),
(505, 1, 17, 6.00, '2013-05-19'),
(506, 1, 17, 7.00, '2013-05-20'),
(507, 1, 17, 6.00, '2013-05-21'),
(508, 1, 17, 8.00, '2013-05-22'),
(509, 1, 17, 7.00, '2013-05-23'),
(510, 1, 17, 4.00, '2013-05-24'),
(511, 1, 17, 5.00, '2013-05-25'),
(512, 1, 17, 1.00, '2013-05-26'),
(513, 1, 17, 5.00, '2013-05-27'),
(514, 1, 17, 2.00, '2013-05-28'),
(515, 1, 17, 5.00, '2013-05-29'),
(516, 1, 17, 3.00, '2013-05-30'),
(517, 1, 17, 1.00, '2013-05-31'),
(518, 1, 18, 6.00, '2013-06-01'),
(519, 1, 18, 5.00, '2013-06-02'),
(520, 1, 18, 1.00, '2013-06-03'),
(521, 1, 18, 6.00, '2013-06-04'),
(522, 1, 18, 8.00, '2013-06-05'),
(523, 1, 18, 8.00, '2013-06-06'),
(524, 1, 18, 5.00, '2013-06-07'),
(525, 1, 18, 7.00, '2013-06-08'),
(526, 1, 18, 8.00, '2013-06-09'),
(527, 1, 18, 1.00, '2013-06-10'),
(528, 1, 18, 4.00, '2013-06-11'),
(529, 1, 18, 8.00, '2013-06-12'),
(530, 1, 18, 3.00, '2013-06-13'),
(531, 1, 18, 7.00, '2013-06-14'),
(532, 1, 18, 7.00, '2013-06-15'),
(533, 1, 18, 3.00, '2013-06-16'),
(534, 1, 18, 7.00, '2013-06-17'),
(535, 1, 18, 6.00, '2013-06-18'),
(536, 1, 18, 1.00, '2013-06-19'),
(537, 1, 18, 7.00, '2013-06-20'),
(538, 1, 18, 1.00, '2013-06-21'),
(539, 1, 18, 8.00, '2013-06-22'),
(540, 1, 18, 2.00, '2013-06-23'),
(541, 1, 18, 8.00, '2013-06-24'),
(542, 1, 18, 6.00, '2013-06-25'),
(543, 1, 18, 5.00, '2013-06-26'),
(544, 1, 18, 1.00, '2013-06-27'),
(545, 1, 18, 5.00, '2013-06-28'),
(546, 1, 18, 8.00, '2013-06-29'),
(547, 1, 18, 3.00, '2013-06-30'),
(548, 1, 19, 4.00, '2013-07-01'),
(549, 1, 19, 8.00, '2013-07-02'),
(550, 1, 19, 7.00, '2013-07-03'),
(551, 1, 19, 1.00, '2013-07-04'),
(552, 1, 19, 8.00, '2013-07-05'),
(553, 1, 19, 3.00, '2013-07-06'),
(554, 1, 19, 2.00, '2013-07-07'),
(555, 1, 19, 4.00, '2013-07-08'),
(556, 1, 19, 5.00, '2013-07-09'),
(557, 1, 19, 7.00, '2013-07-10'),
(558, 1, 19, 6.00, '2013-07-11'),
(559, 1, 19, 8.00, '2013-07-12'),
(560, 1, 19, 2.00, '2013-07-13'),
(561, 1, 19, 3.00, '2013-07-14'),
(562, 1, 19, 8.00, '2013-07-15'),
(563, 1, 19, 4.00, '2013-07-16'),
(564, 1, 19, 7.00, '2013-07-17'),
(565, 1, 19, 6.00, '2013-07-18'),
(566, 1, 19, 2.00, '2013-07-19'),
(567, 1, 19, 2.00, '2013-07-20'),
(568, 1, 19, 5.00, '2013-07-21'),
(569, 1, 19, 4.00, '2013-07-22'),
(570, 1, 19, 6.00, '2013-07-23'),
(571, 1, 19, 3.00, '2013-07-24'),
(572, 1, 19, 4.00, '2013-07-25'),
(573, 1, 19, 5.00, '2013-07-26'),
(574, 1, 19, 5.00, '2013-07-27'),
(575, 1, 19, 6.00, '2013-07-28'),
(576, 1, 19, 4.00, '2013-07-29'),
(577, 1, 19, 3.00, '2013-07-30'),
(578, 1, 19, 7.00, '2013-07-31'),
(579, 1, 20, 6.00, '2013-08-01'),
(580, 1, 20, 1.00, '2013-08-02'),
(581, 1, 20, 1.00, '2013-08-03'),
(582, 1, 20, 1.00, '2013-08-04'),
(583, 1, 20, 3.00, '2013-08-05'),
(584, 1, 20, 2.00, '2013-08-06'),
(585, 1, 20, 2.00, '2013-08-07'),
(586, 1, 20, 8.00, '2013-08-08'),
(587, 1, 20, 4.00, '2013-08-09'),
(588, 1, 20, 8.00, '2013-08-10'),
(589, 1, 20, 7.00, '2013-08-11'),
(590, 1, 20, 5.00, '2013-08-12'),
(591, 1, 20, 2.00, '2013-08-13'),
(592, 1, 20, 5.00, '2013-08-14'),
(593, 1, 20, 4.00, '2013-08-15'),
(594, 1, 20, 7.00, '2013-08-16'),
(595, 1, 20, 2.00, '2013-08-17'),
(596, 1, 20, 2.00, '2013-08-18'),
(597, 1, 20, 3.00, '2013-08-19'),
(598, 1, 20, 4.00, '2013-08-20'),
(599, 1, 20, 4.00, '2013-08-21'),
(600, 1, 20, 8.00, '2013-08-22'),
(601, 1, 20, 5.00, '2013-08-23'),
(602, 1, 20, 6.00, '2013-08-24'),
(603, 1, 20, 6.00, '2013-08-25'),
(604, 1, 20, 8.00, '2013-08-26'),
(605, 1, 20, 3.00, '2013-08-27'),
(606, 1, 20, 7.00, '2013-08-28'),
(607, 1, 20, 1.00, '2013-08-29'),
(608, 1, 20, 5.00, '2013-08-30'),
(609, 1, 20, 8.00, '2013-08-31'),
(610, 1, 21, 6.00, '2013-09-01'),
(611, 1, 21, 5.00, '2013-09-02'),
(612, 1, 21, 4.00, '2013-09-03'),
(613, 1, 21, 6.00, '2013-09-04'),
(614, 1, 21, 2.00, '2013-09-05'),
(615, 1, 21, 6.00, '2013-09-06'),
(616, 1, 21, 2.00, '2013-09-07'),
(617, 1, 21, 7.00, '2013-09-08'),
(618, 1, 21, 4.00, '2013-09-09'),
(619, 1, 21, 8.00, '2013-09-10'),
(620, 1, 21, 5.00, '2013-09-11'),
(621, 1, 21, 4.00, '2013-09-12'),
(622, 1, 21, 6.00, '2013-09-13'),
(623, 1, 21, 1.00, '2013-09-14'),
(624, 1, 21, 5.00, '2013-09-15'),
(625, 1, 21, 1.00, '2013-09-16'),
(626, 1, 21, 2.00, '2013-09-17'),
(627, 1, 21, 5.00, '2013-09-18'),
(628, 1, 21, 1.00, '2013-09-19'),
(629, 1, 21, 2.00, '2013-09-20'),
(630, 1, 21, 7.00, '2013-09-21'),
(631, 1, 21, 8.00, '2013-09-22'),
(632, 1, 21, 5.00, '2013-09-23'),
(633, 1, 21, 7.00, '2013-09-24'),
(634, 1, 21, 6.00, '2013-09-25'),
(635, 1, 21, 1.00, '2013-09-26'),
(636, 1, 21, 5.00, '2013-09-27'),
(637, 1, 21, 4.00, '2013-09-28'),
(638, 1, 21, 5.00, '2013-09-29'),
(639, 1, 21, 7.00, '2013-09-30'),
(640, 1, 22, 7.00, '2013-10-01'),
(641, 1, 22, 7.00, '2013-10-02'),
(642, 1, 22, 2.00, '2013-10-03'),
(643, 1, 22, 2.00, '2013-10-04'),
(644, 1, 22, 7.00, '2013-10-05'),
(645, 1, 22, 2.00, '2013-10-06'),
(646, 1, 22, 2.00, '2013-10-07'),
(647, 1, 22, 8.00, '2013-10-08'),
(648, 1, 22, 2.00, '2013-10-09'),
(649, 1, 22, 4.00, '2013-10-10'),
(650, 1, 22, 6.00, '2013-10-11'),
(651, 1, 22, 7.00, '2013-10-12'),
(652, 1, 22, 7.00, '2013-10-13'),
(653, 1, 22, 8.00, '2013-10-14'),
(654, 1, 22, 3.00, '2013-10-15'),
(655, 1, 22, 8.00, '2013-10-16'),
(656, 1, 22, 4.00, '2013-10-17'),
(657, 1, 22, 7.00, '2013-10-18'),
(658, 1, 22, 6.00, '2013-10-19'),
(659, 1, 22, 5.00, '2013-10-20'),
(660, 1, 22, 6.00, '2013-10-21'),
(661, 1, 22, 7.00, '2013-10-22'),
(662, 1, 22, 4.00, '2013-10-23'),
(663, 1, 22, 4.00, '2013-10-24'),
(664, 1, 22, 4.00, '2013-10-25'),
(665, 1, 22, 7.00, '2013-10-26'),
(666, 1, 22, 8.00, '2013-10-27'),
(667, 1, 22, 1.00, '2013-10-28'),
(668, 1, 22, 4.00, '2013-10-29'),
(669, 1, 22, 6.00, '2013-10-30'),
(670, 1, 22, 2.00, '2013-10-31'),
(671, 1, 23, 3.00, '2013-11-01'),
(672, 1, 23, 6.00, '2013-11-02'),
(673, 1, 23, 8.00, '2013-11-03'),
(674, 1, 23, 6.00, '2013-11-04'),
(675, 1, 23, 4.00, '2013-11-05'),
(676, 1, 23, 4.00, '2013-11-06'),
(677, 1, 23, 6.00, '2013-11-07'),
(678, 1, 23, 3.00, '2013-11-08'),
(679, 1, 23, 1.00, '2013-11-09'),
(680, 1, 23, 6.00, '2013-11-10'),
(681, 1, 23, 7.00, '2013-11-11'),
(682, 1, 23, 6.00, '2013-11-12'),
(683, 1, 23, 8.00, '2013-11-13'),
(684, 1, 23, 6.00, '2013-11-14'),
(685, 1, 23, 8.00, '2013-11-15'),
(686, 1, 23, 8.00, '2013-11-16'),
(687, 1, 23, 2.00, '2013-11-17'),
(688, 1, 23, 5.00, '2013-11-18'),
(689, 1, 23, 6.00, '2013-11-19'),
(690, 1, 23, 8.00, '2013-11-20'),
(691, 1, 23, 7.00, '2013-11-21'),
(692, 1, 23, 8.00, '2013-11-22'),
(693, 1, 23, 5.00, '2013-11-23'),
(694, 1, 23, 3.00, '2013-11-24'),
(695, 1, 23, 7.00, '2013-11-25'),
(696, 1, 23, 2.00, '2013-11-26'),
(697, 1, 23, 7.00, '2013-11-27'),
(698, 1, 23, 2.00, '2013-11-28'),
(699, 1, 23, 7.00, '2013-11-29'),
(700, 1, 23, 7.00, '2013-11-30'),
(701, 1, 24, 2.00, '2013-12-01'),
(702, 1, 24, 5.00, '2013-12-02'),
(703, 1, 24, 5.00, '2013-12-03'),
(704, 1, 24, 8.00, '2013-12-04'),
(705, 1, 24, 4.00, '2013-12-05'),
(706, 1, 24, 5.00, '2013-12-06'),
(707, 1, 24, 5.00, '2013-12-07'),
(708, 1, 24, 7.00, '2013-12-08'),
(709, 1, 24, 8.00, '2013-12-09'),
(710, 1, 24, 3.00, '2013-12-10'),
(711, 1, 24, 5.00, '2013-12-11'),
(712, 1, 24, 3.00, '2013-12-12'),
(713, 1, 24, 1.00, '2013-12-13'),
(714, 1, 24, 2.00, '2013-12-14'),
(715, 1, 24, 7.00, '2013-12-15'),
(716, 1, 24, 6.00, '2013-12-16'),
(717, 1, 24, 4.00, '2013-12-17'),
(718, 1, 24, 7.00, '2013-12-18'),
(719, 1, 24, 7.00, '2013-12-19'),
(720, 1, 24, 7.00, '2013-12-20'),
(721, 1, 24, 5.00, '2013-12-21'),
(722, 1, 24, 6.00, '2013-12-22'),
(723, 1, 24, 4.00, '2013-12-23'),
(724, 1, 24, 1.00, '2013-12-24'),
(725, 1, 24, 7.00, '2013-12-25'),
(726, 1, 24, 4.00, '2013-12-26'),
(727, 1, 24, 7.00, '2013-12-27'),
(728, 1, 24, 1.00, '2013-12-28'),
(729, 1, 24, 4.00, '2013-12-29'),
(730, 1, 24, 8.00, '2013-12-30'),
(731, 1, 24, 6.00, '2013-12-31');

-- --------------------------------------------------------

--
-- Table structure for table `app_fundperfmonth`
--

CREATE TABLE IF NOT EXISTS `app_fundperfmonth` (
  `id` int(11) NOT NULL AUTO_INCREMENT,
  `fund_id` int(11) NOT NULL,
  `year_id` int(11) NOT NULL,
  `performance` decimal(4,2) NOT NULL,
  `ytd` decimal(15,5) NOT NULL,
  `si` decimal(15,5) NOT NULL,
  `ann_return1` decimal(4,2) NOT NULL,
  `ann_return3` decimal(4,2) NOT NULL,
  `ann_return5` decimal(4,2) NOT NULL,
  `ann_volatility1` decimal(4,2) NOT NULL,
  `ann_volatility3` decimal(4,2) NOT NULL,
  `ann_volatility5` decimal(4,2) NOT NULL,
  `sharpe_ratio1` decimal(4,2) NOT NULL,
  `sharpe_ratio3` decimal(4,2) NOT NULL,
  `sharpe_ratio5` decimal(4,2) NOT NULL,
  `alpha1` decimal(4,2) NOT NULL,
  `alpha3` decimal(4,2) NOT NULL,
  `alpha5` decimal(4,2) NOT NULL,
  `beta1` decimal(4,2) NOT NULL,
  `beta3` decimal(4,2) NOT NULL,
  `beta5` decimal(4,2) NOT NULL,
  `correlation1` decimal(4,2) NOT NULL,
  `correlation3` decimal(4,2) NOT NULL,
  `correlation5` decimal(4,2) NOT NULL,
  `no_of_units` decimal(20,5) NOT NULL,
  `euro_nav` decimal(20,5) NOT NULL,
  `no_of_units_fund` decimal(20,5) NOT NULL,
  `euro_nav_fund` decimal(20,5) NOT NULL,
  `value_date` date NOT NULL,
  `previous_nav` decimal(20,2) NOT NULL,
  `performance_fee_added_back` decimal(20,2) NOT NULL,
  `subscription_amount` decimal(20,2) NOT NULL,
  `redemption_amount` decimal(20,2) NOT NULL,
  `net_movement` decimal(20,2) NOT NULL,
  `gross_assets_after_subs_red` decimal(20,2) NOT NULL,
  `long_portfolio` decimal(20,2) NOT NULL,
  `dividends_receivable` decimal(20,2) NOT NULL,
  `receivables` decimal(20,2) NOT NULL,
  `cash` decimal(20,2) NOT NULL,
  `accrued_interest` decimal(20,2) NOT NULL,
  `interest_receivable_on_banks` decimal(20,2) NOT NULL,
  `recv_for_transactions` decimal(20,2) NOT NULL,
  `prepaid_or_recov_amounts` decimal(20,2) NOT NULL,
  `transitory_assets` decimal(20,2) NOT NULL,
  `nav_securities` decimal(20,2) NOT NULL,
  `nav_securities_total` decimal(20,2) NOT NULL,
  `nav_cash` decimal(20,2) NOT NULL,
  `nav_other_assets` decimal(20,2) NOT NULL,
  `other_liabilities` decimal(20,2) NOT NULL,
  `other_liabilities_payable` decimal(20,2) NOT NULL,
  `securities_total` decimal(20,2) NOT NULL,
  `transaction_fee_payable` decimal(20,2) NOT NULL,
  `management_fee_payable` decimal(20,2) NOT NULL,
  `serv_act_fee_payable` decimal(20,2) NOT NULL,
  `administrator_fee_payable` decimal(20,2) NOT NULL,
  `auditor_fee_payable` decimal(20,2) NOT NULL,
  `capital_fee_payable` decimal(20,2) NOT NULL,
  `corporate_secretarial_payable` decimal(20,2) NOT NULL,
  `custodian_fee_payable` decimal(20,2) NOT NULL,
  `financial_statement_prep_payable` decimal(20,2) NOT NULL,
  `sub_advisory_fee_payable` decimal(20,2) NOT NULL,
  `performance_fee_payable` decimal(20,2) NOT NULL,
  `transaction_payable` decimal(20,2) NOT NULL,
  `total_net_asset_value` decimal(20,2) NOT NULL,
  `fet_valuation` decimal(20,2) NOT NULL,
  `management_fee` decimal(20,2) NOT NULL,
  `other_fee` decimal(20,2) NOT NULL,
  `trustee_fee` decimal(20,2) NOT NULL,
  `trustee_fee_payable` decimal(20,2) NOT NULL,
  `custodian_fee` decimal(20,2) NOT NULL,
  `auditor_fee` decimal(20,2) NOT NULL,
  `administrator_fee` decimal(20,2) NOT NULL,
  `performance_fee` decimal(20,2) NOT NULL,
  `put_options` decimal(20,2) NOT NULL,
  `call_options` decimal(20,2) NOT NULL,
  `financial_futures` decimal(20,2) NOT NULL,
  `assets_liabilities` decimal(20,2) NOT NULL,
  `total_liabilities` decimal(20,2) NOT NULL,
  `total_liabilities_payable` decimal(20,2) DEFAULT NULL,
  `inflow_euro` decimal(20,2) NOT NULL,
  `inflow_dollar` decimal(20,2) NOT NULL,
  `outflow_euro` decimal(20,2) NOT NULL,
  `outflow_dollar` decimal(20,2) NOT NULL,
  `delta_valuation` decimal(20,2) NOT NULL,
  `delta_flow` decimal(20,2) NOT NULL,
  `irr` decimal(20,2) NOT NULL,
  `drawdown` decimal(15,5) NOT NULL,
  `distribution` decimal(15,5) NOT NULL,
  `residual_commit` decimal(15,5) NOT NULL,
  `valuation` decimal(15,5) NOT NULL,
  `total_value` decimal(15,5) NOT NULL,
  `proceed` decimal(15,5) NOT NULL,
  `commit` decimal(15,5) NOT NULL,
  `various` decimal(15,5) NOT NULL,
  `assets_subtotal` decimal(20,2) NOT NULL,
  `liabilities_subtotal` decimal(20,2) NOT NULL,
  PRIMARY KEY (`id`),
  KEY `app_fundperfmonth_10400ffb` (`fund_id`),
  KEY `app_fundperfmonth_15a19819` (`year_id`)
) ENGINE=InnoDB  DEFAULT CHARSET=utf8 AUTO_INCREMENT=25 ;

--
-- Dumping data for table `app_fundperfmonth`
--

INSERT INTO `app_fundperfmonth` (`id`, `fund_id`, `year_id`, `performance`, `ytd`, `si`, `ann_return1`, `ann_return3`, `ann_return5`, `ann_volatility1`, `ann_volatility3`, `ann_volatility5`, `sharpe_ratio1`, `sharpe_ratio3`, `sharpe_ratio5`, `alpha1`, `alpha3`, `alpha5`, `beta1`, `beta3`, `beta5`, `correlation1`, `correlation3`, `correlation5`, `no_of_units`, `euro_nav`, `no_of_units_fund`, `euro_nav_fund`, `value_date`, `previous_nav`, `performance_fee_added_back`, `subscription_amount`, `redemption_amount`, `net_movement`, `gross_assets_after_subs_red`, `long_portfolio`, `dividends_receivable`, `receivables`, `cash`, `accrued_interest`, `interest_receivable_on_banks`, `recv_for_transactions`, `prepaid_or_recov_amounts`, `transitory_assets`, `nav_securities`, `nav_securities_total`, `nav_cash`, `nav_other_assets`, `other_liabilities`, `other_liabilities_payable`, `securities_total`, `transaction_fee_payable`, `management_fee_payable`, `serv_act_fee_payable`, `administrator_fee_payable`, `auditor_fee_payable`, `capital_fee_payable`, `corporate_secretarial_payable`, `custodian_fee_payable`, `financial_statement_prep_payable`, `sub_advisory_fee_payable`, `performance_fee_payable`, `transaction_payable`, `total_net_asset_value`, `fet_valuation`, `management_fee`, `other_fee`, `trustee_fee`, `trustee_fee_payable`, `custodian_fee`, `auditor_fee`, `administrator_fee`, `performance_fee`, `put_options`, `call_options`, `financial_futures`, `assets_liabilities`, `total_liabilities`, `total_liabilities_payable`, `inflow_euro`, `inflow_dollar`, `outflow_euro`, `outflow_dollar`, `delta_valuation`, `delta_flow`, `irr`, `drawdown`, `distribution`, `residual_commit`, `valuation`, `total_value`, `proceed`, `commit`, `various`, `assets_subtotal`, `liabilities_subtotal`) VALUES
(1, 1, 1, 3.00, 4.00000, 2.00000, 3.00, 2.00, 0.00, 3.00, 4.00, 2.00, 4.00, 0.00, 0.00, 2.00, 3.00, 4.00, 0.00, 4.00, 3.00, 0.00, 1.00, 1.00, 551.00000, 3616377.00000, 745.00000, 227.00000, '2012-01-01', 69489.00, 359.00, 9368.00, 1303.00, 17947.00, 432704.00, 1490.00, 7479.00, 9489.00, 3158.00, 5848.00, 7723.00, 2475.00, 9241.00, 7205.00, 664465.00, 7463.00, 32989.00, 142215.00, 5945.00, 7531.00, 9307.00, 7157.00, 9322.00, 5023.00, 4494.00, 7205.00, 2506.00, 2564.00, 5499.00, 9749.00, 7572.00, 1893.00, 9176.00, 2480.00, 4501.00, 81575.00, 2.00, 1.00, 1.00, 2.00, 1.00, 1.00, 61049.00, 7781.00, 9401.00, 6789.00, 1773.00, 7366.00, 43651.94, 76822.00, 4341.00, 64828.00, 12194.00, 99472.00, 31384.00, 65202.00, 21315.00000, 87756.00000, 8755.00000, 72897.00000, 82534.00000, 15926.00000, 17337.00000, 60808.00000, 1513.00, 1476.00),
(2, 1, 1, 3.00, 3.00000, 2.00000, 4.00, 1.00, 2.00, 4.00, 0.00, 2.00, 0.00, 3.00, 1.00, 0.00, 1.00, 1.00, 2.00, 2.00, 0.00, 2.00, 3.00, 4.00, 7848.00000, 3222586.00000, 5250.00000, 3.00000, '2012-02-01', 455112.00, 904.00, 72205.00, 5687.00, 51887.00, 700118.00, 9939.00, 2911.00, 9954.00, 5056.00, 9822.00, 770.00, 3405.00, 6239.00, 6889.00, 90094.00, 1423.00, 248664.00, 108836.00, 6775.00, 5610.00, 7541.00, 2677.00, 3497.00, 6582.00, 2666.00, 8146.00, 9203.00, 3461.00, 9510.00, 7660.00, 3906.00, 3439.00, 7047.00, 6363.00, 7605.00, 71361.00, 1.00, 2.00, 1.00, 2.00, 2.00, 2.00, 80861.00, 5402.00, 7047.00, 5710.00, 7204.00, 1373.00, 43651.94, 73966.00, 22155.00, 29618.00, 72991.00, 84193.00, 41314.00, 47511.00, 91903.00000, 89269.00000, 95120.00000, 49322.00000, 95074.00000, 67838.00000, 75237.00000, 98954.00000, 1616.00, 1307.00),
(3, 1, 1, 3.00, 2.00000, 2.00000, 4.00, 3.00, 3.00, 3.00, 3.00, 1.00, 4.00, 1.00, 0.00, 1.00, 1.00, 3.00, 0.00, 4.00, 1.00, 0.00, 2.00, 4.00, 6414.00000, 158101.00000, 4223.00000, 853.00000, '2012-03-01', 116140.00, 893.00, 46976.00, 4109.00, 78257.00, 182461.00, 8176.00, 6992.00, 5741.00, 8992.00, 1942.00, 7870.00, 8366.00, 5526.00, 6805.00, 397203.00, 5794.00, 427379.00, 63312.00, 5258.00, 5757.00, 8171.00, 2587.00, 4626.00, 8933.00, 3697.00, 2021.00, 4387.00, 1873.00, 2707.00, 5822.00, 3367.00, 887.00, 3143.00, 7895.00, 4564.00, 56684.00, 2.00, 1.00, 2.00, 1.00, 1.00, 1.00, 64657.00, 6289.00, 8769.00, 8779.00, 3203.00, 6694.00, 43651.94, 22046.00, 49826.00, 60937.00, 6842.00, 75705.00, 1851.00, 33319.00, 54602.00000, 89447.00000, 34939.00000, 3686.00000, 40080.00000, 74038.00000, 96298.00000, 62112.00000, 438.00, 747.00),
(4, 1, 1, 3.00, 3.00000, 3.00000, 2.00, 2.00, 0.00, 2.00, 0.00, 2.00, 3.00, 1.00, 2.00, 3.00, 2.00, 3.00, 0.00, 4.00, 3.00, 1.00, 4.00, 0.00, 7167.00000, 3576321.00000, 5013.00000, 9200.00000, '2012-04-01', 127004.00, 695.00, 80471.00, 1574.00, 77116.00, 58840.00, 6492.00, 3535.00, 5333.00, 8556.00, 4962.00, 969.00, 6202.00, 8098.00, 9723.00, 842898.00, 3388.00, 489251.00, 303588.00, 7006.00, 7338.00, 8335.00, 7961.00, 7127.00, 5096.00, 3033.00, 3906.00, 5549.00, 704.00, 1933.00, 3250.00, 5489.00, 6499.00, 3226.00, 3677.00, 41.00, 67514.00, 2.00, 1.00, 2.00, 2.00, 1.00, 1.00, 52272.00, 8758.00, 8360.00, 7256.00, 3562.00, 7065.00, 43651.94, 92279.00, 34253.00, 48196.00, 91621.00, 51342.00, 54690.00, 59580.00, 5199.00000, 14114.00000, 31611.00000, 6638.00000, 95540.00000, 34274.00000, 2942.00000, 3616.00000, 1007.00, 5973.00),
(5, 1, 1, 2.00, 4.00000, 3.00000, 3.00, 1.00, 0.00, 1.00, 2.00, 2.00, 0.00, 0.00, 1.00, 1.00, 4.00, 2.00, 1.00, 1.00, 0.00, 0.00, 3.00, 1.00, 451.00000, 9862041.00000, 6412.00000, 2368.00000, '2012-05-01', 403044.00, 10.00, 77365.00, 8408.00, 28696.00, 28717.00, 902.00, 7723.00, 7562.00, 4222.00, 5858.00, 1237.00, 7357.00, 5781.00, 6637.00, 135574.00, 7693.00, 590379.00, 776266.00, 5395.00, 9665.00, 8486.00, 8852.00, 8091.00, 5028.00, 6058.00, 5914.00, 3124.00, 658.00, 678.00, 211.00, 4462.00, 8195.00, 6572.00, 213.00, 8294.00, 96912.00, 1.00, 1.00, 1.00, 1.00, 1.00, 2.00, 86974.00, 8839.00, 5468.00, 7466.00, 9687.00, 4713.00, 43651.94, 62297.00, 36585.00, 59615.00, 91488.00, 75888.00, 8034.00, 25217.00, 77979.00000, 77887.00000, 25640.00000, 63314.00000, 70646.00000, 21718.00000, 7436.00000, 86528.00000, 9942.00, 5203.00),
(6, 1, 1, 3.00, 3.00000, 4.00000, 0.00, 3.00, 1.00, 3.00, 0.00, 3.00, 4.00, 4.00, 2.00, 4.00, 1.00, 0.00, 4.00, 1.00, 2.00, 3.00, 1.00, 3.00, 861.00000, 1910896.00000, 6047.00000, 3664.00000, '2012-06-01', 826844.00, 650.00, 70999.00, 3396.00, 33065.00, 761582.00, 7712.00, 9014.00, 7876.00, 1578.00, 2754.00, 334.00, 1085.00, 8910.00, 6874.00, 248026.00, 7464.00, 413497.00, 646126.00, 9496.00, 6399.00, 7323.00, 149.00, 5479.00, 7237.00, 1621.00, 4170.00, 1399.00, 9550.00, 9449.00, 7.00, 2538.00, 9398.00, 4092.00, 679.00, 6585.00, 97723.00, 1.00, 2.00, 1.00, 2.00, 2.00, 2.00, 87276.00, 6215.00, 9440.00, 8587.00, 4862.00, 1024.00, 43651.94, 16148.00, 50966.00, 39979.00, 74866.00, 94658.00, 18255.00, 98608.00, 38002.00000, 87449.00000, 66234.00000, 99136.00000, 21706.00000, 2551.00000, 84592.00000, 72959.00000, 3015.00, 1332.00),
(7, 1, 1, 1.00, 4.00000, 3.00000, 3.00, 3.00, 1.00, 1.00, 0.00, 2.00, 3.00, 0.00, 3.00, 2.00, 3.00, 4.00, 2.00, 4.00, 1.00, 4.00, 0.00, 2.00, 3294.00000, 5877651.00000, 6222.00000, 9116.00000, '2012-07-01', 530441.00, 742.00, 92645.00, 3466.00, 28248.00, 713776.00, 5312.00, 335.00, 7938.00, 3167.00, 7348.00, 5288.00, 8781.00, 7544.00, 6996.00, 22387.00, 1710.00, 417120.00, 222058.00, 6312.00, 8340.00, 6581.00, 6860.00, 7089.00, 5659.00, 7579.00, 4005.00, 5876.00, 5175.00, 9750.00, 7219.00, 3208.00, 5050.00, 9644.00, 6470.00, 4777.00, 84367.00, 1.00, 1.00, 1.00, 2.00, 2.00, 2.00, 76687.00, 5411.00, 9724.00, 5388.00, 2878.00, 5617.00, 43651.94, 72765.00, 22222.00, 54354.00, 14491.00, 3124.00, 59104.00, 66647.00, 38485.00000, 29199.00000, 34189.00000, 78271.00000, 41624.00000, 8701.00000, 57812.00000, 95796.00000, 6731.00, 87.00),
(8, 1, 1, 2.00, 2.00000, 3.00000, 4.00, 0.00, 2.00, 4.00, 1.00, 3.00, 2.00, 2.00, 3.00, 4.00, 2.00, 2.00, 4.00, 3.00, 2.00, 2.00, 2.00, 4.00, 9788.00000, 5850053.00000, 186.00000, 5685.00000, '2012-08-01', 268408.00, 770.00, 25677.00, 781.00, 90616.00, 109496.00, 1595.00, 2807.00, 7803.00, 8079.00, 7214.00, 9537.00, 5623.00, 8803.00, 5170.00, 362881.00, 6940.00, 897543.00, 53835.00, 5564.00, 8398.00, 5502.00, 5443.00, 5128.00, 719.00, 2406.00, 6125.00, 4028.00, 8958.00, 8661.00, 9013.00, 2387.00, 6299.00, 2672.00, 43.00, 1338.00, 92977.00, 2.00, 1.00, 2.00, 2.00, 2.00, 2.00, 60467.00, 6590.00, 7803.00, 5508.00, 3918.00, 9740.00, 43651.94, 16434.00, 43162.00, 43239.00, 86826.00, 76828.00, 27192.00, 72219.00, 75986.00000, 13473.00000, 60265.00000, 80946.00000, 87213.00000, 6227.00000, 50146.00000, 15342.00000, 4800.00, 4996.00),
(9, 1, 1, 1.00, 4.00000, 1.00000, 3.00, 4.00, 1.00, 4.00, 0.00, 1.00, 2.00, 1.00, 1.00, 3.00, 1.00, 0.00, 3.00, 3.00, 0.00, 4.00, 0.00, 3.00, 5898.00000, 8199793.00000, 5648.00000, 9073.00000, '2012-09-01', 72920.00, 770.00, 39861.00, 1144.00, 69668.00, 831609.00, 7441.00, 6671.00, 9937.00, 6313.00, 681.00, 8646.00, 8102.00, 6211.00, 8515.00, 541674.00, 7278.00, 412874.00, 134089.00, 5096.00, 9793.00, 6711.00, 9602.00, 9241.00, 7717.00, 1406.00, 4242.00, 7466.00, 5938.00, 2255.00, 6077.00, 9933.00, 1009.00, 642.00, 5875.00, 1880.00, 76432.00, 2.00, 2.00, 1.00, 2.00, 1.00, 2.00, 61664.00, 7377.00, 8405.00, 8061.00, 9788.00, 1486.00, 43651.94, 80412.00, 55385.00, 54150.00, 1889.00, 26021.00, 67663.00, 17161.00, 99175.00000, 48170.00000, 15297.00000, 72791.00000, 8605.00000, 29224.00000, 54861.00000, 12048.00000, 8263.00, 3881.00),
(10, 1, 1, 2.00, 1.00000, 4.00000, 0.00, 3.00, 2.00, 4.00, 3.00, 3.00, 0.00, 0.00, 0.00, 3.00, 3.00, 1.00, 2.00, 2.00, 4.00, 4.00, 0.00, 0.00, 5457.00000, 7965939.00000, 4358.00000, 3177.00000, '2012-10-01', 584579.00, 85.00, 10950.00, 7386.00, 51176.00, 822000.00, 1198.00, 8929.00, 8165.00, 474.00, 2141.00, 5720.00, 8029.00, 7047.00, 6617.00, 391479.00, 7793.00, 576837.00, 781122.00, 6021.00, 7064.00, 6434.00, 944.00, 695.00, 4947.00, 4890.00, 4658.00, 6214.00, 4493.00, 3250.00, 5088.00, 9837.00, 3136.00, 3673.00, 2744.00, 2299.00, 92412.00, 1.00, 1.00, 1.00, 1.00, 1.00, 2.00, 80617.00, 9572.00, 5951.00, 8659.00, 2551.00, 9555.00, 43651.94, 67318.00, 13888.00, 59719.00, 17547.00, 95475.00, 76311.00, 82223.00, 470.00000, 7907.00000, 20563.00000, 68451.00000, 97586.00000, 69576.00000, 30598.00000, 65989.00000, 3804.00, 1224.00),
(11, 1, 1, 4.00, 2.00000, 2.00000, 3.00, 1.00, 0.00, 3.00, 2.00, 2.00, 1.00, 2.00, 1.00, 0.00, 3.00, 3.00, 1.00, 2.00, 2.00, 1.00, 0.00, 4.00, 6180.00000, 7474149.00000, 7260.00000, 8625.00000, '2012-11-01', 520656.00, 669.00, 78223.00, 7279.00, 61737.00, 740952.00, 9041.00, 5824.00, 7099.00, 1181.00, 5659.00, 4078.00, 9216.00, 8196.00, 7248.00, 820178.00, 3784.00, 258654.00, 544939.00, 8406.00, 9007.00, 9307.00, 7881.00, 7427.00, 8249.00, 4701.00, 1344.00, 813.00, 5573.00, 8292.00, 6406.00, 2194.00, 7964.00, 1350.00, 34.00, 43.00, 58749.00, 2.00, 1.00, 2.00, 1.00, 1.00, 1.00, 66077.00, 5696.00, 5842.00, 7831.00, 906.00, 6918.00, 43651.94, 40128.00, 33291.00, 46110.00, 51038.00, 76914.00, 96092.00, 45257.00, 70102.00000, 43075.00000, 77961.00000, 62234.00000, 81661.00000, 56558.00000, 29494.00000, 61906.00000, 1752.00, 467.00),
(12, 1, 1, 3.00, 4.00000, 2.00000, 4.00, 2.00, 1.00, 0.00, 3.00, 2.00, 2.00, 2.00, 3.00, 4.00, 2.00, 0.00, 3.00, 2.00, 3.00, 4.00, 1.00, 0.00, 8170.00000, 1365125.00000, 8773.00000, 4648.00000, '2012-12-01', 326586.00, 343.00, 5690.00, 9179.00, 92326.00, 230384.00, 8196.00, 788.00, 6507.00, 6361.00, 8771.00, 3430.00, 5095.00, 7021.00, 5623.00, 682210.00, 3251.00, 734347.00, 235473.00, 9089.00, 8670.00, 9365.00, 5672.00, 4721.00, 804.00, 7152.00, 5238.00, 1992.00, 8025.00, 8580.00, 5661.00, 1431.00, 8915.00, 6131.00, 7942.00, 5593.00, 94524.00, 2.00, 2.00, 2.00, 1.00, 1.00, 2.00, 68798.00, 7080.00, 7548.00, 7294.00, 8592.00, 7554.00, 43651.94, 15284.00, 14790.00, 67773.00, 15963.00, 51066.00, 81313.00, 69748.00, 44995.00000, 52630.00000, 52622.00000, 79426.00000, 63976.00000, 63775.00000, 26216.00000, 76855.00000, 1699.00, 2770.00),
(13, 1, 2, 3.00, 3.00000, 1.00000, 0.00, 4.00, 1.00, 0.00, 0.00, 3.00, 2.00, 1.00, 4.00, 0.00, 0.00, 0.00, 3.00, 0.00, 3.00, 0.00, 3.00, 3.00, 8118.00000, 8605248.00000, 9888.00000, 8845.00000, '2013-01-01', 114096.00, 272.00, 36873.00, 3784.00, 86951.00, 394306.00, 7587.00, 9778.00, 7106.00, 6154.00, 7027.00, 2389.00, 4170.00, 8313.00, 9442.00, 588454.00, 6280.00, 508196.00, 70293.00, 5803.00, 5554.00, 9439.00, 3127.00, 8538.00, 2276.00, 5749.00, 3214.00, 4228.00, 6380.00, 4840.00, 3625.00, 4705.00, 1139.00, 2373.00, 9420.00, 9855.00, 98803.00, 2.00, 1.00, 1.00, 2.00, 2.00, 1.00, 96806.00, 7317.00, 9698.00, 5883.00, 7818.00, 9439.00, 43651.94, 50413.00, 54509.00, 65855.00, 83467.00, 44788.00, 71812.00, 57456.00, 38053.00000, 25093.00000, 54099.00000, 30379.00000, 94859.00000, 26359.00000, 34318.00000, 56844.00000, 3238.00, 6308.00),
(14, 1, 2, 1.00, 4.00000, 2.00000, 4.00, 0.00, 3.00, 4.00, 2.00, 2.00, 4.00, 4.00, 2.00, 4.00, 2.00, 4.00, 0.00, 0.00, 0.00, 0.00, 4.00, 0.00, 6810.00000, 7734379.00000, 4067.00000, 7783.00000, '2013-02-01', 691652.00, 964.00, 13314.00, 4619.00, 78075.00, 349721.00, 1181.00, 6241.00, 8495.00, 2574.00, 8667.00, 1860.00, 1138.00, 9252.00, 8363.00, 902103.00, 2803.00, 357229.00, 352604.00, 6641.00, 5465.00, 6465.00, 5876.00, 9544.00, 5585.00, 7771.00, 5272.00, 3641.00, 2616.00, 1555.00, 1394.00, 8035.00, 4372.00, 4711.00, 4348.00, 3609.00, 60662.00, 2.00, 1.00, 2.00, 2.00, 1.00, 2.00, 61465.00, 8176.00, 9248.00, 7499.00, 2908.00, 2317.00, 43651.94, 83749.00, 37021.00, 99330.00, 44956.00, 85009.00, 85900.00, 52520.00, 99086.00000, 56079.00000, 40340.00000, 89452.00000, 16654.00000, 4682.00000, 35457.00000, 23768.00000, 5118.00, 4921.00),
(15, 1, 2, 3.00, 4.00000, 4.00000, 3.00, 0.00, 1.00, 3.00, 3.00, 0.00, 2.00, 2.00, 0.00, 3.00, 4.00, 4.00, 0.00, 0.00, 1.00, 2.00, 0.00, 2.00, 8667.00000, 5849234.00000, 477.00000, 1067.00000, '2013-03-01', 175927.00, 253.00, 56153.00, 4447.00, 63046.00, 756191.00, 2245.00, 3706.00, 5693.00, 1272.00, 2786.00, 1490.00, 2587.00, 8794.00, 7871.00, 209318.00, 7493.00, 234224.00, 877639.00, 7257.00, 6057.00, 5119.00, 7497.00, 5927.00, 9990.00, 9657.00, 668.00, 6829.00, 1373.00, 906.00, 2859.00, 4473.00, 5952.00, 1313.00, 2734.00, 1261.00, 97279.00, 2.00, 2.00, 1.00, 1.00, 1.00, 2.00, 88525.00, 5730.00, 7504.00, 6718.00, 358.00, 6846.00, 43651.94, 57642.00, 88943.00, 49290.00, 62820.00, 22176.00, 28124.00, 66808.00, 68837.00000, 91185.00000, 70981.00000, 43726.00000, 5260.00000, 8561.00000, 93381.00000, 96715.00000, 1746.00, 5287.00),
(16, 1, 2, 3.00, 3.00000, 4.00000, 1.00, 3.00, 0.00, 1.00, 1.00, 3.00, 1.00, 0.00, 3.00, 0.00, 4.00, 1.00, 4.00, 2.00, 2.00, 1.00, 1.00, 0.00, 5569.00000, 3432513.00000, 8037.00000, 1695.00000, '2013-04-01', 665858.00, 732.00, 3096.00, 2131.00, 85037.00, 857748.00, 9829.00, 8968.00, 6399.00, 7518.00, 2112.00, 1459.00, 7679.00, 6517.00, 5722.00, 500288.00, 3634.00, 510919.00, 392869.00, 9418.00, 9288.00, 6097.00, 1623.00, 4086.00, 9287.00, 1617.00, 4401.00, 509.00, 3089.00, 6248.00, 83.00, 1586.00, 157.00, 5598.00, 3538.00, 4809.00, 58701.00, 2.00, 2.00, 2.00, 2.00, 1.00, 2.00, 91677.00, 8290.00, 9300.00, 9439.00, 6226.00, 1221.00, 43651.94, 34721.00, 50732.00, 65201.00, 87570.00, 46368.00, 24184.00, 39680.00, 6850.00000, 65816.00000, 25677.00000, 75603.00000, 57332.00000, 84780.00000, 75371.00000, 99754.00000, 849.00, 6635.00),
(17, 1, 2, 2.00, 3.00000, 2.00000, 3.00, 2.00, 2.00, 0.00, 4.00, 1.00, 3.00, 1.00, 3.00, 0.00, 3.00, 0.00, 3.00, 1.00, 0.00, 2.00, 2.00, 4.00, 9637.00000, 1629273.00000, 2536.00000, 5427.00000, '2013-05-01', 438801.00, 291.00, 67242.00, 6338.00, 87945.00, 672892.00, 8587.00, 4611.00, 6388.00, 3416.00, 4759.00, 8254.00, 4118.00, 9298.00, 9630.00, 220420.00, 7750.00, 831772.00, 271056.00, 5394.00, 8342.00, 9500.00, 538.00, 8053.00, 5830.00, 4602.00, 6641.00, 7167.00, 2393.00, 6873.00, 7538.00, 5482.00, 302.00, 9997.00, 8826.00, 1.00, 55266.00, 2.00, 1.00, 1.00, 2.00, 1.00, 2.00, 81286.00, 9217.00, 8387.00, 6778.00, 8648.00, 6828.00, 43651.94, 92841.00, 72728.00, 30830.00, 16333.00, 80229.00, 2241.00, 29866.00, 50858.00000, 77349.00000, 76305.00000, 60285.00000, 68434.00000, 48920.00000, 9795.00000, 88486.00000, 7838.00, 4380.00),
(18, 1, 2, 4.00, 3.00000, 1.00000, 0.00, 1.00, 0.00, 1.00, 4.00, 1.00, 1.00, 1.00, 2.00, 2.00, 0.00, 0.00, 1.00, 3.00, 3.00, 4.00, 0.00, 2.00, 3964.00000, 717731.00000, 5627.00000, 7536.00000, '2013-06-01', 788946.00, 807.00, 10320.00, 8338.00, 3793.00, 750600.00, 9762.00, 2044.00, 8159.00, 310.00, 3714.00, 5681.00, 4436.00, 5506.00, 8598.00, 452823.00, 2636.00, 837596.00, 544395.00, 7051.00, 6516.00, 5585.00, 6214.00, 1231.00, 5865.00, 6035.00, 3348.00, 9530.00, 7659.00, 4382.00, 7884.00, 6059.00, 5889.00, 4800.00, 6572.00, 3616.00, 65483.00, 1.00, 1.00, 1.00, 1.00, 1.00, 1.00, 74914.00, 8115.00, 6966.00, 7430.00, 6503.00, 8508.00, 43651.94, 52541.00, 15066.00, 35425.00, 77211.00, 56397.00, 44197.00, 25323.00, 35660.00000, 27923.00000, 26814.00000, 74950.00000, 68456.00000, 6571.00000, 44276.00000, 49946.00000, 2755.00, 675.00),
(19, 1, 2, 4.00, 2.00000, 3.00000, 2.00, 2.00, 3.00, 2.00, 4.00, 4.00, 1.00, 1.00, 0.00, 4.00, 4.00, 1.00, 2.00, 3.00, 4.00, 2.00, 4.00, 0.00, 641.00000, 9777216.00000, 9509.00000, 4352.00000, '2013-07-01', 508299.00, 870.00, 82831.00, 8384.00, 45074.00, 955150.00, 2829.00, 5912.00, 9860.00, 8887.00, 1465.00, 6744.00, 5833.00, 8099.00, 5535.00, 910471.00, 4160.00, 606574.00, 239944.00, 9120.00, 7812.00, 6953.00, 8604.00, 406.00, 9766.00, 3432.00, 526.00, 6340.00, 8901.00, 7868.00, 500.00, 1048.00, 6480.00, 8780.00, 7906.00, 7449.00, 83658.00, 1.00, 2.00, 2.00, 1.00, 1.00, 2.00, 63754.00, 7854.00, 7909.00, 8851.00, 5700.00, 8009.00, 43651.94, 66130.00, 13895.00, 18108.00, 61723.00, 16543.00, 37552.00, 27545.00, 58761.00000, 3715.00000, 6784.00000, 22791.00000, 41587.00000, 70855.00000, 61706.00000, 21284.00000, 1396.00, 1704.00),
(20, 1, 2, 1.00, 4.00000, 3.00000, 3.00, 0.00, 1.00, 4.00, 4.00, 0.00, 2.00, 4.00, 2.00, 3.00, 0.00, 4.00, 0.00, 4.00, 3.00, 0.00, 3.00, 0.00, 2052.00000, 4909867.00000, 3930.00000, 1998.00000, '2013-08-01', 986269.00, 327.00, 97957.00, 1474.00, 53512.00, 695535.00, 1667.00, 2709.00, 8609.00, 2671.00, 3922.00, 9966.00, 3176.00, 7865.00, 7613.00, 934256.00, 23.00, 290621.00, 370901.00, 6660.00, 6918.00, 9870.00, 5402.00, 6328.00, 1249.00, 3843.00, 9152.00, 605.00, 9756.00, 3994.00, 5259.00, 5466.00, 9403.00, 7382.00, 6071.00, 4547.00, 75051.00, 2.00, 1.00, 1.00, 2.00, 2.00, 2.00, 66912.00, 5282.00, 8772.00, 7970.00, 5082.00, 7039.00, 43651.94, 52851.00, 98641.00, 58744.00, 15913.00, 9500.00, 25354.00, 68415.00, 98358.00000, 70574.00000, 24826.00000, 53457.00000, 58340.00000, 40687.00000, 56770.00000, 92570.00000, 9595.00, 4015.00),
(21, 1, 2, 2.00, 2.00000, 3.00000, 4.00, 3.00, 2.00, 1.00, 4.00, 2.00, 0.00, 2.00, 1.00, 0.00, 2.00, 3.00, 3.00, 0.00, 0.00, 1.00, 4.00, 2.00, 499.00000, 5788236.00000, 5895.00000, 8571.00000, '2013-09-01', 91594.00, 498.00, 9206.00, 5848.00, 20785.00, 663282.00, 5886.00, 5231.00, 8978.00, 9295.00, 5451.00, 6623.00, 8413.00, 5704.00, 5392.00, 182081.00, 9280.00, 500430.00, 455751.00, 9852.00, 7459.00, 5163.00, 215.00, 7597.00, 4955.00, 4785.00, 5851.00, 8196.00, 3546.00, 9182.00, 295.00, 6359.00, 8864.00, 1728.00, 6564.00, 5121.00, 82568.00, 2.00, 1.00, 2.00, 2.00, 1.00, 1.00, 83159.00, 8212.00, 8129.00, 6212.00, 9076.00, 766.00, 43651.94, 37763.00, 13429.00, 47178.00, 27950.00, 69763.00, 55056.00, 99586.00, 37010.00000, 99242.00000, 97534.00000, 16216.00000, 40465.00000, 98080.00000, 30707.00000, 87063.00000, 2882.00, 3823.00),
(22, 1, 2, 3.00, 3.00000, 2.00000, 2.00, 4.00, 2.00, 0.00, 1.00, 4.00, 2.00, 4.00, 2.00, 2.00, 1.00, 2.00, 3.00, 3.00, 2.00, 0.00, 4.00, 0.00, 966.00000, 2034239.00000, 830.00000, 7855.00000, '2013-10-01', 200979.00, 572.00, 76232.00, 36.00, 62375.00, 792545.00, 7921.00, 4359.00, 5429.00, 2898.00, 2836.00, 327.00, 7648.00, 8380.00, 9545.00, 416177.00, 722.00, 472242.00, 974011.00, 6374.00, 8087.00, 8086.00, 6814.00, 3639.00, 5111.00, 4185.00, 6351.00, 8728.00, 4581.00, 3173.00, 9813.00, 5634.00, 2740.00, 6306.00, 9512.00, 8810.00, 97378.00, 2.00, 1.00, 2.00, 2.00, 1.00, 1.00, 72709.00, 6436.00, 8641.00, 8257.00, 5110.00, 6971.00, 43651.94, 58971.00, 96580.00, 39845.00, 9007.00, 19795.00, 70405.00, 17284.00, 24665.00000, 67460.00000, 55648.00000, 76326.00000, 51328.00000, 2546.00000, 17937.00000, 99703.00000, 9302.00, 2519.00),
(23, 1, 2, 3.00, 3.00000, 3.00000, 1.00, 3.00, 3.00, 1.00, 2.00, 3.00, 3.00, 2.00, 0.00, 3.00, 2.00, 3.00, 4.00, 1.00, 3.00, 1.00, 3.00, 0.00, 6914.00000, 5320520.00000, 6756.00000, 2434.00000, '2013-11-01', 456231.00, 328.00, 14354.00, 7296.00, 54768.00, 332374.00, 6990.00, 6249.00, 6154.00, 7366.00, 3588.00, 4738.00, 6231.00, 5924.00, 5289.00, 138613.00, 1625.00, 653175.00, 224987.00, 6606.00, 8122.00, 6900.00, 3156.00, 6864.00, 8682.00, 1314.00, 4198.00, 8722.00, 4542.00, 1705.00, 4899.00, 1591.00, 813.00, 3476.00, 3749.00, 4517.00, 78951.00, 1.00, 1.00, 2.00, 1.00, 1.00, 1.00, 61635.00, 5260.00, 6967.00, 9929.00, 7052.00, 5077.00, 43651.94, 1147.00, 73302.00, 49464.00, 50140.00, 40999.00, 28319.00, 82349.00, 20034.00000, 36513.00000, 29413.00000, 50072.00000, 42482.00000, 79810.00000, 67360.00000, 64968.00000, 3653.00, 6950.00),
(24, 1, 2, 1.00, 1.00000, 3.00000, 1.00, 1.00, 3.00, 1.00, 0.00, 2.00, 1.00, 0.00, 4.00, 1.00, 1.00, 2.00, 2.00, 2.00, 4.00, 2.00, 0.00, 1.00, 5598.00000, 2598804.00000, 7713.00000, 242.00000, '2013-12-01', 281151.00, 181.00, 8303.00, 1485.00, 57880.00, 956405.00, 8703.00, 9813.00, 5190.00, 5101.00, 3907.00, 689.00, 1847.00, 6269.00, 6392.00, 594864.00, 7631.00, 595069.00, 867556.00, 7607.00, 7542.00, 5861.00, 6182.00, 5013.00, 1346.00, 4006.00, 1065.00, 4745.00, 1423.00, 4146.00, 4755.00, 6871.00, 4067.00, 7538.00, 4642.00, 6671.00, 62874.00, 1.00, 2.00, 2.00, 2.00, 2.00, 2.00, 90993.00, 5628.00, 9607.00, 5827.00, 5018.00, 4284.00, 43651.94, 91683.00, 84733.00, 18191.00, 65231.00, 45231.00, 83914.00, 84151.00, 24241.00000, 66835.00000, 88957.00000, 79822.00000, 54530.00000, 92871.00000, 25802.00000, 75088.00000, 5350.00, 7913.00);

-- --------------------------------------------------------

--
-- Table structure for table `app_fundperfyear`
--

CREATE TABLE IF NOT EXISTS `app_fundperfyear` (
  `id` int(11) NOT NULL AUTO_INCREMENT,
  `fund_id` int(11) NOT NULL,
  `ytd` decimal(15,5) NOT NULL,
  `si` decimal(15,5) NOT NULL,
  `value_date` date NOT NULL,
  PRIMARY KEY (`id`),
  KEY `app_fundperfyear_10400ffb` (`fund_id`)
) ENGINE=InnoDB  DEFAULT CHARSET=utf8 AUTO_INCREMENT=3 ;

--
-- Dumping data for table `app_fundperfyear`
--

INSERT INTO `app_fundperfyear` (`id`, `fund_id`, `ytd`, `si`, `value_date`) VALUES
(1, 1, 8.00000, 5.00000, '2012-01-01'),
(2, 1, 5.00000, 6.00000, '2013-01-01');

-- --------------------------------------------------------

--
-- Table structure for table `app_fundtype`
--

CREATE TABLE IF NOT EXISTS `app_fundtype` (
  `id` int(11) NOT NULL AUTO_INCREMENT,
  `name` varchar(50) NOT NULL,
  PRIMARY KEY (`id`)
) ENGINE=InnoDB  DEFAULT CHARSET=utf8 AUTO_INCREMENT=8 ;

--
-- Dumping data for table `app_fundtype`
--

INSERT INTO `app_fundtype` (`id`, `name`) VALUES
(1, 'Fund of Funds'),
(2, 'All Alpheus'),
(3, 'Side Pockets'),
(4, 'Private Equity'),
(5, 'Equity, Fixed Income, Options and Futures'),
(6, 'Fixed Income'),
(7, 'Limited Holdings');

-- --------------------------------------------------------

--
-- Table structure for table `app_fxhedge`
--

CREATE TABLE IF NOT EXISTS `app_fxhedge` (
  `id` int(11) NOT NULL AUTO_INCREMENT,
  `fund_id` int(11) NOT NULL,
  `trade_date` date NOT NULL,
  `settlement_date` date NOT NULL,
  `buy_sell` smallint(6) NOT NULL,
  `currency_id` int(11) NOT NULL,
  `amount` decimal(20,5) NOT NULL,
  PRIMARY KEY (`id`),
  KEY `app_fxhedge_10400ffb` (`fund_id`),
  KEY `app_fxhedge_41f657b3` (`currency_id`)
) ENGINE=InnoDB  DEFAULT CHARSET=utf8 AUTO_INCREMENT=3 ;

--
-- Dumping data for table `app_fxhedge`
--

INSERT INTO `app_fxhedge` (`id`, `fund_id`, `trade_date`, `settlement_date`, `buy_sell`, `currency_id`, `amount`) VALUES
(1, 1, '2013-07-03', '2013-07-01', 1, 1, 100.00000),
(2, 1, '2013-07-12', '2013-07-12', 1, 1, 100.00000);

-- --------------------------------------------------------

--
-- Table structure for table `app_fxrate`
--

CREATE TABLE IF NOT EXISTS `app_fxrate` (
  `id` int(11) NOT NULL AUTO_INCREMENT,
  `value_date` date NOT NULL,
  `currency_id` int(11) NOT NULL,
  `fx_rate` decimal(15,5) NOT NULL,
  PRIMARY KEY (`id`),
  KEY `app_fxrate_41f657b3` (`currency_id`)
) ENGINE=InnoDB  DEFAULT CHARSET=utf8 AUTO_INCREMENT=1441 ;

--
-- Dumping data for table `app_fxrate`
--

INSERT INTO `app_fxrate` (`id`, `value_date`, `currency_id`, `fx_rate`) VALUES
(1, '2012-01-01', 1, 1.00000),
(2, '2012-01-01', 2, 1.00000),
(3, '2012-01-01', 1, 1.00000),
(4, '2012-01-01', 2, 1.00000),
(5, '2012-01-01', 1, 1.00000),
(6, '2012-01-01', 2, 1.00000),
(7, '2012-01-01', 1, 1.00000),
(8, '2012-01-01', 2, 1.00000),
(9, '2012-01-01', 1, 1.00000),
(10, '2012-01-01', 2, 1.00000),
(11, '2012-01-01', 1, 1.00000),
(12, '2012-01-01', 2, 1.00000),
(13, '2012-01-01', 1, 1.00000),
(14, '2012-01-01', 2, 1.00000),
(15, '2012-01-01', 1, 1.00000),
(16, '2012-01-01', 2, 1.00000),
(17, '2012-01-01', 1, 1.00000),
(18, '2012-01-01', 2, 1.00000),
(19, '2012-01-01', 1, 1.00000),
(20, '2012-01-01', 2, 1.00000),
(21, '2012-01-01', 1, 1.00000),
(22, '2012-01-01', 2, 1.00000),
(23, '2012-01-01', 1, 1.00000),
(24, '2012-01-01', 2, 1.00000),
(25, '2012-01-01', 1, 1.00000),
(26, '2012-01-01', 2, 1.00000),
(27, '2012-01-01', 1, 1.00000),
(28, '2012-01-01', 2, 1.00000),
(29, '2012-01-01', 1, 1.00000),
(30, '2012-01-01', 2, 1.00000),
(31, '2012-01-01', 1, 1.00000),
(32, '2012-01-01', 2, 1.00000),
(33, '2012-01-01', 1, 1.00000),
(34, '2012-01-01', 2, 1.00000),
(35, '2012-01-01', 1, 1.00000),
(36, '2012-01-01', 2, 1.00000),
(37, '2012-01-01', 1, 1.00000),
(38, '2012-01-01', 2, 1.00000),
(39, '2012-01-01', 1, 1.00000),
(40, '2012-01-01', 2, 1.00000),
(41, '2012-01-01', 1, 1.00000),
(42, '2012-01-01', 2, 1.00000),
(43, '2012-01-01', 1, 1.00000),
(44, '2012-01-01', 2, 1.00000),
(45, '2012-01-01', 1, 1.00000),
(46, '2012-01-01', 2, 1.00000),
(47, '2012-01-01', 1, 1.00000),
(48, '2012-01-01', 2, 1.00000),
(49, '2012-01-01', 1, 1.00000),
(50, '2012-01-01', 2, 1.00000),
(51, '2012-01-01', 1, 1.00000),
(52, '2012-01-01', 2, 1.00000),
(53, '2012-01-01', 1, 1.00000),
(54, '2012-01-01', 2, 1.00000),
(55, '2012-01-01', 1, 1.00000),
(56, '2012-01-01', 2, 1.00000),
(57, '2012-01-01', 1, 1.00000),
(58, '2012-01-01', 2, 1.00000),
(59, '2012-01-01', 1, 1.00000),
(60, '2012-01-01', 2, 1.00000),
(61, '2012-02-01', 1, 1.00000),
(62, '2012-02-01', 2, 1.00000),
(63, '2012-02-01', 1, 1.00000),
(64, '2012-02-01', 2, 1.00000),
(65, '2012-02-01', 1, 1.00000),
(66, '2012-02-01', 2, 1.00000),
(67, '2012-02-01', 1, 1.00000),
(68, '2012-02-01', 2, 1.00000),
(69, '2012-02-01', 1, 1.00000),
(70, '2012-02-01', 2, 1.00000),
(71, '2012-02-01', 1, 1.00000),
(72, '2012-02-01', 2, 1.00000),
(73, '2012-02-01', 1, 1.00000),
(74, '2012-02-01', 2, 1.00000),
(75, '2012-02-01', 1, 1.00000),
(76, '2012-02-01', 2, 1.00000),
(77, '2012-02-01', 1, 1.00000),
(78, '2012-02-01', 2, 1.00000),
(79, '2012-02-01', 1, 1.00000),
(80, '2012-02-01', 2, 1.00000),
(81, '2012-02-01', 1, 1.00000),
(82, '2012-02-01', 2, 1.00000),
(83, '2012-02-01', 1, 1.00000),
(84, '2012-02-01', 2, 1.00000),
(85, '2012-02-01', 1, 1.00000),
(86, '2012-02-01', 2, 1.00000),
(87, '2012-02-01', 1, 1.00000),
(88, '2012-02-01', 2, 1.00000),
(89, '2012-02-01', 1, 1.00000),
(90, '2012-02-01', 2, 1.00000),
(91, '2012-02-01', 1, 1.00000),
(92, '2012-02-01', 2, 1.00000),
(93, '2012-02-01', 1, 1.00000),
(94, '2012-02-01', 2, 1.00000),
(95, '2012-02-01', 1, 1.00000),
(96, '2012-02-01', 2, 1.00000),
(97, '2012-02-01', 1, 1.00000),
(98, '2012-02-01', 2, 1.00000),
(99, '2012-02-01', 1, 1.00000),
(100, '2012-02-01', 2, 1.00000),
(101, '2012-02-01', 1, 1.00000),
(102, '2012-02-01', 2, 1.00000),
(103, '2012-02-01', 1, 1.00000),
(104, '2012-02-01', 2, 1.00000),
(105, '2012-02-01', 1, 1.00000),
(106, '2012-02-01', 2, 1.00000),
(107, '2012-02-01', 1, 1.00000),
(108, '2012-02-01', 2, 1.00000),
(109, '2012-02-01', 1, 1.00000),
(110, '2012-02-01', 2, 1.00000),
(111, '2012-02-01', 1, 1.00000),
(112, '2012-02-01', 2, 1.00000),
(113, '2012-02-01', 1, 1.00000),
(114, '2012-02-01', 2, 1.00000),
(115, '2012-02-01', 1, 1.00000),
(116, '2012-02-01', 2, 1.00000),
(117, '2012-02-01', 1, 1.00000),
(118, '2012-02-01', 2, 1.00000),
(119, '2012-02-01', 1, 1.00000),
(120, '2012-02-01', 2, 1.00000),
(121, '2012-03-01', 1, 1.00000),
(122, '2012-03-01', 2, 1.00000),
(123, '2012-03-01', 1, 1.00000),
(124, '2012-03-01', 2, 1.00000),
(125, '2012-03-01', 1, 1.00000),
(126, '2012-03-01', 2, 1.00000),
(127, '2012-03-01', 1, 1.00000),
(128, '2012-03-01', 2, 1.00000),
(129, '2012-03-01', 1, 1.00000),
(130, '2012-03-01', 2, 1.00000),
(131, '2012-03-01', 1, 1.00000),
(132, '2012-03-01', 2, 1.00000),
(133, '2012-03-01', 1, 1.00000),
(134, '2012-03-01', 2, 1.00000),
(135, '2012-03-01', 1, 1.00000),
(136, '2012-03-01', 2, 1.00000),
(137, '2012-03-01', 1, 1.00000),
(138, '2012-03-01', 2, 1.00000),
(139, '2012-03-01', 1, 1.00000),
(140, '2012-03-01', 2, 1.00000),
(141, '2012-03-01', 1, 1.00000),
(142, '2012-03-01', 2, 1.00000),
(143, '2012-03-01', 1, 1.00000),
(144, '2012-03-01', 2, 1.00000),
(145, '2012-03-01', 1, 1.00000),
(146, '2012-03-01', 2, 1.00000),
(147, '2012-03-01', 1, 1.00000),
(148, '2012-03-01', 2, 1.00000),
(149, '2012-03-01', 1, 1.00000),
(150, '2012-03-01', 2, 1.00000),
(151, '2012-03-01', 1, 1.00000),
(152, '2012-03-01', 2, 1.00000),
(153, '2012-03-01', 1, 1.00000),
(154, '2012-03-01', 2, 1.00000),
(155, '2012-03-01', 1, 1.00000),
(156, '2012-03-01', 2, 1.00000),
(157, '2012-03-01', 1, 1.00000),
(158, '2012-03-01', 2, 1.00000),
(159, '2012-03-01', 1, 1.00000),
(160, '2012-03-01', 2, 1.00000),
(161, '2012-03-01', 1, 1.00000),
(162, '2012-03-01', 2, 1.00000),
(163, '2012-03-01', 1, 1.00000),
(164, '2012-03-01', 2, 1.00000),
(165, '2012-03-01', 1, 1.00000),
(166, '2012-03-01', 2, 1.00000),
(167, '2012-03-01', 1, 1.00000),
(168, '2012-03-01', 2, 1.00000),
(169, '2012-03-01', 1, 1.00000),
(170, '2012-03-01', 2, 1.00000),
(171, '2012-03-01', 1, 1.00000),
(172, '2012-03-01', 2, 1.00000),
(173, '2012-03-01', 1, 1.00000),
(174, '2012-03-01', 2, 1.00000),
(175, '2012-03-01', 1, 1.00000),
(176, '2012-03-01', 2, 1.00000),
(177, '2012-03-01', 1, 1.00000),
(178, '2012-03-01', 2, 1.00000),
(179, '2012-03-01', 1, 1.00000),
(180, '2012-03-01', 2, 1.00000),
(181, '2012-04-01', 1, 1.00000),
(182, '2012-04-01', 2, 1.00000),
(183, '2012-04-01', 1, 1.00000),
(184, '2012-04-01', 2, 1.00000),
(185, '2012-04-01', 1, 1.00000),
(186, '2012-04-01', 2, 1.00000),
(187, '2012-04-01', 1, 1.00000),
(188, '2012-04-01', 2, 1.00000),
(189, '2012-04-01', 1, 1.00000),
(190, '2012-04-01', 2, 1.00000),
(191, '2012-04-01', 1, 1.00000),
(192, '2012-04-01', 2, 1.00000),
(193, '2012-04-01', 1, 1.00000),
(194, '2012-04-01', 2, 1.00000),
(195, '2012-04-01', 1, 1.00000),
(196, '2012-04-01', 2, 1.00000),
(197, '2012-04-01', 1, 1.00000),
(198, '2012-04-01', 2, 1.00000),
(199, '2012-04-01', 1, 1.00000),
(200, '2012-04-01', 2, 1.00000),
(201, '2012-04-01', 1, 1.00000),
(202, '2012-04-01', 2, 1.00000),
(203, '2012-04-01', 1, 1.00000),
(204, '2012-04-01', 2, 1.00000),
(205, '2012-04-01', 1, 1.00000),
(206, '2012-04-01', 2, 1.00000),
(207, '2012-04-01', 1, 1.00000),
(208, '2012-04-01', 2, 1.00000),
(209, '2012-04-01', 1, 1.00000),
(210, '2012-04-01', 2, 1.00000),
(211, '2012-04-01', 1, 1.00000),
(212, '2012-04-01', 2, 1.00000),
(213, '2012-04-01', 1, 1.00000),
(214, '2012-04-01', 2, 1.00000),
(215, '2012-04-01', 1, 1.00000),
(216, '2012-04-01', 2, 1.00000),
(217, '2012-04-01', 1, 1.00000),
(218, '2012-04-01', 2, 1.00000),
(219, '2012-04-01', 1, 1.00000),
(220, '2012-04-01', 2, 1.00000),
(221, '2012-04-01', 1, 1.00000),
(222, '2012-04-01', 2, 1.00000),
(223, '2012-04-01', 1, 1.00000),
(224, '2012-04-01', 2, 1.00000),
(225, '2012-04-01', 1, 1.00000),
(226, '2012-04-01', 2, 1.00000),
(227, '2012-04-01', 1, 1.00000),
(228, '2012-04-01', 2, 1.00000),
(229, '2012-04-01', 1, 1.00000),
(230, '2012-04-01', 2, 1.00000),
(231, '2012-04-01', 1, 1.00000),
(232, '2012-04-01', 2, 1.00000),
(233, '2012-04-01', 1, 1.00000),
(234, '2012-04-01', 2, 1.00000),
(235, '2012-04-01', 1, 1.00000),
(236, '2012-04-01', 2, 1.00000),
(237, '2012-04-01', 1, 1.00000),
(238, '2012-04-01', 2, 1.00000),
(239, '2012-04-01', 1, 1.00000),
(240, '2012-04-01', 2, 1.00000),
(241, '2012-05-01', 1, 1.00000),
(242, '2012-05-01', 2, 1.00000),
(243, '2012-05-01', 1, 1.00000),
(244, '2012-05-01', 2, 1.00000),
(245, '2012-05-01', 1, 1.00000),
(246, '2012-05-01', 2, 1.00000),
(247, '2012-05-01', 1, 1.00000),
(248, '2012-05-01', 2, 1.00000),
(249, '2012-05-01', 1, 1.00000),
(250, '2012-05-01', 2, 1.00000),
(251, '2012-05-01', 1, 1.00000),
(252, '2012-05-01', 2, 1.00000),
(253, '2012-05-01', 1, 1.00000),
(254, '2012-05-01', 2, 1.00000),
(255, '2012-05-01', 1, 1.00000),
(256, '2012-05-01', 2, 1.00000),
(257, '2012-05-01', 1, 1.00000),
(258, '2012-05-01', 2, 1.00000),
(259, '2012-05-01', 1, 1.00000),
(260, '2012-05-01', 2, 1.00000),
(261, '2012-05-01', 1, 1.00000),
(262, '2012-05-01', 2, 1.00000),
(263, '2012-05-01', 1, 1.00000),
(264, '2012-05-01', 2, 1.00000),
(265, '2012-05-01', 1, 1.00000),
(266, '2012-05-01', 2, 1.00000),
(267, '2012-05-01', 1, 1.00000),
(268, '2012-05-01', 2, 1.00000),
(269, '2012-05-01', 1, 1.00000),
(270, '2012-05-01', 2, 1.00000),
(271, '2012-05-01', 1, 1.00000),
(272, '2012-05-01', 2, 1.00000),
(273, '2012-05-01', 1, 1.00000),
(274, '2012-05-01', 2, 1.00000),
(275, '2012-05-01', 1, 1.00000),
(276, '2012-05-01', 2, 1.00000),
(277, '2012-05-01', 1, 1.00000),
(278, '2012-05-01', 2, 1.00000),
(279, '2012-05-01', 1, 1.00000),
(280, '2012-05-01', 2, 1.00000),
(281, '2012-05-01', 1, 1.00000),
(282, '2012-05-01', 2, 1.00000),
(283, '2012-05-01', 1, 1.00000),
(284, '2012-05-01', 2, 1.00000),
(285, '2012-05-01', 1, 1.00000),
(286, '2012-05-01', 2, 1.00000),
(287, '2012-05-01', 1, 1.00000),
(288, '2012-05-01', 2, 1.00000),
(289, '2012-05-01', 1, 1.00000),
(290, '2012-05-01', 2, 1.00000),
(291, '2012-05-01', 1, 1.00000),
(292, '2012-05-01', 2, 1.00000),
(293, '2012-05-01', 1, 1.00000),
(294, '2012-05-01', 2, 1.00000),
(295, '2012-05-01', 1, 1.00000),
(296, '2012-05-01', 2, 1.00000),
(297, '2012-05-01', 1, 1.00000),
(298, '2012-05-01', 2, 1.00000),
(299, '2012-05-01', 1, 1.00000),
(300, '2012-05-01', 2, 1.00000),
(301, '2012-06-01', 1, 1.00000),
(302, '2012-06-01', 2, 1.00000),
(303, '2012-06-01', 1, 1.00000),
(304, '2012-06-01', 2, 1.00000),
(305, '2012-06-01', 1, 1.00000),
(306, '2012-06-01', 2, 1.00000),
(307, '2012-06-01', 1, 1.00000),
(308, '2012-06-01', 2, 1.00000),
(309, '2012-06-01', 1, 1.00000),
(310, '2012-06-01', 2, 1.00000),
(311, '2012-06-01', 1, 1.00000),
(312, '2012-06-01', 2, 1.00000),
(313, '2012-06-01', 1, 1.00000),
(314, '2012-06-01', 2, 1.00000),
(315, '2012-06-01', 1, 1.00000),
(316, '2012-06-01', 2, 1.00000),
(317, '2012-06-01', 1, 1.00000),
(318, '2012-06-01', 2, 1.00000),
(319, '2012-06-01', 1, 1.00000),
(320, '2012-06-01', 2, 1.00000),
(321, '2012-06-01', 1, 1.00000),
(322, '2012-06-01', 2, 1.00000),
(323, '2012-06-01', 1, 1.00000),
(324, '2012-06-01', 2, 1.00000),
(325, '2012-06-01', 1, 1.00000),
(326, '2012-06-01', 2, 1.00000),
(327, '2012-06-01', 1, 1.00000),
(328, '2012-06-01', 2, 1.00000),
(329, '2012-06-01', 1, 1.00000),
(330, '2012-06-01', 2, 1.00000),
(331, '2012-06-01', 1, 1.00000),
(332, '2012-06-01', 2, 1.00000),
(333, '2012-06-01', 1, 1.00000),
(334, '2012-06-01', 2, 1.00000),
(335, '2012-06-01', 1, 1.00000),
(336, '2012-06-01', 2, 1.00000),
(337, '2012-06-01', 1, 1.00000),
(338, '2012-06-01', 2, 1.00000),
(339, '2012-06-01', 1, 1.00000),
(340, '2012-06-01', 2, 1.00000),
(341, '2012-06-01', 1, 1.00000),
(342, '2012-06-01', 2, 1.00000),
(343, '2012-06-01', 1, 1.00000),
(344, '2012-06-01', 2, 1.00000),
(345, '2012-06-01', 1, 1.00000),
(346, '2012-06-01', 2, 1.00000),
(347, '2012-06-01', 1, 1.00000),
(348, '2012-06-01', 2, 1.00000),
(349, '2012-06-01', 1, 1.00000),
(350, '2012-06-01', 2, 1.00000),
(351, '2012-06-01', 1, 1.00000),
(352, '2012-06-01', 2, 1.00000),
(353, '2012-06-01', 1, 1.00000),
(354, '2012-06-01', 2, 1.00000),
(355, '2012-06-01', 1, 1.00000),
(356, '2012-06-01', 2, 1.00000),
(357, '2012-06-01', 1, 1.00000),
(358, '2012-06-01', 2, 1.00000),
(359, '2012-06-01', 1, 1.00000),
(360, '2012-06-01', 2, 1.00000),
(361, '2012-07-01', 1, 1.00000),
(362, '2012-07-01', 2, 1.00000),
(363, '2012-07-01', 1, 1.00000),
(364, '2012-07-01', 2, 1.00000),
(365, '2012-07-01', 1, 1.00000),
(366, '2012-07-01', 2, 1.00000),
(367, '2012-07-01', 1, 1.00000),
(368, '2012-07-01', 2, 1.00000),
(369, '2012-07-01', 1, 1.00000),
(370, '2012-07-01', 2, 1.00000),
(371, '2012-07-01', 1, 1.00000),
(372, '2012-07-01', 2, 1.00000),
(373, '2012-07-01', 1, 1.00000),
(374, '2012-07-01', 2, 1.00000),
(375, '2012-07-01', 1, 1.00000),
(376, '2012-07-01', 2, 1.00000),
(377, '2012-07-01', 1, 1.00000),
(378, '2012-07-01', 2, 1.00000),
(379, '2012-07-01', 1, 1.00000),
(380, '2012-07-01', 2, 1.00000),
(381, '2012-07-01', 1, 1.00000),
(382, '2012-07-01', 2, 1.00000),
(383, '2012-07-01', 1, 1.00000),
(384, '2012-07-01', 2, 1.00000),
(385, '2012-07-01', 1, 1.00000),
(386, '2012-07-01', 2, 1.00000),
(387, '2012-07-01', 1, 1.00000),
(388, '2012-07-01', 2, 1.00000),
(389, '2012-07-01', 1, 1.00000),
(390, '2012-07-01', 2, 1.00000),
(391, '2012-07-01', 1, 1.00000),
(392, '2012-07-01', 2, 1.00000),
(393, '2012-07-01', 1, 1.00000),
(394, '2012-07-01', 2, 1.00000),
(395, '2012-07-01', 1, 1.00000),
(396, '2012-07-01', 2, 1.00000),
(397, '2012-07-01', 1, 1.00000),
(398, '2012-07-01', 2, 1.00000),
(399, '2012-07-01', 1, 1.00000),
(400, '2012-07-01', 2, 1.00000),
(401, '2012-07-01', 1, 1.00000),
(402, '2012-07-01', 2, 1.00000),
(403, '2012-07-01', 1, 1.00000),
(404, '2012-07-01', 2, 1.00000),
(405, '2012-07-01', 1, 1.00000),
(406, '2012-07-01', 2, 1.00000),
(407, '2012-07-01', 1, 1.00000),
(408, '2012-07-01', 2, 1.00000),
(409, '2012-07-01', 1, 1.00000),
(410, '2012-07-01', 2, 1.00000),
(411, '2012-07-01', 1, 1.00000),
(412, '2012-07-01', 2, 1.00000),
(413, '2012-07-01', 1, 1.00000),
(414, '2012-07-01', 2, 1.00000),
(415, '2012-07-01', 1, 1.00000),
(416, '2012-07-01', 2, 1.00000),
(417, '2012-07-01', 1, 1.00000),
(418, '2012-07-01', 2, 1.00000),
(419, '2012-07-01', 1, 1.00000),
(420, '2012-07-01', 2, 1.00000),
(421, '2012-08-01', 1, 1.00000),
(422, '2012-08-01', 2, 1.00000),
(423, '2012-08-01', 1, 1.00000),
(424, '2012-08-01', 2, 1.00000),
(425, '2012-08-01', 1, 1.00000),
(426, '2012-08-01', 2, 1.00000),
(427, '2012-08-01', 1, 1.00000),
(428, '2012-08-01', 2, 1.00000),
(429, '2012-08-01', 1, 1.00000),
(430, '2012-08-01', 2, 1.00000),
(431, '2012-08-01', 1, 1.00000),
(432, '2012-08-01', 2, 1.00000),
(433, '2012-08-01', 1, 1.00000),
(434, '2012-08-01', 2, 1.00000),
(435, '2012-08-01', 1, 1.00000),
(436, '2012-08-01', 2, 1.00000),
(437, '2012-08-01', 1, 1.00000),
(438, '2012-08-01', 2, 1.00000),
(439, '2012-08-01', 1, 1.00000),
(440, '2012-08-01', 2, 1.00000),
(441, '2012-08-01', 1, 1.00000),
(442, '2012-08-01', 2, 1.00000),
(443, '2012-08-01', 1, 1.00000),
(444, '2012-08-01', 2, 1.00000),
(445, '2012-08-01', 1, 1.00000),
(446, '2012-08-01', 2, 1.00000),
(447, '2012-08-01', 1, 1.00000),
(448, '2012-08-01', 2, 1.00000),
(449, '2012-08-01', 1, 1.00000),
(450, '2012-08-01', 2, 1.00000),
(451, '2012-08-01', 1, 1.00000),
(452, '2012-08-01', 2, 1.00000),
(453, '2012-08-01', 1, 1.00000),
(454, '2012-08-01', 2, 1.00000),
(455, '2012-08-01', 1, 1.00000),
(456, '2012-08-01', 2, 1.00000),
(457, '2012-08-01', 1, 1.00000),
(458, '2012-08-01', 2, 1.00000),
(459, '2012-08-01', 1, 1.00000),
(460, '2012-08-01', 2, 1.00000),
(461, '2012-08-01', 1, 1.00000),
(462, '2012-08-01', 2, 1.00000),
(463, '2012-08-01', 1, 1.00000),
(464, '2012-08-01', 2, 1.00000),
(465, '2012-08-01', 1, 1.00000),
(466, '2012-08-01', 2, 1.00000),
(467, '2012-08-01', 1, 1.00000),
(468, '2012-08-01', 2, 1.00000),
(469, '2012-08-01', 1, 1.00000),
(470, '2012-08-01', 2, 1.00000),
(471, '2012-08-01', 1, 1.00000),
(472, '2012-08-01', 2, 1.00000),
(473, '2012-08-01', 1, 1.00000),
(474, '2012-08-01', 2, 1.00000),
(475, '2012-08-01', 1, 1.00000),
(476, '2012-08-01', 2, 1.00000),
(477, '2012-08-01', 1, 1.00000),
(478, '2012-08-01', 2, 1.00000),
(479, '2012-08-01', 1, 1.00000),
(480, '2012-08-01', 2, 1.00000),
(481, '2012-09-01', 1, 1.00000),
(482, '2012-09-01', 2, 1.00000),
(483, '2012-09-01', 1, 1.00000),
(484, '2012-09-01', 2, 1.00000),
(485, '2012-09-01', 1, 1.00000),
(486, '2012-09-01', 2, 1.00000),
(487, '2012-09-01', 1, 1.00000),
(488, '2012-09-01', 2, 1.00000),
(489, '2012-09-01', 1, 1.00000),
(490, '2012-09-01', 2, 1.00000),
(491, '2012-09-01', 1, 1.00000),
(492, '2012-09-01', 2, 1.00000),
(493, '2012-09-01', 1, 1.00000),
(494, '2012-09-01', 2, 1.00000),
(495, '2012-09-01', 1, 1.00000),
(496, '2012-09-01', 2, 1.00000),
(497, '2012-09-01', 1, 1.00000),
(498, '2012-09-01', 2, 1.00000),
(499, '2012-09-01', 1, 1.00000),
(500, '2012-09-01', 2, 1.00000),
(501, '2012-09-01', 1, 1.00000),
(502, '2012-09-01', 2, 1.00000),
(503, '2012-09-01', 1, 1.00000),
(504, '2012-09-01', 2, 1.00000),
(505, '2012-09-01', 1, 1.00000),
(506, '2012-09-01', 2, 1.00000),
(507, '2012-09-01', 1, 1.00000),
(508, '2012-09-01', 2, 1.00000),
(509, '2012-09-01', 1, 1.00000),
(510, '2012-09-01', 2, 1.00000),
(511, '2012-09-01', 1, 1.00000),
(512, '2012-09-01', 2, 1.00000),
(513, '2012-09-01', 1, 1.00000),
(514, '2012-09-01', 2, 1.00000),
(515, '2012-09-01', 1, 1.00000),
(516, '2012-09-01', 2, 1.00000),
(517, '2012-09-01', 1, 1.00000),
(518, '2012-09-01', 2, 1.00000),
(519, '2012-09-01', 1, 1.00000),
(520, '2012-09-01', 2, 1.00000),
(521, '2012-09-01', 1, 1.00000),
(522, '2012-09-01', 2, 1.00000),
(523, '2012-09-01', 1, 1.00000),
(524, '2012-09-01', 2, 1.00000),
(525, '2012-09-01', 1, 1.00000),
(526, '2012-09-01', 2, 1.00000),
(527, '2012-09-01', 1, 1.00000),
(528, '2012-09-01', 2, 1.00000),
(529, '2012-09-01', 1, 1.00000),
(530, '2012-09-01', 2, 1.00000),
(531, '2012-09-01', 1, 1.00000),
(532, '2012-09-01', 2, 1.00000),
(533, '2012-09-01', 1, 1.00000),
(534, '2012-09-01', 2, 1.00000),
(535, '2012-09-01', 1, 1.00000),
(536, '2012-09-01', 2, 1.00000),
(537, '2012-09-01', 1, 1.00000),
(538, '2012-09-01', 2, 1.00000),
(539, '2012-09-01', 1, 1.00000),
(540, '2012-09-01', 2, 1.00000),
(541, '2012-10-01', 1, 1.00000),
(542, '2012-10-01', 2, 1.00000),
(543, '2012-10-01', 1, 1.00000),
(544, '2012-10-01', 2, 1.00000),
(545, '2012-10-01', 1, 1.00000),
(546, '2012-10-01', 2, 1.00000),
(547, '2012-10-01', 1, 1.00000),
(548, '2012-10-01', 2, 1.00000),
(549, '2012-10-01', 1, 1.00000),
(550, '2012-10-01', 2, 1.00000),
(551, '2012-10-01', 1, 1.00000),
(552, '2012-10-01', 2, 1.00000),
(553, '2012-10-01', 1, 1.00000),
(554, '2012-10-01', 2, 1.00000),
(555, '2012-10-01', 1, 1.00000),
(556, '2012-10-01', 2, 1.00000),
(557, '2012-10-01', 1, 1.00000),
(558, '2012-10-01', 2, 1.00000),
(559, '2012-10-01', 1, 1.00000),
(560, '2012-10-01', 2, 1.00000),
(561, '2012-10-01', 1, 1.00000),
(562, '2012-10-01', 2, 1.00000),
(563, '2012-10-01', 1, 1.00000),
(564, '2012-10-01', 2, 1.00000),
(565, '2012-10-01', 1, 1.00000),
(566, '2012-10-01', 2, 1.00000),
(567, '2012-10-01', 1, 1.00000),
(568, '2012-10-01', 2, 1.00000),
(569, '2012-10-01', 1, 1.00000),
(570, '2012-10-01', 2, 1.00000),
(571, '2012-10-01', 1, 1.00000),
(572, '2012-10-01', 2, 1.00000),
(573, '2012-10-01', 1, 1.00000),
(574, '2012-10-01', 2, 1.00000),
(575, '2012-10-01', 1, 1.00000),
(576, '2012-10-01', 2, 1.00000),
(577, '2012-10-01', 1, 1.00000),
(578, '2012-10-01', 2, 1.00000),
(579, '2012-10-01', 1, 1.00000),
(580, '2012-10-01', 2, 1.00000),
(581, '2012-10-01', 1, 1.00000),
(582, '2012-10-01', 2, 1.00000),
(583, '2012-10-01', 1, 1.00000),
(584, '2012-10-01', 2, 1.00000),
(585, '2012-10-01', 1, 1.00000),
(586, '2012-10-01', 2, 1.00000),
(587, '2012-10-01', 1, 1.00000),
(588, '2012-10-01', 2, 1.00000),
(589, '2012-10-01', 1, 1.00000),
(590, '2012-10-01', 2, 1.00000),
(591, '2012-10-01', 1, 1.00000),
(592, '2012-10-01', 2, 1.00000),
(593, '2012-10-01', 1, 1.00000),
(594, '2012-10-01', 2, 1.00000),
(595, '2012-10-01', 1, 1.00000),
(596, '2012-10-01', 2, 1.00000),
(597, '2012-10-01', 1, 1.00000),
(598, '2012-10-01', 2, 1.00000),
(599, '2012-10-01', 1, 1.00000),
(600, '2012-10-01', 2, 1.00000),
(601, '2012-11-01', 1, 1.00000),
(602, '2012-11-01', 2, 1.00000),
(603, '2012-11-01', 1, 1.00000),
(604, '2012-11-01', 2, 1.00000),
(605, '2012-11-01', 1, 1.00000),
(606, '2012-11-01', 2, 1.00000),
(607, '2012-11-01', 1, 1.00000),
(608, '2012-11-01', 2, 1.00000),
(609, '2012-11-01', 1, 1.00000),
(610, '2012-11-01', 2, 1.00000),
(611, '2012-11-01', 1, 1.00000),
(612, '2012-11-01', 2, 1.00000),
(613, '2012-11-01', 1, 1.00000),
(614, '2012-11-01', 2, 1.00000),
(615, '2012-11-01', 1, 1.00000),
(616, '2012-11-01', 2, 1.00000),
(617, '2012-11-01', 1, 1.00000),
(618, '2012-11-01', 2, 1.00000),
(619, '2012-11-01', 1, 1.00000),
(620, '2012-11-01', 2, 1.00000),
(621, '2012-11-01', 1, 1.00000),
(622, '2012-11-01', 2, 1.00000),
(623, '2012-11-01', 1, 1.00000),
(624, '2012-11-01', 2, 1.00000),
(625, '2012-11-01', 1, 1.00000),
(626, '2012-11-01', 2, 1.00000),
(627, '2012-11-01', 1, 1.00000),
(628, '2012-11-01', 2, 1.00000),
(629, '2012-11-01', 1, 1.00000),
(630, '2012-11-01', 2, 1.00000),
(631, '2012-11-01', 1, 1.00000),
(632, '2012-11-01', 2, 1.00000),
(633, '2012-11-01', 1, 1.00000),
(634, '2012-11-01', 2, 1.00000),
(635, '2012-11-01', 1, 1.00000),
(636, '2012-11-01', 2, 1.00000),
(637, '2012-11-01', 1, 1.00000),
(638, '2012-11-01', 2, 1.00000),
(639, '2012-11-01', 1, 1.00000),
(640, '2012-11-01', 2, 1.00000),
(641, '2012-11-01', 1, 1.00000),
(642, '2012-11-01', 2, 1.00000),
(643, '2012-11-01', 1, 1.00000),
(644, '2012-11-01', 2, 1.00000),
(645, '2012-11-01', 1, 1.00000),
(646, '2012-11-01', 2, 1.00000),
(647, '2012-11-01', 1, 1.00000),
(648, '2012-11-01', 2, 1.00000),
(649, '2012-11-01', 1, 1.00000),
(650, '2012-11-01', 2, 1.00000),
(651, '2012-11-01', 1, 1.00000),
(652, '2012-11-01', 2, 1.00000),
(653, '2012-11-01', 1, 1.00000),
(654, '2012-11-01', 2, 1.00000),
(655, '2012-11-01', 1, 1.00000),
(656, '2012-11-01', 2, 1.00000),
(657, '2012-11-01', 1, 1.00000),
(658, '2012-11-01', 2, 1.00000),
(659, '2012-11-01', 1, 1.00000),
(660, '2012-11-01', 2, 1.00000),
(661, '2012-12-01', 1, 1.00000),
(662, '2012-12-01', 2, 1.00000),
(663, '2012-12-01', 1, 1.00000),
(664, '2012-12-01', 2, 1.00000),
(665, '2012-12-01', 1, 1.00000),
(666, '2012-12-01', 2, 1.00000),
(667, '2012-12-01', 1, 1.00000),
(668, '2012-12-01', 2, 1.00000),
(669, '2012-12-01', 1, 1.00000),
(670, '2012-12-01', 2, 1.00000),
(671, '2012-12-01', 1, 1.00000),
(672, '2012-12-01', 2, 1.00000),
(673, '2012-12-01', 1, 1.00000),
(674, '2012-12-01', 2, 1.00000),
(675, '2012-12-01', 1, 1.00000),
(676, '2012-12-01', 2, 1.00000),
(677, '2012-12-01', 1, 1.00000),
(678, '2012-12-01', 2, 1.00000),
(679, '2012-12-01', 1, 1.00000),
(680, '2012-12-01', 2, 1.00000),
(681, '2012-12-01', 1, 1.00000),
(682, '2012-12-01', 2, 1.00000),
(683, '2012-12-01', 1, 1.00000),
(684, '2012-12-01', 2, 1.00000),
(685, '2012-12-01', 1, 1.00000),
(686, '2012-12-01', 2, 1.00000),
(687, '2012-12-01', 1, 1.00000),
(688, '2012-12-01', 2, 1.00000),
(689, '2012-12-01', 1, 1.00000),
(690, '2012-12-01', 2, 1.00000),
(691, '2012-12-01', 1, 1.00000),
(692, '2012-12-01', 2, 1.00000),
(693, '2012-12-01', 1, 1.00000),
(694, '2012-12-01', 2, 1.00000),
(695, '2012-12-01', 1, 1.00000),
(696, '2012-12-01', 2, 1.00000),
(697, '2012-12-01', 1, 1.00000),
(698, '2012-12-01', 2, 1.00000),
(699, '2012-12-01', 1, 1.00000),
(700, '2012-12-01', 2, 1.00000),
(701, '2012-12-01', 1, 1.00000),
(702, '2012-12-01', 2, 1.00000),
(703, '2012-12-01', 1, 1.00000),
(704, '2012-12-01', 2, 1.00000),
(705, '2012-12-01', 1, 1.00000),
(706, '2012-12-01', 2, 1.00000),
(707, '2012-12-01', 1, 1.00000),
(708, '2012-12-01', 2, 1.00000),
(709, '2012-12-01', 1, 1.00000),
(710, '2012-12-01', 2, 1.00000),
(711, '2012-12-01', 1, 1.00000),
(712, '2012-12-01', 2, 1.00000),
(713, '2012-12-01', 1, 1.00000),
(714, '2012-12-01', 2, 1.00000),
(715, '2012-12-01', 1, 1.00000),
(716, '2012-12-01', 2, 1.00000),
(717, '2012-12-01', 1, 1.00000),
(718, '2012-12-01', 2, 1.00000),
(719, '2012-12-01', 1, 1.00000),
(720, '2012-12-01', 2, 1.00000),
(721, '2013-01-01', 1, 1.00000),
(722, '2013-01-01', 2, 1.00000),
(723, '2013-01-01', 1, 1.00000),
(724, '2013-01-01', 2, 1.00000),
(725, '2013-01-01', 1, 1.00000),
(726, '2013-01-01', 2, 1.00000),
(727, '2013-01-01', 1, 1.00000),
(728, '2013-01-01', 2, 1.00000),
(729, '2013-01-01', 1, 1.00000),
(730, '2013-01-01', 2, 1.00000),
(731, '2013-01-01', 1, 1.00000),
(732, '2013-01-01', 2, 1.00000),
(733, '2013-01-01', 1, 1.00000),
(734, '2013-01-01', 2, 1.00000),
(735, '2013-01-01', 1, 1.00000),
(736, '2013-01-01', 2, 1.00000),
(737, '2013-01-01', 1, 1.00000),
(738, '2013-01-01', 2, 1.00000),
(739, '2013-01-01', 1, 1.00000),
(740, '2013-01-01', 2, 1.00000),
(741, '2013-01-01', 1, 1.00000),
(742, '2013-01-01', 2, 1.00000),
(743, '2013-01-01', 1, 1.00000),
(744, '2013-01-01', 2, 1.00000),
(745, '2013-01-01', 1, 1.00000),
(746, '2013-01-01', 2, 1.00000),
(747, '2013-01-01', 1, 1.00000),
(748, '2013-01-01', 2, 1.00000),
(749, '2013-01-01', 1, 1.00000),
(750, '2013-01-01', 2, 1.00000),
(751, '2013-01-01', 1, 1.00000),
(752, '2013-01-01', 2, 1.00000),
(753, '2013-01-01', 1, 1.00000),
(754, '2013-01-01', 2, 1.00000),
(755, '2013-01-01', 1, 1.00000),
(756, '2013-01-01', 2, 1.00000),
(757, '2013-01-01', 1, 1.00000),
(758, '2013-01-01', 2, 1.00000),
(759, '2013-01-01', 1, 1.00000),
(760, '2013-01-01', 2, 1.00000),
(761, '2013-01-01', 1, 1.00000),
(762, '2013-01-01', 2, 1.00000),
(763, '2013-01-01', 1, 1.00000),
(764, '2013-01-01', 2, 1.00000),
(765, '2013-01-01', 1, 1.00000),
(766, '2013-01-01', 2, 1.00000),
(767, '2013-01-01', 1, 1.00000),
(768, '2013-01-01', 2, 1.00000),
(769, '2013-01-01', 1, 1.00000),
(770, '2013-01-01', 2, 1.00000),
(771, '2013-01-01', 1, 1.00000),
(772, '2013-01-01', 2, 1.00000),
(773, '2013-01-01', 1, 1.00000),
(774, '2013-01-01', 2, 1.00000),
(775, '2013-01-01', 1, 1.00000),
(776, '2013-01-01', 2, 1.00000),
(777, '2013-01-01', 1, 1.00000),
(778, '2013-01-01', 2, 1.00000),
(779, '2013-01-01', 1, 1.00000),
(780, '2013-01-01', 2, 1.00000),
(781, '2013-02-01', 1, 1.00000),
(782, '2013-02-01', 2, 1.00000),
(783, '2013-02-01', 1, 1.00000),
(784, '2013-02-01', 2, 1.00000),
(785, '2013-02-01', 1, 1.00000),
(786, '2013-02-01', 2, 1.00000),
(787, '2013-02-01', 1, 1.00000),
(788, '2013-02-01', 2, 1.00000),
(789, '2013-02-01', 1, 1.00000),
(790, '2013-02-01', 2, 1.00000),
(791, '2013-02-01', 1, 1.00000),
(792, '2013-02-01', 2, 1.00000),
(793, '2013-02-01', 1, 1.00000),
(794, '2013-02-01', 2, 1.00000),
(795, '2013-02-01', 1, 1.00000),
(796, '2013-02-01', 2, 1.00000),
(797, '2013-02-01', 1, 1.00000),
(798, '2013-02-01', 2, 1.00000),
(799, '2013-02-01', 1, 1.00000),
(800, '2013-02-01', 2, 1.00000),
(801, '2013-02-01', 1, 1.00000),
(802, '2013-02-01', 2, 1.00000),
(803, '2013-02-01', 1, 1.00000),
(804, '2013-02-01', 2, 1.00000),
(805, '2013-02-01', 1, 1.00000),
(806, '2013-02-01', 2, 1.00000),
(807, '2013-02-01', 1, 1.00000),
(808, '2013-02-01', 2, 1.00000),
(809, '2013-02-01', 1, 1.00000),
(810, '2013-02-01', 2, 1.00000),
(811, '2013-02-01', 1, 1.00000),
(812, '2013-02-01', 2, 1.00000),
(813, '2013-02-01', 1, 1.00000),
(814, '2013-02-01', 2, 1.00000),
(815, '2013-02-01', 1, 1.00000),
(816, '2013-02-01', 2, 1.00000),
(817, '2013-02-01', 1, 1.00000),
(818, '2013-02-01', 2, 1.00000),
(819, '2013-02-01', 1, 1.00000),
(820, '2013-02-01', 2, 1.00000),
(821, '2013-02-01', 1, 1.00000),
(822, '2013-02-01', 2, 1.00000),
(823, '2013-02-01', 1, 1.00000),
(824, '2013-02-01', 2, 1.00000),
(825, '2013-02-01', 1, 1.00000),
(826, '2013-02-01', 2, 1.00000),
(827, '2013-02-01', 1, 1.00000),
(828, '2013-02-01', 2, 1.00000),
(829, '2013-02-01', 1, 1.00000),
(830, '2013-02-01', 2, 1.00000),
(831, '2013-02-01', 1, 1.00000),
(832, '2013-02-01', 2, 1.00000),
(833, '2013-02-01', 1, 1.00000),
(834, '2013-02-01', 2, 1.00000),
(835, '2013-02-01', 1, 1.00000),
(836, '2013-02-01', 2, 1.00000),
(837, '2013-02-01', 1, 1.00000),
(838, '2013-02-01', 2, 1.00000),
(839, '2013-02-01', 1, 1.00000),
(840, '2013-02-01', 2, 1.00000),
(841, '2013-03-01', 1, 1.00000),
(842, '2013-03-01', 2, 1.00000),
(843, '2013-03-01', 1, 1.00000),
(844, '2013-03-01', 2, 1.00000),
(845, '2013-03-01', 1, 1.00000),
(846, '2013-03-01', 2, 1.00000),
(847, '2013-03-01', 1, 1.00000),
(848, '2013-03-01', 2, 1.00000),
(849, '2013-03-01', 1, 1.00000),
(850, '2013-03-01', 2, 1.00000),
(851, '2013-03-01', 1, 1.00000),
(852, '2013-03-01', 2, 1.00000),
(853, '2013-03-01', 1, 1.00000),
(854, '2013-03-01', 2, 1.00000),
(855, '2013-03-01', 1, 1.00000),
(856, '2013-03-01', 2, 1.00000),
(857, '2013-03-01', 1, 1.00000),
(858, '2013-03-01', 2, 1.00000),
(859, '2013-03-01', 1, 1.00000),
(860, '2013-03-01', 2, 1.00000),
(861, '2013-03-01', 1, 1.00000),
(862, '2013-03-01', 2, 1.00000),
(863, '2013-03-01', 1, 1.00000),
(864, '2013-03-01', 2, 1.00000),
(865, '2013-03-01', 1, 1.00000),
(866, '2013-03-01', 2, 1.00000),
(867, '2013-03-01', 1, 1.00000),
(868, '2013-03-01', 2, 1.00000),
(869, '2013-03-01', 1, 1.00000),
(870, '2013-03-01', 2, 1.00000),
(871, '2013-03-01', 1, 1.00000),
(872, '2013-03-01', 2, 1.00000),
(873, '2013-03-01', 1, 1.00000),
(874, '2013-03-01', 2, 1.00000),
(875, '2013-03-01', 1, 1.00000),
(876, '2013-03-01', 2, 1.00000),
(877, '2013-03-01', 1, 1.00000),
(878, '2013-03-01', 2, 1.00000),
(879, '2013-03-01', 1, 1.00000),
(880, '2013-03-01', 2, 1.00000),
(881, '2013-03-01', 1, 1.00000),
(882, '2013-03-01', 2, 1.00000),
(883, '2013-03-01', 1, 1.00000),
(884, '2013-03-01', 2, 1.00000),
(885, '2013-03-01', 1, 1.00000),
(886, '2013-03-01', 2, 1.00000),
(887, '2013-03-01', 1, 1.00000),
(888, '2013-03-01', 2, 1.00000),
(889, '2013-03-01', 1, 1.00000),
(890, '2013-03-01', 2, 1.00000),
(891, '2013-03-01', 1, 1.00000),
(892, '2013-03-01', 2, 1.00000),
(893, '2013-03-01', 1, 1.00000),
(894, '2013-03-01', 2, 1.00000),
(895, '2013-03-01', 1, 1.00000),
(896, '2013-03-01', 2, 1.00000),
(897, '2013-03-01', 1, 1.00000),
(898, '2013-03-01', 2, 1.00000),
(899, '2013-03-01', 1, 1.00000),
(900, '2013-03-01', 2, 1.00000),
(901, '2013-04-01', 1, 1.00000),
(902, '2013-04-01', 2, 1.00000),
(903, '2013-04-01', 1, 1.00000),
(904, '2013-04-01', 2, 1.00000),
(905, '2013-04-01', 1, 1.00000),
(906, '2013-04-01', 2, 1.00000),
(907, '2013-04-01', 1, 1.00000),
(908, '2013-04-01', 2, 1.00000),
(909, '2013-04-01', 1, 1.00000),
(910, '2013-04-01', 2, 1.00000),
(911, '2013-04-01', 1, 1.00000),
(912, '2013-04-01', 2, 1.00000),
(913, '2013-04-01', 1, 1.00000),
(914, '2013-04-01', 2, 1.00000),
(915, '2013-04-01', 1, 1.00000),
(916, '2013-04-01', 2, 1.00000),
(917, '2013-04-01', 1, 1.00000),
(918, '2013-04-01', 2, 1.00000),
(919, '2013-04-01', 1, 1.00000),
(920, '2013-04-01', 2, 1.00000),
(921, '2013-04-01', 1, 1.00000),
(922, '2013-04-01', 2, 1.00000),
(923, '2013-04-01', 1, 1.00000),
(924, '2013-04-01', 2, 1.00000),
(925, '2013-04-01', 1, 1.00000),
(926, '2013-04-01', 2, 1.00000),
(927, '2013-04-01', 1, 1.00000),
(928, '2013-04-01', 2, 1.00000),
(929, '2013-04-01', 1, 1.00000),
(930, '2013-04-01', 2, 1.00000),
(931, '2013-04-01', 1, 1.00000),
(932, '2013-04-01', 2, 1.00000),
(933, '2013-04-01', 1, 1.00000),
(934, '2013-04-01', 2, 1.00000),
(935, '2013-04-01', 1, 1.00000),
(936, '2013-04-01', 2, 1.00000),
(937, '2013-04-01', 1, 1.00000),
(938, '2013-04-01', 2, 1.00000),
(939, '2013-04-01', 1, 1.00000),
(940, '2013-04-01', 2, 1.00000),
(941, '2013-04-01', 1, 1.00000),
(942, '2013-04-01', 2, 1.00000),
(943, '2013-04-01', 1, 1.00000),
(944, '2013-04-01', 2, 1.00000),
(945, '2013-04-01', 1, 1.00000),
(946, '2013-04-01', 2, 1.00000),
(947, '2013-04-01', 1, 1.00000),
(948, '2013-04-01', 2, 1.00000),
(949, '2013-04-01', 1, 1.00000),
(950, '2013-04-01', 2, 1.00000),
(951, '2013-04-01', 1, 1.00000),
(952, '2013-04-01', 2, 1.00000),
(953, '2013-04-01', 1, 1.00000),
(954, '2013-04-01', 2, 1.00000),
(955, '2013-04-01', 1, 1.00000),
(956, '2013-04-01', 2, 1.00000),
(957, '2013-04-01', 1, 1.00000),
(958, '2013-04-01', 2, 1.00000),
(959, '2013-04-01', 1, 1.00000),
(960, '2013-04-01', 2, 1.00000),
(961, '2013-05-01', 1, 1.00000),
(962, '2013-05-01', 2, 1.00000),
(963, '2013-05-01', 1, 1.00000),
(964, '2013-05-01', 2, 1.00000),
(965, '2013-05-01', 1, 1.00000),
(966, '2013-05-01', 2, 1.00000),
(967, '2013-05-01', 1, 1.00000),
(968, '2013-05-01', 2, 1.00000),
(969, '2013-05-01', 1, 1.00000),
(970, '2013-05-01', 2, 1.00000),
(971, '2013-05-01', 1, 1.00000),
(972, '2013-05-01', 2, 1.00000),
(973, '2013-05-01', 1, 1.00000),
(974, '2013-05-01', 2, 1.00000),
(975, '2013-05-01', 1, 1.00000),
(976, '2013-05-01', 2, 1.00000),
(977, '2013-05-01', 1, 1.00000),
(978, '2013-05-01', 2, 1.00000),
(979, '2013-05-01', 1, 1.00000),
(980, '2013-05-01', 2, 1.00000),
(981, '2013-05-01', 1, 1.00000),
(982, '2013-05-01', 2, 1.00000),
(983, '2013-05-01', 1, 1.00000),
(984, '2013-05-01', 2, 1.00000),
(985, '2013-05-01', 1, 1.00000),
(986, '2013-05-01', 2, 1.00000),
(987, '2013-05-01', 1, 1.00000),
(988, '2013-05-01', 2, 1.00000),
(989, '2013-05-01', 1, 1.00000),
(990, '2013-05-01', 2, 1.00000),
(991, '2013-05-01', 1, 1.00000),
(992, '2013-05-01', 2, 1.00000),
(993, '2013-05-01', 1, 1.00000),
(994, '2013-05-01', 2, 1.00000),
(995, '2013-05-01', 1, 1.00000),
(996, '2013-05-01', 2, 1.00000),
(997, '2013-05-01', 1, 1.00000),
(998, '2013-05-01', 2, 1.00000),
(999, '2013-05-01', 1, 1.00000),
(1000, '2013-05-01', 2, 1.00000),
(1001, '2013-05-01', 1, 1.00000),
(1002, '2013-05-01', 2, 1.00000),
(1003, '2013-05-01', 1, 1.00000),
(1004, '2013-05-01', 2, 1.00000),
(1005, '2013-05-01', 1, 1.00000),
(1006, '2013-05-01', 2, 1.00000),
(1007, '2013-05-01', 1, 1.00000),
(1008, '2013-05-01', 2, 1.00000),
(1009, '2013-05-01', 1, 1.00000),
(1010, '2013-05-01', 2, 1.00000),
(1011, '2013-05-01', 1, 1.00000),
(1012, '2013-05-01', 2, 1.00000),
(1013, '2013-05-01', 1, 1.00000),
(1014, '2013-05-01', 2, 1.00000),
(1015, '2013-05-01', 1, 1.00000),
(1016, '2013-05-01', 2, 1.00000),
(1017, '2013-05-01', 1, 1.00000),
(1018, '2013-05-01', 2, 1.00000),
(1019, '2013-05-01', 1, 1.00000),
(1020, '2013-05-01', 2, 1.00000),
(1021, '2013-06-01', 1, 1.00000),
(1022, '2013-06-01', 2, 1.00000),
(1023, '2013-06-01', 1, 1.00000),
(1024, '2013-06-01', 2, 1.00000),
(1025, '2013-06-01', 1, 1.00000),
(1026, '2013-06-01', 2, 1.00000),
(1027, '2013-06-01', 1, 1.00000),
(1028, '2013-06-01', 2, 1.00000),
(1029, '2013-06-01', 1, 1.00000),
(1030, '2013-06-01', 2, 1.00000),
(1031, '2013-06-01', 1, 1.00000),
(1032, '2013-06-01', 2, 1.00000),
(1033, '2013-06-01', 1, 1.00000),
(1034, '2013-06-01', 2, 1.00000),
(1035, '2013-06-01', 1, 1.00000),
(1036, '2013-06-01', 2, 1.00000),
(1037, '2013-06-01', 1, 1.00000),
(1038, '2013-06-01', 2, 1.00000),
(1039, '2013-06-01', 1, 1.00000),
(1040, '2013-06-01', 2, 1.00000),
(1041, '2013-06-01', 1, 1.00000),
(1042, '2013-06-01', 2, 1.00000),
(1043, '2013-06-01', 1, 1.00000),
(1044, '2013-06-01', 2, 1.00000),
(1045, '2013-06-01', 1, 1.00000),
(1046, '2013-06-01', 2, 1.00000),
(1047, '2013-06-01', 1, 1.00000),
(1048, '2013-06-01', 2, 1.00000),
(1049, '2013-06-01', 1, 1.00000),
(1050, '2013-06-01', 2, 1.00000),
(1051, '2013-06-01', 1, 1.00000),
(1052, '2013-06-01', 2, 1.00000),
(1053, '2013-06-01', 1, 1.00000),
(1054, '2013-06-01', 2, 1.00000),
(1055, '2013-06-01', 1, 1.00000),
(1056, '2013-06-01', 2, 1.00000),
(1057, '2013-06-01', 1, 1.00000),
(1058, '2013-06-01', 2, 1.00000),
(1059, '2013-06-01', 1, 1.00000),
(1060, '2013-06-01', 2, 1.00000),
(1061, '2013-06-01', 1, 1.00000),
(1062, '2013-06-01', 2, 1.00000),
(1063, '2013-06-01', 1, 1.00000),
(1064, '2013-06-01', 2, 1.00000),
(1065, '2013-06-01', 1, 1.00000),
(1066, '2013-06-01', 2, 1.00000),
(1067, '2013-06-01', 1, 1.00000),
(1068, '2013-06-01', 2, 1.00000),
(1069, '2013-06-01', 1, 1.00000),
(1070, '2013-06-01', 2, 1.00000),
(1071, '2013-06-01', 1, 1.00000),
(1072, '2013-06-01', 2, 1.00000),
(1073, '2013-06-01', 1, 1.00000),
(1074, '2013-06-01', 2, 1.00000),
(1075, '2013-06-01', 1, 1.00000),
(1076, '2013-06-01', 2, 1.00000),
(1077, '2013-06-01', 1, 1.00000),
(1078, '2013-06-01', 2, 1.00000),
(1079, '2013-06-01', 1, 1.00000),
(1080, '2013-06-01', 2, 1.00000),
(1081, '2013-07-01', 1, 1.00000),
(1082, '2013-07-01', 2, 1.00000),
(1083, '2013-07-01', 1, 1.00000),
(1084, '2013-07-01', 2, 1.00000),
(1085, '2013-07-01', 1, 1.00000),
(1086, '2013-07-01', 2, 1.00000),
(1087, '2013-07-01', 1, 1.00000),
(1088, '2013-07-01', 2, 1.00000),
(1089, '2013-07-01', 1, 1.00000),
(1090, '2013-07-01', 2, 1.00000),
(1091, '2013-07-01', 1, 1.00000),
(1092, '2013-07-01', 2, 1.00000),
(1093, '2013-07-01', 1, 1.00000),
(1094, '2013-07-01', 2, 1.00000),
(1095, '2013-07-01', 1, 1.00000),
(1096, '2013-07-01', 2, 1.00000),
(1097, '2013-07-01', 1, 1.00000),
(1098, '2013-07-01', 2, 1.00000),
(1099, '2013-07-01', 1, 1.00000),
(1100, '2013-07-01', 2, 1.00000),
(1101, '2013-07-01', 1, 1.00000),
(1102, '2013-07-01', 2, 1.00000),
(1103, '2013-07-01', 1, 1.00000),
(1104, '2013-07-01', 2, 1.00000),
(1105, '2013-07-01', 1, 1.00000),
(1106, '2013-07-01', 2, 1.00000),
(1107, '2013-07-01', 1, 1.00000),
(1108, '2013-07-01', 2, 1.00000),
(1109, '2013-07-01', 1, 1.00000),
(1110, '2013-07-01', 2, 1.00000),
(1111, '2013-07-01', 1, 1.00000),
(1112, '2013-07-01', 2, 1.00000),
(1113, '2013-07-01', 1, 1.00000),
(1114, '2013-07-01', 2, 1.00000),
(1115, '2013-07-01', 1, 1.00000),
(1116, '2013-07-01', 2, 1.00000),
(1117, '2013-07-01', 1, 1.00000),
(1118, '2013-07-01', 2, 1.00000),
(1119, '2013-07-01', 1, 1.00000),
(1120, '2013-07-01', 2, 1.00000),
(1121, '2013-07-01', 1, 1.00000),
(1122, '2013-07-01', 2, 1.00000),
(1123, '2013-07-01', 1, 1.00000),
(1124, '2013-07-01', 2, 1.00000),
(1125, '2013-07-01', 1, 1.00000),
(1126, '2013-07-01', 2, 1.00000),
(1127, '2013-07-01', 1, 1.00000),
(1128, '2013-07-01', 2, 1.00000),
(1129, '2013-07-01', 1, 1.00000),
(1130, '2013-07-01', 2, 1.00000),
(1131, '2013-07-01', 1, 1.00000),
(1132, '2013-07-01', 2, 1.00000),
(1133, '2013-07-01', 1, 1.00000),
(1134, '2013-07-01', 2, 1.00000),
(1135, '2013-07-01', 1, 1.00000),
(1136, '2013-07-01', 2, 1.00000),
(1137, '2013-07-01', 1, 1.00000),
(1138, '2013-07-01', 2, 1.00000),
(1139, '2013-07-01', 1, 1.00000),
(1140, '2013-07-01', 2, 1.00000),
(1141, '2013-08-01', 1, 1.00000),
(1142, '2013-08-01', 2, 1.00000),
(1143, '2013-08-01', 1, 1.00000),
(1144, '2013-08-01', 2, 1.00000),
(1145, '2013-08-01', 1, 1.00000),
(1146, '2013-08-01', 2, 1.00000),
(1147, '2013-08-01', 1, 1.00000),
(1148, '2013-08-01', 2, 1.00000),
(1149, '2013-08-01', 1, 1.00000),
(1150, '2013-08-01', 2, 1.00000),
(1151, '2013-08-01', 1, 1.00000),
(1152, '2013-08-01', 2, 1.00000),
(1153, '2013-08-01', 1, 1.00000),
(1154, '2013-08-01', 2, 1.00000),
(1155, '2013-08-01', 1, 1.00000),
(1156, '2013-08-01', 2, 1.00000),
(1157, '2013-08-01', 1, 1.00000),
(1158, '2013-08-01', 2, 1.00000),
(1159, '2013-08-01', 1, 1.00000),
(1160, '2013-08-01', 2, 1.00000),
(1161, '2013-08-01', 1, 1.00000),
(1162, '2013-08-01', 2, 1.00000),
(1163, '2013-08-01', 1, 1.00000),
(1164, '2013-08-01', 2, 1.00000),
(1165, '2013-08-01', 1, 1.00000),
(1166, '2013-08-01', 2, 1.00000),
(1167, '2013-08-01', 1, 1.00000),
(1168, '2013-08-01', 2, 1.00000),
(1169, '2013-08-01', 1, 1.00000),
(1170, '2013-08-01', 2, 1.00000),
(1171, '2013-08-01', 1, 1.00000),
(1172, '2013-08-01', 2, 1.00000),
(1173, '2013-08-01', 1, 1.00000),
(1174, '2013-08-01', 2, 1.00000),
(1175, '2013-08-01', 1, 1.00000),
(1176, '2013-08-01', 2, 1.00000),
(1177, '2013-08-01', 1, 1.00000),
(1178, '2013-08-01', 2, 1.00000),
(1179, '2013-08-01', 1, 1.00000),
(1180, '2013-08-01', 2, 1.00000),
(1181, '2013-08-01', 1, 1.00000),
(1182, '2013-08-01', 2, 1.00000),
(1183, '2013-08-01', 1, 1.00000),
(1184, '2013-08-01', 2, 1.00000),
(1185, '2013-08-01', 1, 1.00000),
(1186, '2013-08-01', 2, 1.00000),
(1187, '2013-08-01', 1, 1.00000),
(1188, '2013-08-01', 2, 1.00000),
(1189, '2013-08-01', 1, 1.00000),
(1190, '2013-08-01', 2, 1.00000),
(1191, '2013-08-01', 1, 1.00000),
(1192, '2013-08-01', 2, 1.00000),
(1193, '2013-08-01', 1, 1.00000),
(1194, '2013-08-01', 2, 1.00000),
(1195, '2013-08-01', 1, 1.00000),
(1196, '2013-08-01', 2, 1.00000),
(1197, '2013-08-01', 1, 1.00000),
(1198, '2013-08-01', 2, 1.00000),
(1199, '2013-08-01', 1, 1.00000),
(1200, '2013-08-01', 2, 1.00000),
(1201, '2013-09-01', 1, 1.00000),
(1202, '2013-09-01', 2, 1.00000),
(1203, '2013-09-01', 1, 1.00000),
(1204, '2013-09-01', 2, 1.00000),
(1205, '2013-09-01', 1, 1.00000),
(1206, '2013-09-01', 2, 1.00000),
(1207, '2013-09-01', 1, 1.00000),
(1208, '2013-09-01', 2, 1.00000),
(1209, '2013-09-01', 1, 1.00000),
(1210, '2013-09-01', 2, 1.00000),
(1211, '2013-09-01', 1, 1.00000),
(1212, '2013-09-01', 2, 1.00000),
(1213, '2013-09-01', 1, 1.00000),
(1214, '2013-09-01', 2, 1.00000),
(1215, '2013-09-01', 1, 1.00000),
(1216, '2013-09-01', 2, 1.00000),
(1217, '2013-09-01', 1, 1.00000),
(1218, '2013-09-01', 2, 1.00000),
(1219, '2013-09-01', 1, 1.00000),
(1220, '2013-09-01', 2, 1.00000),
(1221, '2013-09-01', 1, 1.00000),
(1222, '2013-09-01', 2, 1.00000),
(1223, '2013-09-01', 1, 1.00000),
(1224, '2013-09-01', 2, 1.00000),
(1225, '2013-09-01', 1, 1.00000),
(1226, '2013-09-01', 2, 1.00000),
(1227, '2013-09-01', 1, 1.00000),
(1228, '2013-09-01', 2, 1.00000),
(1229, '2013-09-01', 1, 1.00000),
(1230, '2013-09-01', 2, 1.00000),
(1231, '2013-09-01', 1, 1.00000),
(1232, '2013-09-01', 2, 1.00000),
(1233, '2013-09-01', 1, 1.00000),
(1234, '2013-09-01', 2, 1.00000),
(1235, '2013-09-01', 1, 1.00000),
(1236, '2013-09-01', 2, 1.00000),
(1237, '2013-09-01', 1, 1.00000),
(1238, '2013-09-01', 2, 1.00000),
(1239, '2013-09-01', 1, 1.00000),
(1240, '2013-09-01', 2, 1.00000),
(1241, '2013-09-01', 1, 1.00000),
(1242, '2013-09-01', 2, 1.00000),
(1243, '2013-09-01', 1, 1.00000),
(1244, '2013-09-01', 2, 1.00000),
(1245, '2013-09-01', 1, 1.00000),
(1246, '2013-09-01', 2, 1.00000),
(1247, '2013-09-01', 1, 1.00000),
(1248, '2013-09-01', 2, 1.00000),
(1249, '2013-09-01', 1, 1.00000),
(1250, '2013-09-01', 2, 1.00000),
(1251, '2013-09-01', 1, 1.00000),
(1252, '2013-09-01', 2, 1.00000),
(1253, '2013-09-01', 1, 1.00000),
(1254, '2013-09-01', 2, 1.00000),
(1255, '2013-09-01', 1, 1.00000),
(1256, '2013-09-01', 2, 1.00000),
(1257, '2013-09-01', 1, 1.00000),
(1258, '2013-09-01', 2, 1.00000),
(1259, '2013-09-01', 1, 1.00000),
(1260, '2013-09-01', 2, 1.00000),
(1261, '2013-10-01', 1, 1.00000),
(1262, '2013-10-01', 2, 1.00000),
(1263, '2013-10-01', 1, 1.00000),
(1264, '2013-10-01', 2, 1.00000),
(1265, '2013-10-01', 1, 1.00000),
(1266, '2013-10-01', 2, 1.00000),
(1267, '2013-10-01', 1, 1.00000),
(1268, '2013-10-01', 2, 1.00000),
(1269, '2013-10-01', 1, 1.00000),
(1270, '2013-10-01', 2, 1.00000),
(1271, '2013-10-01', 1, 1.00000),
(1272, '2013-10-01', 2, 1.00000),
(1273, '2013-10-01', 1, 1.00000),
(1274, '2013-10-01', 2, 1.00000),
(1275, '2013-10-01', 1, 1.00000),
(1276, '2013-10-01', 2, 1.00000),
(1277, '2013-10-01', 1, 1.00000),
(1278, '2013-10-01', 2, 1.00000),
(1279, '2013-10-01', 1, 1.00000),
(1280, '2013-10-01', 2, 1.00000),
(1281, '2013-10-01', 1, 1.00000),
(1282, '2013-10-01', 2, 1.00000),
(1283, '2013-10-01', 1, 1.00000),
(1284, '2013-10-01', 2, 1.00000),
(1285, '2013-10-01', 1, 1.00000),
(1286, '2013-10-01', 2, 1.00000),
(1287, '2013-10-01', 1, 1.00000),
(1288, '2013-10-01', 2, 1.00000),
(1289, '2013-10-01', 1, 1.00000),
(1290, '2013-10-01', 2, 1.00000),
(1291, '2013-10-01', 1, 1.00000),
(1292, '2013-10-01', 2, 1.00000),
(1293, '2013-10-01', 1, 1.00000),
(1294, '2013-10-01', 2, 1.00000),
(1295, '2013-10-01', 1, 1.00000),
(1296, '2013-10-01', 2, 1.00000),
(1297, '2013-10-01', 1, 1.00000),
(1298, '2013-10-01', 2, 1.00000),
(1299, '2013-10-01', 1, 1.00000),
(1300, '2013-10-01', 2, 1.00000),
(1301, '2013-10-01', 1, 1.00000),
(1302, '2013-10-01', 2, 1.00000),
(1303, '2013-10-01', 1, 1.00000),
(1304, '2013-10-01', 2, 1.00000),
(1305, '2013-10-01', 1, 1.00000),
(1306, '2013-10-01', 2, 1.00000),
(1307, '2013-10-01', 1, 1.00000),
(1308, '2013-10-01', 2, 1.00000),
(1309, '2013-10-01', 1, 1.00000),
(1310, '2013-10-01', 2, 1.00000),
(1311, '2013-10-01', 1, 1.00000),
(1312, '2013-10-01', 2, 1.00000),
(1313, '2013-10-01', 1, 1.00000),
(1314, '2013-10-01', 2, 1.00000),
(1315, '2013-10-01', 1, 1.00000),
(1316, '2013-10-01', 2, 1.00000),
(1317, '2013-10-01', 1, 1.00000),
(1318, '2013-10-01', 2, 1.00000),
(1319, '2013-10-01', 1, 1.00000),
(1320, '2013-10-01', 2, 1.00000),
(1321, '2013-11-01', 1, 1.00000),
(1322, '2013-11-01', 2, 1.00000),
(1323, '2013-11-01', 1, 1.00000),
(1324, '2013-11-01', 2, 1.00000),
(1325, '2013-11-01', 1, 1.00000),
(1326, '2013-11-01', 2, 1.00000),
(1327, '2013-11-01', 1, 1.00000),
(1328, '2013-11-01', 2, 1.00000),
(1329, '2013-11-01', 1, 1.00000),
(1330, '2013-11-01', 2, 1.00000),
(1331, '2013-11-01', 1, 1.00000),
(1332, '2013-11-01', 2, 1.00000),
(1333, '2013-11-01', 1, 1.00000),
(1334, '2013-11-01', 2, 1.00000),
(1335, '2013-11-01', 1, 1.00000),
(1336, '2013-11-01', 2, 1.00000),
(1337, '2013-11-01', 1, 1.00000),
(1338, '2013-11-01', 2, 1.00000),
(1339, '2013-11-01', 1, 1.00000),
(1340, '2013-11-01', 2, 1.00000),
(1341, '2013-11-01', 1, 1.00000),
(1342, '2013-11-01', 2, 1.00000),
(1343, '2013-11-01', 1, 1.00000),
(1344, '2013-11-01', 2, 1.00000),
(1345, '2013-11-01', 1, 1.00000),
(1346, '2013-11-01', 2, 1.00000),
(1347, '2013-11-01', 1, 1.00000),
(1348, '2013-11-01', 2, 1.00000),
(1349, '2013-11-01', 1, 1.00000),
(1350, '2013-11-01', 2, 1.00000),
(1351, '2013-11-01', 1, 1.00000),
(1352, '2013-11-01', 2, 1.00000),
(1353, '2013-11-01', 1, 1.00000),
(1354, '2013-11-01', 2, 1.00000),
(1355, '2013-11-01', 1, 1.00000),
(1356, '2013-11-01', 2, 1.00000),
(1357, '2013-11-01', 1, 1.00000),
(1358, '2013-11-01', 2, 1.00000),
(1359, '2013-11-01', 1, 1.00000),
(1360, '2013-11-01', 2, 1.00000),
(1361, '2013-11-01', 1, 1.00000),
(1362, '2013-11-01', 2, 1.00000),
(1363, '2013-11-01', 1, 1.00000),
(1364, '2013-11-01', 2, 1.00000),
(1365, '2013-11-01', 1, 1.00000),
(1366, '2013-11-01', 2, 1.00000),
(1367, '2013-11-01', 1, 1.00000),
(1368, '2013-11-01', 2, 1.00000),
(1369, '2013-11-01', 1, 1.00000),
(1370, '2013-11-01', 2, 1.00000),
(1371, '2013-11-01', 1, 1.00000),
(1372, '2013-11-01', 2, 1.00000),
(1373, '2013-11-01', 1, 1.00000),
(1374, '2013-11-01', 2, 1.00000),
(1375, '2013-11-01', 1, 1.00000),
(1376, '2013-11-01', 2, 1.00000),
(1377, '2013-11-01', 1, 1.00000),
(1378, '2013-11-01', 2, 1.00000),
(1379, '2013-11-01', 1, 1.00000),
(1380, '2013-11-01', 2, 1.00000),
(1381, '2013-12-01', 1, 1.00000),
(1382, '2013-12-01', 2, 1.00000),
(1383, '2013-12-01', 1, 1.00000),
(1384, '2013-12-01', 2, 1.00000),
(1385, '2013-12-01', 1, 1.00000),
(1386, '2013-12-01', 2, 1.00000),
(1387, '2013-12-01', 1, 1.00000),
(1388, '2013-12-01', 2, 1.00000),
(1389, '2013-12-01', 1, 1.00000),
(1390, '2013-12-01', 2, 1.00000),
(1391, '2013-12-01', 1, 1.00000),
(1392, '2013-12-01', 2, 1.00000),
(1393, '2013-12-01', 1, 1.00000),
(1394, '2013-12-01', 2, 1.00000),
(1395, '2013-12-01', 1, 1.00000),
(1396, '2013-12-01', 2, 1.00000),
(1397, '2013-12-01', 1, 1.00000),
(1398, '2013-12-01', 2, 1.00000),
(1399, '2013-12-01', 1, 1.00000),
(1400, '2013-12-01', 2, 1.00000),
(1401, '2013-12-01', 1, 1.00000),
(1402, '2013-12-01', 2, 1.00000),
(1403, '2013-12-01', 1, 1.00000),
(1404, '2013-12-01', 2, 1.00000),
(1405, '2013-12-01', 1, 1.00000),
(1406, '2013-12-01', 2, 1.00000),
(1407, '2013-12-01', 1, 1.00000),
(1408, '2013-12-01', 2, 1.00000),
(1409, '2013-12-01', 1, 1.00000),
(1410, '2013-12-01', 2, 1.00000),
(1411, '2013-12-01', 1, 1.00000),
(1412, '2013-12-01', 2, 1.00000),
(1413, '2013-12-01', 1, 1.00000),
(1414, '2013-12-01', 2, 1.00000),
(1415, '2013-12-01', 1, 1.00000),
(1416, '2013-12-01', 2, 1.00000),
(1417, '2013-12-01', 1, 1.00000),
(1418, '2013-12-01', 2, 1.00000),
(1419, '2013-12-01', 1, 1.00000),
(1420, '2013-12-01', 2, 1.00000),
(1421, '2013-12-01', 1, 1.00000),
(1422, '2013-12-01', 2, 1.00000),
(1423, '2013-12-01', 1, 1.00000),
(1424, '2013-12-01', 2, 1.00000),
(1425, '2013-12-01', 1, 1.00000),
(1426, '2013-12-01', 2, 1.00000),
(1427, '2013-12-01', 1, 1.00000),
(1428, '2013-12-01', 2, 1.00000),
(1429, '2013-12-01', 1, 1.00000),
(1430, '2013-12-01', 2, 1.00000),
(1431, '2013-12-01', 1, 1.00000),
(1432, '2013-12-01', 2, 1.00000),
(1433, '2013-12-01', 1, 1.00000),
(1434, '2013-12-01', 2, 1.00000),
(1435, '2013-12-01', 1, 1.00000),
(1436, '2013-12-01', 2, 1.00000),
(1437, '2013-12-01', 1, 1.00000),
(1438, '2013-12-01', 2, 1.00000),
(1439, '2013-12-01', 1, 1.00000),
(1440, '2013-12-01', 2, 1.00000);

-- --------------------------------------------------------

--
-- Table structure for table `app_historicalexpense`
--

CREATE TABLE IF NOT EXISTS `app_historicalexpense` (
  `id` int(11) NOT NULL AUTO_INCREMENT,
  `expense_id` int(11) NOT NULL,
  PRIMARY KEY (`id`),
  KEY `app_historicalexpense_5c5bdf45` (`expense_id`)
) ENGINE=InnoDB DEFAULT CHARSET=utf8 AUTO_INCREMENT=1 ;

-- --------------------------------------------------------

--
-- Table structure for table `app_historicalfee`
--

CREATE TABLE IF NOT EXISTS `app_historicalfee` (
  `id` int(11) NOT NULL AUTO_INCREMENT,
  `fee_id` int(11) NOT NULL,
  PRIMARY KEY (`id`),
  KEY `app_historicalfee_5fbdaeed` (`fee_id`)
) ENGINE=InnoDB DEFAULT CHARSET=utf8 AUTO_INCREMENT=1 ;

-- --------------------------------------------------------

--
-- Table structure for table `app_historicclient`
--

CREATE TABLE IF NOT EXISTS `app_historicclient` (
  `id` int(11) NOT NULL AUTO_INCREMENT,
  `client_id` int(11) NOT NULL,
  PRIMARY KEY (`id`),
  KEY `app_historicclient_4a4e8ffb` (`client_id`)
) ENGINE=InnoDB DEFAULT CHARSET=utf8 AUTO_INCREMENT=1 ;

-- --------------------------------------------------------

--
-- Table structure for table `app_historicfund`
--

CREATE TABLE IF NOT EXISTS `app_historicfund` (
  `id` int(11) NOT NULL AUTO_INCREMENT,
  `fund_id` int(11) NOT NULL,
  PRIMARY KEY (`id`),
  KEY `app_historicfund_10400ffb` (`fund_id`)
) ENGINE=InnoDB DEFAULT CHARSET=utf8 AUTO_INCREMENT=1 ;

-- --------------------------------------------------------

--
-- Table structure for table `app_holding`
--

CREATE TABLE IF NOT EXISTS `app_holding` (
  `id` int(11) NOT NULL AUTO_INCREMENT,
  `name` varchar(50) NOT NULL,
  `fee_id` int(11) DEFAULT NULL,
  `fund_id` int(11) NOT NULL,
  `currency_id` int(11) NOT NULL,
  `country_id` int(11) NOT NULL,
  `counter_party_id` int(11) NOT NULL,
  `sector_id` int(11) NOT NULL,
  `sub_sector_id` int(11) NOT NULL,
  `location_id` int(11) NOT NULL,
  `asset_class_id` int(11) NOT NULL,
  `isin` varchar(12) NOT NULL,
  `rep_code` varchar(50) NOT NULL,
  `description` longtext NOT NULL,
  `valoren` int(11) NOT NULL,
  `mtd` decimal(15,5) NOT NULL,
  `nav` decimal(20,2) NOT NULL,
  `interest_rate` decimal(20,5) NOT NULL,
  `current_price` decimal(20,8) NOT NULL,
  `no_of_units` decimal(20,2) NOT NULL,
  `price_of_unit` decimal(20,5) NOT NULL,
  `weight` decimal(20,5) NOT NULL,
  `cumulative_nav` decimal(20,5) NOT NULL,
  `cumulative_weight` decimal(20,5) NOT NULL,
  `value_date` date NOT NULL,
  `inflow_euro` decimal(20,2) NOT NULL,
  `inflow_dollar` decimal(20,2) NOT NULL,
  `outflow_euro` decimal(20,2) NOT NULL,
  `outflow_dollar` decimal(20,2) NOT NULL,
  `delta_valuation` decimal(20,2) NOT NULL,
  `delta_flow` decimal(20,2) NOT NULL,
  `cash_flow` decimal(20,2) NOT NULL,
  `irr` decimal(20,2) NOT NULL,
  `drawdown` decimal(15,5) NOT NULL,
  `distribution` decimal(15,5) NOT NULL,
  `residual_commit` decimal(15,5) NOT NULL,
  `valuation` decimal(15,5) NOT NULL,
  `total_value` decimal(15,5) NOT NULL,
  `proceed` decimal(15,5) NOT NULL,
  `commit` decimal(15,5) NOT NULL,
  `various` decimal(15,5) NOT NULL,
  `dealing_date` date NOT NULL,
  `redemption_frequency` smallint(6) NOT NULL,
  `redemption_date` date NOT NULL,
  `redemption_notice` decimal(20,5) NOT NULL,
  `max_redemption` decimal(20,5) NOT NULL,
  `payment_days` decimal(20,5) NOT NULL,
  `gate` decimal(20,5) NOT NULL,
  `soft_lock` smallint(6) NOT NULL,
  `redemption_fee12` decimal(20,5) NOT NULL,
  `redemption_fee24` decimal(20,5) NOT NULL,
  `redemption_fee36` decimal(20,5) NOT NULL,
  PRIMARY KEY (`id`),
  KEY `app_holding_5fbdaeed` (`fee_id`),
  KEY `app_holding_10400ffb` (`fund_id`),
  KEY `app_holding_41f657b3` (`currency_id`),
  KEY `app_holding_534dd89` (`country_id`),
  KEY `app_holding_edff8554` (`counter_party_id`),
  KEY `app_holding_94c48b8` (`sector_id`),
  KEY `app_holding_d7cad665` (`sub_sector_id`),
  KEY `app_holding_319d859` (`location_id`),
  KEY `app_holding_fed04f2e` (`asset_class_id`)
) ENGINE=InnoDB  DEFAULT CHARSET=utf8 AUTO_INCREMENT=4 ;

--
-- Dumping data for table `app_holding`
--

INSERT INTO `app_holding` (`id`, `name`, `fee_id`, `fund_id`, `currency_id`, `country_id`, `counter_party_id`, `sector_id`, `sub_sector_id`, `location_id`, `asset_class_id`, `isin`, `rep_code`, `description`, `valoren`, `mtd`, `nav`, `interest_rate`, `current_price`, `no_of_units`, `price_of_unit`, `weight`, `cumulative_nav`, `cumulative_weight`, `value_date`, `inflow_euro`, `inflow_dollar`, `outflow_euro`, `outflow_dollar`, `delta_valuation`, `delta_flow`, `cash_flow`, `irr`, `drawdown`, `distribution`, `residual_commit`, `valuation`, `total_value`, `proceed`, `commit`, `various`, `dealing_date`, `redemption_frequency`, `redemption_date`, `redemption_notice`, `max_redemption`, `payment_days`, `gate`, `soft_lock`, `redemption_fee12`, `redemption_fee24`, `redemption_fee36`) VALUES
(1, 'Coca Cola', 1, 1, 2, 9, 2, 1, 5, 11, 17, '1', '1', 'n/a', 1, 2.00000, 6369486.00, 1.00000, 79.00000000, 8912.00, 30.00000, 0.47028, 4689.00000, 10.00000, '2013-02-23', 61968.00, 54036.00, 39967.00, 49949.00, 3026.00, 27912.00, 28256.00, 19127.00, 31305.00000, 6088.00000, 30967.00000, 295.00000, 77588.00000, 43382.00000, 45899.00000, 24052.00000, '2013-05-22', 3, '2013-10-24', 30.00000, 26.00000, 30.00000, 15.00000, 1, 1.00000, 3.00000, 3.00000),
(2, 'Pepsi', 1, 1, 2, 9, 2, 2, 4, 10, 17, '1', '1', 'n/a', 1, 3.00000, 1552744.00, 1.00000, 53.00000000, 3315.00, 41.00000, 0.49749, 4247.00000, 68.00000, '2013-04-09', 11216.00, 82570.00, 53255.00, 42831.00, 42641.00, 24618.00, 26076.00, 10598.00, 89098.00000, 80795.00000, 12939.00000, 867.00000, 79956.00000, 83492.00000, 45005.00000, 84441.00000, '2013-02-05', 1, '2012-11-18', 30.00000, 10.00000, 30.00000, 21.00000, 1, 1.00000, 3.00000, 4.00000),
(3, 'Pussy', 1, 1, 1, 6, 1, 1, 3, 9, 17, '1', '1', 'n/a', 1, 4.00000, 3658567.00, 1.00000, 104.00000000, 8380.00, 7.00000, 0.28777, 615.00000, 30.00000, '2013-12-16', 90162.00, 16634.00, 29316.00, 11405.00, 79991.00, 98758.00, 76840.00, 66674.00, 76708.00000, 66537.00000, 72805.00000, 89137.00000, 36581.00000, 45353.00000, 56096.00000, 80368.00000, '2012-10-19', 1, '2012-07-02', 30.00000, 22.00000, 30.00000, 25.00000, 1, 1.00000, 3.00000, 3.00000);

-- --------------------------------------------------------

--
-- Table structure for table `app_holdingcategory`
--

CREATE TABLE IF NOT EXISTS `app_holdingcategory` (
  `id` int(11) NOT NULL AUTO_INCREMENT,
  `name` varchar(50) NOT NULL,
  `holding_group` varchar(3) NOT NULL,
  PRIMARY KEY (`id`)
) ENGINE=InnoDB  DEFAULT CHARSET=utf8 AUTO_INCREMENT=24 ;

--
-- Dumping data for table `app_holdingcategory`
--

INSERT INTO `app_holdingcategory` (`id`, `name`, `holding_group`) VALUES
(1, 'Utilities', 'sec'),
(2, 'Financials', 'sec'),
(3, 'Banking', 'sub'),
(4, 'Insurance', 'sub'),
(5, 'Water', 'sub'),
(6, 'Electric', 'sub'),
(8, 'Asia', 'loc'),
(9, 'US', 'loc'),
(10, 'EM', 'loc'),
(11, 'Latin America', 'loc'),
(12, 'Equities', 'ass'),
(13, 'Mining ', 'sec'),
(14, 'Euro', 'cur'),
(15, 'USD', 'cur'),
(16, 'CHF', 'all'),
(17, 'Fund', 'ass'),
(18, 'Side Pockets', 'inv'),
(19, 'Fund of Funds', 'inv'),
(20, 'Cash', 'inv'),
(21, 'Pussy', 'hol'),
(22, 'Coca Cola', 'hol'),
(23, 'Pepsi', 'inv');

-- --------------------------------------------------------

--
-- Table structure for table `app_holdingtype`
--

CREATE TABLE IF NOT EXISTS `app_holdingtype` (
  `id` int(11) NOT NULL AUTO_INCREMENT,
  `name` varchar(50) NOT NULL,
  `key` varchar(50) NOT NULL,
  PRIMARY KEY (`id`)
) ENGINE=InnoDB DEFAULT CHARSET=utf8 AUTO_INCREMENT=1 ;

-- --------------------------------------------------------

--
-- Table structure for table `app_holding_client`
--

CREATE TABLE IF NOT EXISTS `app_holding_client` (
  `id` int(11) NOT NULL AUTO_INCREMENT,
  `holding_id` int(11) NOT NULL,
  `client_id` int(11) NOT NULL,
  PRIMARY KEY (`id`),
  UNIQUE KEY `holding_id` (`holding_id`,`client_id`),
  KEY `app_holding_client_460919ce` (`holding_id`),
  KEY `app_holding_client_4a4e8ffb` (`client_id`)
) ENGINE=InnoDB  DEFAULT CHARSET=utf8 AUTO_INCREMENT=4 ;

--
-- Dumping data for table `app_holding_client`
--

INSERT INTO `app_holding_client` (`id`, `holding_id`, `client_id`) VALUES
(1, 1, 1),
(2, 1, 2),
(3, 2, 1);

-- --------------------------------------------------------

--
-- Table structure for table `app_holdperf`
--

CREATE TABLE IF NOT EXISTS `app_holdperf` (
  `id` int(11) NOT NULL AUTO_INCREMENT,
  `holding_id` int(11) NOT NULL,
  `holding_category_id` int(11) NOT NULL,
  `month_id` int(11) NOT NULL,
  `nav` decimal(20,2) NOT NULL,
  `interest_rate` decimal(20,5) NOT NULL,
  `performance` decimal(20,5) NOT NULL,
  `current_price` decimal(20,8) NOT NULL,
  `no_of_units` decimal(20,2) NOT NULL,
  `weight` decimal(20,5) NOT NULL,
  `value_date` date NOT NULL,
  PRIMARY KEY (`id`),
  KEY `app_holdperf_460919ce` (`holding_id`),
  KEY `app_holdperf_4ebfd118` (`holding_category_id`),
  KEY `app_holdperf_798ba507` (`month_id`)
) ENGINE=InnoDB  DEFAULT CHARSET=utf8 AUTO_INCREMENT=2194 ;

--
-- Dumping data for table `app_holdperf`
--

INSERT INTO `app_holdperf` (`id`, `holding_id`, `holding_category_id`, `month_id`, `nav`, `interest_rate`, `performance`, `current_price`, `no_of_units`, `weight`, `value_date`) VALUES
(1, 1, 23, 600, 8413072.00, 1.00000, 2.00000, 107.00000000, 420.00, 0.77101, '2012-01-01'),
(2, 1, 23, 600, 8156396.00, 1.00000, 1.00000, 89.00000000, 3804.00, 0.22405, '2012-01-02'),
(3, 1, 23, 600, 9268330.00, 1.00000, 4.00000, 64.00000000, 1338.00, 0.55156, '2012-01-03'),
(4, 1, 23, 600, 6156792.00, 1.00000, 3.00000, 104.00000000, 3125.00, 0.93706, '2012-01-04'),
(5, 1, 23, 600, 8634891.00, 1.00000, 2.00000, 110.00000000, 9193.00, 0.69493, '2012-01-05'),
(6, 1, 23, 600, 330818.00, 1.00000, 1.00000, 53.00000000, 8029.00, 0.95806, '2012-01-06'),
(7, 1, 23, 600, 697054.00, 1.00000, 2.00000, 103.00000000, 6904.00, 0.70730, '2012-01-07'),
(8, 1, 23, 600, 2080312.00, 1.00000, 4.00000, 77.00000000, 1312.00, 0.49008, '2012-01-08'),
(9, 1, 23, 600, 4442799.00, 1.00000, 4.00000, 54.00000000, 2962.00, 0.69711, '2012-01-09'),
(10, 1, 23, 600, 2002248.00, 1.00000, 3.00000, 119.00000000, 4719.00, 0.99948, '2012-01-10'),
(11, 1, 23, 600, 1338443.00, 1.00000, 4.00000, 62.00000000, 2683.00, 0.97302, '2012-01-11'),
(12, 1, 23, 600, 2090092.00, 1.00000, 4.00000, 111.00000000, 4962.00, 0.70167, '2012-01-12'),
(13, 1, 23, 600, 6927047.00, 1.00000, 3.00000, 84.00000000, 9266.00, 0.66627, '2012-01-13'),
(14, 1, 23, 600, 1665091.00, 1.00000, 4.00000, 71.00000000, 1233.00, 0.86310, '2012-01-14'),
(15, 1, 23, 600, 8393990.00, 1.00000, 3.00000, 92.00000000, 6138.00, 0.18289, '2012-01-15'),
(16, 1, 23, 600, 8441091.00, 1.00000, 1.00000, 107.00000000, 1993.00, 0.91163, '2012-01-16'),
(17, 1, 23, 600, 6241762.00, 1.00000, 2.00000, 74.00000000, 2955.00, 0.51630, '2012-01-17'),
(18, 1, 23, 600, 9782794.00, 1.00000, 2.00000, 96.00000000, 2935.00, 0.27949, '2012-01-18'),
(19, 1, 23, 600, 1025244.00, 1.00000, 3.00000, 110.00000000, 8588.00, 0.98607, '2012-01-19'),
(20, 1, 23, 600, 9330289.00, 1.00000, 1.00000, 109.00000000, 4577.00, 0.65797, '2012-01-20'),
(21, 1, 23, 600, 3554372.00, 1.00000, 4.00000, 108.00000000, 70.00, 0.18203, '2012-01-21'),
(22, 1, 23, 600, 6513689.00, 1.00000, 3.00000, 98.00000000, 7148.00, 0.66480, '2012-01-22'),
(23, 1, 23, 600, 9794838.00, 1.00000, 2.00000, 64.00000000, 4701.00, 0.80223, '2012-01-23'),
(24, 1, 23, 600, 2928739.00, 1.00000, 3.00000, 56.00000000, 9434.00, 0.46671, '2012-01-24'),
(25, 1, 23, 600, 9845893.00, 1.00000, 3.00000, 67.00000000, 8105.00, 0.64265, '2012-01-25'),
(26, 1, 23, 600, 6785012.00, 1.00000, 4.00000, 63.00000000, 6828.00, 0.22739, '2012-01-26'),
(27, 1, 23, 600, 8446164.00, 1.00000, 2.00000, 92.00000000, 2258.00, 0.11320, '2012-01-27'),
(28, 1, 23, 600, 3402703.00, 1.00000, 4.00000, 107.00000000, 1594.00, 0.56178, '2012-01-28'),
(29, 1, 23, 600, 8570188.00, 1.00000, 1.00000, 114.00000000, 7306.00, 0.15410, '2012-01-29'),
(30, 1, 23, 600, 318032.00, 1.00000, 1.00000, 81.00000000, 6337.00, 0.60597, '2012-01-30'),
(31, 1, 23, 600, 446155.00, 1.00000, 3.00000, 80.00000000, 3019.00, 0.62986, '2012-01-31'),
(32, 1, 23, 600, 9314747.00, 1.00000, 2.00000, 114.00000000, 350.00, 0.43440, '2012-02-01'),
(33, 1, 23, 600, 9367165.00, 1.00000, 2.00000, 93.00000000, 1281.00, 0.90544, '2012-02-02'),
(34, 1, 23, 600, 318857.00, 1.00000, 1.00000, 52.00000000, 4297.00, 0.22280, '2012-02-03'),
(35, 1, 23, 600, 6274694.00, 1.00000, 2.00000, 56.00000000, 2250.00, 0.79901, '2012-02-04'),
(36, 1, 23, 600, 2079305.00, 1.00000, 2.00000, 60.00000000, 1486.00, 0.93801, '2012-02-05'),
(37, 1, 23, 600, 8156793.00, 1.00000, 3.00000, 109.00000000, 1934.00, 0.48168, '2012-02-06'),
(38, 1, 23, 600, 526948.00, 1.00000, 4.00000, 98.00000000, 8577.00, 0.74043, '2012-02-07'),
(39, 1, 23, 600, 503100.00, 1.00000, 1.00000, 82.00000000, 1299.00, 0.76128, '2012-02-08'),
(40, 1, 23, 600, 8086841.00, 1.00000, 1.00000, 67.00000000, 4928.00, 0.48686, '2012-02-09'),
(41, 1, 23, 600, 3099042.00, 1.00000, 2.00000, 80.00000000, 7073.00, 0.72349, '2012-02-10'),
(42, 1, 23, 600, 4626425.00, 1.00000, 4.00000, 117.00000000, 8813.00, 0.64257, '2012-02-11'),
(43, 1, 23, 600, 3773254.00, 1.00000, 2.00000, 58.00000000, 7531.00, 0.75280, '2012-02-12'),
(44, 1, 23, 600, 8430992.00, 1.00000, 1.00000, 115.00000000, 7689.00, 0.72666, '2012-02-13'),
(45, 1, 23, 600, 940434.00, 1.00000, 3.00000, 62.00000000, 6789.00, 0.22551, '2012-02-14'),
(46, 1, 23, 600, 9806583.00, 1.00000, 3.00000, 62.00000000, 2156.00, 0.60158, '2012-02-15'),
(47, 1, 23, 600, 1446126.00, 1.00000, 2.00000, 73.00000000, 996.00, 0.31448, '2012-02-16'),
(48, 1, 23, 600, 2926910.00, 1.00000, 2.00000, 78.00000000, 5800.00, 0.70152, '2012-02-17'),
(49, 1, 23, 600, 1844822.00, 1.00000, 3.00000, 73.00000000, 1738.00, 0.84934, '2012-02-18'),
(50, 1, 23, 600, 506318.00, 1.00000, 1.00000, 103.00000000, 750.00, 0.47020, '2012-02-19'),
(51, 1, 23, 600, 2205982.00, 1.00000, 2.00000, 111.00000000, 4041.00, 0.78899, '2012-02-20'),
(52, 1, 23, 600, 1646798.00, 1.00000, 3.00000, 68.00000000, 3430.00, 0.71272, '2012-02-21'),
(53, 1, 23, 600, 4106468.00, 1.00000, 1.00000, 64.00000000, 5307.00, 0.85291, '2012-02-22'),
(54, 1, 23, 600, 5280699.00, 1.00000, 3.00000, 68.00000000, 2273.00, 0.42276, '2012-02-23'),
(55, 1, 23, 600, 3020084.00, 1.00000, 1.00000, 59.00000000, 7524.00, 0.21094, '2012-02-24'),
(56, 1, 23, 600, 7960774.00, 1.00000, 2.00000, 56.00000000, 8945.00, 0.89440, '2012-02-25'),
(57, 1, 23, 600, 950352.00, 1.00000, 4.00000, 107.00000000, 6638.00, 0.47980, '2012-02-26'),
(58, 1, 23, 600, 317426.00, 1.00000, 1.00000, 59.00000000, 8322.00, 0.36673, '2012-02-27'),
(59, 1, 23, 600, 3317870.00, 1.00000, 1.00000, 92.00000000, 1598.00, 0.39072, '2012-02-28'),
(60, 1, 23, 600, 4420324.00, 1.00000, 4.00000, 73.00000000, 7088.00, 0.48107, '2012-02-29'),
(61, 1, 23, 600, 8599379.00, 1.00000, 4.00000, 65.00000000, 8716.00, 0.57066, '2012-03-01'),
(62, 1, 23, 600, 6001524.00, 1.00000, 3.00000, 53.00000000, 5165.00, 0.31410, '2012-03-02'),
(63, 1, 23, 600, 3173031.00, 1.00000, 3.00000, 113.00000000, 6333.00, 0.66446, '2012-03-03'),
(64, 1, 23, 600, 8841027.00, 1.00000, 1.00000, 107.00000000, 1912.00, 0.13411, '2012-03-04'),
(65, 1, 23, 600, 9770611.00, 1.00000, 1.00000, 105.00000000, 3899.00, 0.41520, '2012-03-05'),
(66, 1, 23, 600, 6826166.00, 1.00000, 2.00000, 51.00000000, 8938.00, 0.36175, '2012-03-06'),
(67, 1, 23, 600, 1640812.00, 1.00000, 3.00000, 97.00000000, 6256.00, 0.83017, '2012-03-07'),
(68, 1, 23, 600, 1995388.00, 1.00000, 2.00000, 53.00000000, 1150.00, 0.71984, '2012-03-08'),
(69, 1, 23, 600, 399556.00, 1.00000, 4.00000, 95.00000000, 9966.00, 0.39589, '2012-03-09'),
(70, 1, 23, 600, 4493707.00, 1.00000, 3.00000, 117.00000000, 8400.00, 0.17920, '2012-03-10'),
(71, 1, 23, 600, 1649400.00, 1.00000, 3.00000, 106.00000000, 1810.00, 0.48902, '2012-03-11'),
(72, 1, 23, 600, 6274721.00, 1.00000, 1.00000, 91.00000000, 3648.00, 0.32711, '2012-03-12'),
(73, 1, 23, 600, 2505102.00, 1.00000, 3.00000, 56.00000000, 5025.00, 0.45185, '2012-03-13'),
(74, 1, 23, 600, 413691.00, 1.00000, 1.00000, 90.00000000, 154.00, 0.10852, '2012-03-14'),
(75, 1, 23, 600, 6322036.00, 1.00000, 1.00000, 116.00000000, 6316.00, 0.66340, '2012-03-15'),
(76, 1, 23, 600, 8766138.00, 1.00000, 3.00000, 58.00000000, 6351.00, 0.23393, '2012-03-16'),
(77, 1, 23, 600, 5177093.00, 1.00000, 3.00000, 109.00000000, 8445.00, 0.49569, '2012-03-17'),
(78, 1, 23, 600, 3209629.00, 1.00000, 4.00000, 115.00000000, 2069.00, 0.12105, '2012-03-18'),
(79, 1, 23, 600, 7128339.00, 1.00000, 2.00000, 77.00000000, 2174.00, 0.44100, '2012-03-19'),
(80, 1, 23, 600, 4647214.00, 1.00000, 2.00000, 102.00000000, 1678.00, 0.62516, '2012-03-20'),
(81, 1, 23, 600, 7946774.00, 1.00000, 1.00000, 101.00000000, 5416.00, 0.95857, '2012-03-21'),
(82, 1, 23, 600, 6299589.00, 1.00000, 3.00000, 111.00000000, 605.00, 0.74502, '2012-03-22'),
(83, 1, 23, 600, 9029272.00, 1.00000, 2.00000, 86.00000000, 8670.00, 0.87126, '2012-03-23'),
(84, 1, 23, 600, 8007610.00, 1.00000, 2.00000, 108.00000000, 5574.00, 0.15733, '2012-03-24'),
(85, 1, 23, 600, 8778047.00, 1.00000, 4.00000, 64.00000000, 3773.00, 0.35490, '2012-03-25'),
(86, 1, 23, 600, 3273866.00, 1.00000, 2.00000, 68.00000000, 6682.00, 0.24806, '2012-03-26'),
(87, 1, 23, 600, 5549271.00, 1.00000, 2.00000, 52.00000000, 1494.00, 0.87950, '2012-03-27'),
(88, 1, 23, 600, 2509530.00, 1.00000, 1.00000, 52.00000000, 731.00, 0.64880, '2012-03-28'),
(89, 1, 23, 600, 2550489.00, 1.00000, 2.00000, 74.00000000, 9479.00, 0.76857, '2012-03-29'),
(90, 1, 23, 600, 3810477.00, 1.00000, 4.00000, 91.00000000, 945.00, 0.92924, '2012-03-30'),
(91, 1, 23, 600, 8625506.00, 1.00000, 4.00000, 76.00000000, 4082.00, 0.39339, '2012-03-31'),
(92, 1, 23, 600, 248223.00, 1.00000, 2.00000, 98.00000000, 1683.00, 0.86344, '2012-04-01'),
(93, 1, 23, 600, 6008930.00, 1.00000, 4.00000, 96.00000000, 9093.00, 0.77773, '2012-04-02'),
(94, 1, 23, 600, 6725894.00, 1.00000, 4.00000, 99.00000000, 756.00, 0.28708, '2012-04-03'),
(95, 1, 23, 600, 9353579.00, 1.00000, 2.00000, 97.00000000, 7994.00, 0.14857, '2012-04-04'),
(96, 1, 23, 600, 9547205.00, 1.00000, 3.00000, 98.00000000, 675.00, 0.38624, '2012-04-05'),
(97, 1, 23, 600, 6317004.00, 1.00000, 2.00000, 76.00000000, 7832.00, 0.55838, '2012-04-06'),
(98, 1, 23, 600, 7181617.00, 1.00000, 3.00000, 55.00000000, 7249.00, 0.44708, '2012-04-07'),
(99, 1, 23, 600, 6425875.00, 1.00000, 1.00000, 66.00000000, 1860.00, 0.51536, '2012-04-08'),
(100, 1, 23, 600, 4863050.00, 1.00000, 3.00000, 109.00000000, 8081.00, 0.37758, '2012-04-09'),
(101, 1, 23, 600, 9902084.00, 1.00000, 3.00000, 81.00000000, 970.00, 0.68008, '2012-04-10'),
(102, 1, 23, 600, 2821967.00, 1.00000, 3.00000, 60.00000000, 7998.00, 0.26545, '2012-04-11'),
(103, 1, 23, 600, 3415335.00, 1.00000, 2.00000, 50.00000000, 6420.00, 0.57513, '2012-04-12'),
(104, 1, 23, 600, 4483059.00, 1.00000, 3.00000, 102.00000000, 4377.00, 0.32257, '2012-04-13'),
(105, 1, 23, 600, 4741022.00, 1.00000, 3.00000, 68.00000000, 3220.00, 0.49874, '2012-04-14'),
(106, 1, 23, 600, 4837118.00, 1.00000, 2.00000, 100.00000000, 3051.00, 0.39300, '2012-04-15'),
(107, 1, 23, 600, 2874295.00, 1.00000, 2.00000, 67.00000000, 2813.00, 0.80793, '2012-04-16'),
(108, 1, 23, 600, 759102.00, 1.00000, 1.00000, 110.00000000, 5700.00, 0.17897, '2012-04-17'),
(109, 1, 23, 600, 3794422.00, 1.00000, 4.00000, 60.00000000, 7803.00, 0.35388, '2012-04-18'),
(110, 1, 23, 600, 9489789.00, 1.00000, 4.00000, 94.00000000, 8471.00, 0.14909, '2012-04-19'),
(111, 1, 23, 600, 1547585.00, 1.00000, 1.00000, 66.00000000, 4112.00, 0.97122, '2012-04-20'),
(112, 1, 23, 600, 7039025.00, 1.00000, 2.00000, 114.00000000, 5324.00, 0.18170, '2012-04-21'),
(113, 1, 23, 600, 5140640.00, 1.00000, 4.00000, 88.00000000, 4239.00, 0.47836, '2012-04-22'),
(114, 1, 23, 600, 1571988.00, 1.00000, 3.00000, 76.00000000, 8618.00, 0.66994, '2012-04-23'),
(115, 1, 23, 600, 8999874.00, 1.00000, 3.00000, 94.00000000, 3966.00, 0.25351, '2012-04-24'),
(116, 1, 23, 600, 4958030.00, 1.00000, 4.00000, 110.00000000, 8264.00, 0.75858, '2012-04-25'),
(117, 1, 23, 600, 552633.00, 1.00000, 1.00000, 57.00000000, 4728.00, 0.78920, '2012-04-26'),
(118, 1, 23, 600, 8705971.00, 1.00000, 2.00000, 83.00000000, 9207.00, 0.49609, '2012-04-27'),
(119, 1, 23, 600, 9935056.00, 1.00000, 1.00000, 103.00000000, 3542.00, 0.91705, '2012-04-28'),
(120, 1, 23, 600, 9214784.00, 1.00000, 2.00000, 60.00000000, 3014.00, 0.98253, '2012-04-29'),
(121, 1, 23, 600, 4022568.00, 1.00000, 3.00000, 109.00000000, 3112.00, 0.15962, '2012-04-30'),
(122, 1, 23, 600, 934503.00, 1.00000, 2.00000, 73.00000000, 2512.00, 0.11125, '2012-05-01'),
(123, 1, 23, 600, 7620261.00, 1.00000, 3.00000, 84.00000000, 2867.00, 0.99807, '2012-05-02'),
(124, 1, 23, 600, 3066955.00, 1.00000, 4.00000, 112.00000000, 5116.00, 0.55892, '2012-05-03'),
(125, 1, 23, 600, 5068460.00, 1.00000, 3.00000, 83.00000000, 289.00, 0.59716, '2012-05-04'),
(126, 1, 23, 600, 7926995.00, 1.00000, 1.00000, 74.00000000, 716.00, 0.14162, '2012-05-05'),
(127, 1, 23, 600, 8568749.00, 1.00000, 3.00000, 106.00000000, 6981.00, 0.91430, '2012-05-06'),
(128, 1, 23, 600, 1079635.00, 1.00000, 3.00000, 108.00000000, 9501.00, 0.29204, '2012-05-07'),
(129, 1, 23, 600, 1045769.00, 1.00000, 3.00000, 106.00000000, 6438.00, 0.26985, '2012-05-08'),
(130, 1, 23, 600, 9167918.00, 1.00000, 2.00000, 58.00000000, 9109.00, 0.77859, '2012-05-09'),
(131, 1, 23, 600, 3285935.00, 1.00000, 2.00000, 90.00000000, 2680.00, 0.80800, '2012-05-10'),
(132, 1, 23, 600, 174249.00, 1.00000, 3.00000, 76.00000000, 7205.00, 0.34729, '2012-05-11'),
(133, 1, 23, 600, 8890351.00, 1.00000, 2.00000, 63.00000000, 1192.00, 0.43529, '2012-05-12'),
(134, 1, 23, 600, 1207341.00, 1.00000, 3.00000, 68.00000000, 619.00, 0.15060, '2012-05-13'),
(135, 1, 23, 600, 7020731.00, 1.00000, 3.00000, 92.00000000, 6664.00, 0.33077, '2012-05-14'),
(136, 1, 23, 600, 7956758.00, 1.00000, 1.00000, 53.00000000, 3492.00, 0.15570, '2012-05-15'),
(137, 1, 23, 600, 6282552.00, 1.00000, 3.00000, 50.00000000, 1237.00, 0.51691, '2012-05-16'),
(138, 1, 23, 600, 7803902.00, 1.00000, 3.00000, 74.00000000, 9232.00, 0.86545, '2012-05-17'),
(139, 1, 23, 600, 9008174.00, 1.00000, 4.00000, 88.00000000, 5146.00, 0.37344, '2012-05-18'),
(140, 1, 23, 600, 9921813.00, 1.00000, 1.00000, 51.00000000, 4238.00, 0.19494, '2012-05-19'),
(141, 1, 23, 600, 8123258.00, 1.00000, 1.00000, 67.00000000, 1396.00, 0.37004, '2012-05-20'),
(142, 1, 23, 600, 2637552.00, 1.00000, 3.00000, 117.00000000, 4456.00, 0.90868, '2012-05-21'),
(143, 1, 23, 600, 2054966.00, 1.00000, 1.00000, 67.00000000, 165.00, 0.13900, '2012-05-22'),
(144, 1, 23, 600, 8126758.00, 1.00000, 2.00000, 53.00000000, 4746.00, 0.75320, '2012-05-23'),
(145, 1, 23, 600, 2034929.00, 1.00000, 1.00000, 91.00000000, 3104.00, 0.65984, '2012-05-24'),
(146, 1, 23, 600, 2133077.00, 1.00000, 4.00000, 98.00000000, 7396.00, 0.38573, '2012-05-25'),
(147, 1, 23, 600, 9673931.00, 1.00000, 3.00000, 116.00000000, 1132.00, 0.80530, '2012-05-26'),
(148, 1, 23, 600, 5044107.00, 1.00000, 4.00000, 54.00000000, 784.00, 0.70287, '2012-05-27'),
(149, 1, 23, 600, 391275.00, 1.00000, 3.00000, 73.00000000, 9708.00, 0.64663, '2012-05-28'),
(150, 1, 23, 600, 8966247.00, 1.00000, 1.00000, 107.00000000, 9745.00, 0.66229, '2012-05-29'),
(151, 1, 23, 600, 7473905.00, 1.00000, 1.00000, 103.00000000, 4740.00, 0.27818, '2012-05-30'),
(152, 1, 23, 600, 3705980.00, 1.00000, 1.00000, 64.00000000, 8204.00, 0.45195, '2012-05-31'),
(153, 1, 23, 600, 5431968.00, 1.00000, 3.00000, 89.00000000, 3367.00, 0.46006, '2012-06-01'),
(154, 1, 23, 600, 2074909.00, 1.00000, 3.00000, 57.00000000, 7606.00, 0.67885, '2012-06-02'),
(155, 1, 23, 600, 2053200.00, 1.00000, 2.00000, 76.00000000, 6768.00, 0.71612, '2012-06-03'),
(156, 1, 23, 600, 9212334.00, 1.00000, 1.00000, 94.00000000, 9582.00, 0.70276, '2012-06-04'),
(157, 1, 23, 600, 4170218.00, 1.00000, 4.00000, 106.00000000, 6828.00, 0.57817, '2012-06-05'),
(158, 1, 23, 600, 5876935.00, 1.00000, 1.00000, 86.00000000, 4671.00, 0.75404, '2012-06-06'),
(159, 1, 23, 600, 5028250.00, 1.00000, 4.00000, 59.00000000, 5758.00, 0.91523, '2012-06-07'),
(160, 1, 23, 600, 3960831.00, 1.00000, 4.00000, 97.00000000, 8071.00, 0.71172, '2012-06-08'),
(161, 1, 23, 600, 5480719.00, 1.00000, 3.00000, 88.00000000, 1439.00, 0.68445, '2012-06-09'),
(162, 1, 23, 600, 6039436.00, 1.00000, 1.00000, 65.00000000, 3188.00, 0.67629, '2012-06-10'),
(163, 1, 23, 600, 6641659.00, 1.00000, 3.00000, 92.00000000, 3824.00, 0.35292, '2012-06-11'),
(164, 1, 23, 600, 5377023.00, 1.00000, 3.00000, 50.00000000, 1971.00, 0.83262, '2012-06-12'),
(165, 1, 23, 600, 7680070.00, 1.00000, 4.00000, 74.00000000, 2367.00, 0.14386, '2012-06-13'),
(166, 1, 23, 600, 2473109.00, 1.00000, 1.00000, 101.00000000, 8246.00, 0.92035, '2012-06-14'),
(167, 1, 23, 600, 8386141.00, 1.00000, 1.00000, 102.00000000, 2433.00, 0.10390, '2012-06-15'),
(168, 1, 23, 600, 2722561.00, 1.00000, 2.00000, 91.00000000, 8738.00, 0.74717, '2012-06-16'),
(169, 1, 23, 600, 1808449.00, 1.00000, 4.00000, 77.00000000, 1605.00, 0.75869, '2012-06-17'),
(170, 1, 23, 600, 9625182.00, 1.00000, 2.00000, 58.00000000, 4485.00, 0.70018, '2012-06-18'),
(171, 1, 23, 600, 6691434.00, 1.00000, 3.00000, 95.00000000, 4086.00, 0.52844, '2012-06-19'),
(172, 1, 23, 600, 2006114.00, 1.00000, 2.00000, 75.00000000, 9007.00, 0.28947, '2012-06-20'),
(173, 1, 23, 600, 1422052.00, 1.00000, 2.00000, 52.00000000, 7215.00, 0.86346, '2012-06-21'),
(174, 1, 23, 600, 4506562.00, 1.00000, 3.00000, 55.00000000, 6859.00, 0.83241, '2012-06-22'),
(175, 1, 23, 600, 5127706.00, 1.00000, 3.00000, 117.00000000, 7796.00, 0.54453, '2012-06-23'),
(176, 1, 23, 600, 5724076.00, 1.00000, 3.00000, 66.00000000, 4570.00, 0.79142, '2012-06-24'),
(177, 1, 23, 600, 1386752.00, 1.00000, 4.00000, 67.00000000, 9661.00, 0.23576, '2012-06-25'),
(178, 1, 23, 600, 3656541.00, 1.00000, 1.00000, 77.00000000, 4779.00, 0.18317, '2012-06-26'),
(179, 1, 23, 600, 605101.00, 1.00000, 2.00000, 93.00000000, 8159.00, 0.45303, '2012-06-27'),
(180, 1, 23, 600, 599432.00, 1.00000, 1.00000, 99.00000000, 3130.00, 0.63465, '2012-06-28'),
(181, 1, 23, 600, 4644597.00, 1.00000, 3.00000, 87.00000000, 6496.00, 0.56139, '2012-06-29'),
(182, 1, 23, 600, 2344089.00, 1.00000, 3.00000, 99.00000000, 2746.00, 0.22566, '2012-06-30'),
(183, 1, 23, 600, 9280539.00, 1.00000, 4.00000, 115.00000000, 1830.00, 0.10865, '2012-07-01'),
(184, 1, 23, 600, 3781374.00, 1.00000, 1.00000, 106.00000000, 1920.00, 0.16685, '2012-07-02'),
(185, 1, 23, 600, 8197270.00, 1.00000, 2.00000, 88.00000000, 9858.00, 0.27056, '2012-07-03'),
(186, 1, 23, 600, 8670007.00, 1.00000, 4.00000, 105.00000000, 7535.00, 0.71839, '2012-07-04'),
(187, 1, 23, 600, 6274625.00, 1.00000, 3.00000, 71.00000000, 6890.00, 0.66449, '2012-07-05'),
(188, 1, 23, 600, 4617530.00, 1.00000, 3.00000, 86.00000000, 2904.00, 0.64236, '2012-07-06'),
(189, 1, 23, 600, 9860191.00, 1.00000, 3.00000, 110.00000000, 7924.00, 0.21901, '2012-07-07'),
(190, 1, 23, 600, 7006372.00, 1.00000, 4.00000, 64.00000000, 6042.00, 0.33142, '2012-07-08'),
(191, 1, 23, 600, 5714672.00, 1.00000, 2.00000, 111.00000000, 298.00, 0.51016, '2012-07-09'),
(192, 1, 23, 600, 7304557.00, 1.00000, 3.00000, 62.00000000, 3054.00, 0.16270, '2012-07-10'),
(193, 1, 23, 600, 2340949.00, 1.00000, 4.00000, 57.00000000, 2143.00, 0.91396, '2012-07-11'),
(194, 1, 23, 600, 4156278.00, 1.00000, 3.00000, 65.00000000, 5271.00, 0.59018, '2012-07-12'),
(195, 1, 23, 600, 8490313.00, 1.00000, 4.00000, 58.00000000, 9058.00, 0.56085, '2012-07-13'),
(196, 1, 23, 600, 5113614.00, 1.00000, 1.00000, 108.00000000, 3778.00, 0.57532, '2012-07-14'),
(197, 1, 23, 600, 8103228.00, 1.00000, 4.00000, 72.00000000, 1691.00, 0.96219, '2012-07-15'),
(198, 1, 23, 600, 4873594.00, 1.00000, 3.00000, 103.00000000, 9252.00, 0.38350, '2012-07-16'),
(199, 1, 23, 600, 153152.00, 1.00000, 4.00000, 62.00000000, 9743.00, 0.33350, '2012-07-17'),
(200, 1, 23, 600, 1953807.00, 1.00000, 2.00000, 75.00000000, 6442.00, 0.11302, '2012-07-18'),
(201, 1, 23, 600, 424373.00, 1.00000, 2.00000, 79.00000000, 8663.00, 0.69020, '2012-07-19'),
(202, 1, 23, 600, 3455639.00, 1.00000, 4.00000, 58.00000000, 9980.00, 0.74345, '2012-07-20'),
(203, 1, 23, 600, 2437661.00, 1.00000, 4.00000, 97.00000000, 7935.00, 0.59528, '2012-07-21'),
(204, 1, 23, 600, 8526211.00, 1.00000, 2.00000, 61.00000000, 4630.00, 0.39122, '2012-07-22'),
(205, 1, 23, 600, 8386827.00, 1.00000, 2.00000, 103.00000000, 3605.00, 0.70025, '2012-07-23'),
(206, 1, 23, 600, 3088930.00, 1.00000, 2.00000, 99.00000000, 6318.00, 0.52765, '2012-07-24'),
(207, 1, 23, 600, 8580894.00, 1.00000, 2.00000, 109.00000000, 4389.00, 0.45692, '2012-07-25'),
(208, 1, 23, 600, 7241457.00, 1.00000, 1.00000, 88.00000000, 6141.00, 0.33656, '2012-07-26'),
(209, 1, 23, 600, 1398519.00, 1.00000, 2.00000, 58.00000000, 9127.00, 0.70742, '2012-07-27'),
(210, 1, 23, 600, 6481098.00, 1.00000, 3.00000, 79.00000000, 5318.00, 0.99007, '2012-07-28'),
(211, 1, 23, 600, 6915100.00, 1.00000, 3.00000, 59.00000000, 7586.00, 0.77693, '2012-07-29'),
(212, 1, 23, 600, 2709073.00, 1.00000, 3.00000, 94.00000000, 5686.00, 0.50800, '2012-07-30'),
(213, 1, 23, 600, 2664405.00, 1.00000, 1.00000, 93.00000000, 6735.00, 0.80773, '2012-07-31'),
(214, 1, 23, 600, 709441.00, 1.00000, 2.00000, 72.00000000, 4560.00, 0.17660, '2012-08-01'),
(215, 1, 23, 600, 6312833.00, 1.00000, 4.00000, 90.00000000, 4202.00, 0.36799, '2012-08-02'),
(216, 1, 23, 600, 8225503.00, 1.00000, 2.00000, 116.00000000, 2335.00, 0.55447, '2012-08-03'),
(217, 1, 23, 600, 4447696.00, 1.00000, 2.00000, 70.00000000, 4024.00, 0.23297, '2012-08-04'),
(218, 1, 23, 600, 4960226.00, 1.00000, 4.00000, 82.00000000, 7119.00, 0.28990, '2012-08-05'),
(219, 1, 23, 600, 1246757.00, 1.00000, 1.00000, 111.00000000, 4739.00, 0.37397, '2012-08-06'),
(220, 1, 23, 600, 6011796.00, 1.00000, 1.00000, 68.00000000, 5972.00, 0.86114, '2012-08-07'),
(221, 1, 23, 600, 3176263.00, 1.00000, 4.00000, 74.00000000, 7517.00, 0.50850, '2012-08-08'),
(222, 1, 23, 600, 5800057.00, 1.00000, 2.00000, 55.00000000, 5299.00, 0.16467, '2012-08-09'),
(223, 1, 23, 600, 6218886.00, 1.00000, 1.00000, 65.00000000, 7409.00, 0.92324, '2012-08-10'),
(224, 1, 23, 600, 9731560.00, 1.00000, 2.00000, 109.00000000, 7495.00, 0.60298, '2012-08-11'),
(225, 1, 23, 600, 4177298.00, 1.00000, 1.00000, 52.00000000, 3520.00, 0.20960, '2012-08-12'),
(226, 1, 23, 600, 2560181.00, 1.00000, 3.00000, 65.00000000, 8739.00, 0.15747, '2012-08-13'),
(227, 1, 23, 600, 9581915.00, 1.00000, 1.00000, 107.00000000, 4512.00, 0.93014, '2012-08-14'),
(228, 1, 23, 600, 7243892.00, 1.00000, 1.00000, 87.00000000, 6827.00, 0.77913, '2012-08-15'),
(229, 1, 23, 600, 6728189.00, 1.00000, 1.00000, 102.00000000, 468.00, 0.65952, '2012-08-16'),
(230, 1, 23, 600, 8280784.00, 1.00000, 4.00000, 97.00000000, 3504.00, 0.60218, '2012-08-17'),
(231, 1, 23, 600, 4900006.00, 1.00000, 2.00000, 97.00000000, 8213.00, 0.50495, '2012-08-18'),
(232, 1, 23, 600, 6747702.00, 1.00000, 1.00000, 97.00000000, 3782.00, 0.24598, '2012-08-19'),
(233, 1, 23, 600, 6241003.00, 1.00000, 4.00000, 79.00000000, 1776.00, 0.83154, '2012-08-20'),
(234, 1, 23, 600, 1578139.00, 1.00000, 1.00000, 76.00000000, 357.00, 0.11656, '2012-08-21'),
(235, 1, 23, 600, 3175047.00, 1.00000, 2.00000, 50.00000000, 8401.00, 0.51445, '2012-08-22'),
(236, 1, 23, 600, 2075582.00, 1.00000, 3.00000, 104.00000000, 413.00, 0.64314, '2012-08-23'),
(237, 1, 23, 600, 8149542.00, 1.00000, 1.00000, 97.00000000, 9869.00, 0.21521, '2012-08-24'),
(238, 1, 23, 600, 4744645.00, 1.00000, 3.00000, 66.00000000, 4515.00, 0.25302, '2012-08-25'),
(239, 1, 23, 600, 9794409.00, 1.00000, 2.00000, 88.00000000, 9224.00, 0.30315, '2012-08-26'),
(240, 1, 23, 600, 4975067.00, 1.00000, 1.00000, 72.00000000, 6600.00, 0.14529, '2012-08-27'),
(241, 1, 23, 600, 2504663.00, 1.00000, 2.00000, 114.00000000, 3227.00, 0.91299, '2012-08-28'),
(242, 1, 23, 600, 2123744.00, 1.00000, 1.00000, 62.00000000, 5197.00, 0.53540, '2012-08-29'),
(243, 1, 23, 600, 5070366.00, 1.00000, 1.00000, 66.00000000, 9524.00, 0.62874, '2012-08-30'),
(244, 1, 23, 600, 9830572.00, 1.00000, 2.00000, 114.00000000, 3512.00, 0.26952, '2012-08-31'),
(245, 1, 23, 600, 5503235.00, 1.00000, 1.00000, 98.00000000, 5908.00, 0.90330, '2012-09-01'),
(246, 1, 23, 600, 5076315.00, 1.00000, 3.00000, 52.00000000, 3856.00, 0.12381, '2012-09-02'),
(247, 1, 23, 600, 4664341.00, 1.00000, 3.00000, 116.00000000, 8184.00, 0.55720, '2012-09-03'),
(248, 1, 23, 600, 3739095.00, 1.00000, 4.00000, 81.00000000, 112.00, 0.26975, '2012-09-04'),
(249, 1, 23, 600, 7178487.00, 1.00000, 2.00000, 115.00000000, 6540.00, 0.49731, '2012-09-05'),
(250, 1, 23, 600, 7743794.00, 1.00000, 4.00000, 72.00000000, 7531.00, 0.72082, '2012-09-06'),
(251, 1, 23, 600, 2061374.00, 1.00000, 4.00000, 51.00000000, 5291.00, 0.19399, '2012-09-07'),
(252, 1, 23, 600, 9519092.00, 1.00000, 4.00000, 70.00000000, 6501.00, 0.35345, '2012-09-08'),
(253, 1, 23, 600, 373476.00, 1.00000, 3.00000, 97.00000000, 7585.00, 0.12554, '2012-09-09'),
(254, 1, 23, 600, 2077359.00, 1.00000, 4.00000, 79.00000000, 8697.00, 0.10566, '2012-09-10'),
(255, 1, 23, 600, 6319536.00, 1.00000, 3.00000, 80.00000000, 2000.00, 0.42193, '2012-09-11'),
(256, 1, 23, 600, 9148456.00, 1.00000, 4.00000, 57.00000000, 4023.00, 0.56834, '2012-09-12'),
(257, 1, 23, 600, 4401314.00, 1.00000, 3.00000, 70.00000000, 8630.00, 0.94180, '2012-09-13'),
(258, 1, 23, 600, 5088248.00, 1.00000, 2.00000, 76.00000000, 807.00, 0.79943, '2012-09-14'),
(259, 1, 23, 600, 488641.00, 1.00000, 2.00000, 63.00000000, 5084.00, 0.32840, '2012-09-15'),
(260, 1, 23, 600, 2089760.00, 1.00000, 3.00000, 118.00000000, 84.00, 0.47290, '2012-09-16'),
(261, 1, 23, 600, 1823412.00, 1.00000, 3.00000, 88.00000000, 4649.00, 0.28644, '2012-09-17'),
(262, 1, 23, 600, 2265868.00, 1.00000, 4.00000, 93.00000000, 2410.00, 0.68553, '2012-09-18'),
(263, 1, 23, 600, 5848354.00, 1.00000, 3.00000, 79.00000000, 8192.00, 0.74042, '2012-09-19'),
(264, 1, 23, 600, 9074922.00, 1.00000, 2.00000, 109.00000000, 9926.00, 0.90981, '2012-09-20'),
(265, 1, 23, 600, 2890738.00, 1.00000, 3.00000, 111.00000000, 4344.00, 0.54905, '2012-09-21'),
(266, 1, 23, 600, 2228174.00, 1.00000, 3.00000, 96.00000000, 1344.00, 0.33267, '2012-09-22'),
(267, 1, 23, 600, 2830663.00, 1.00000, 4.00000, 79.00000000, 8659.00, 0.76199, '2012-09-23'),
(268, 1, 23, 600, 4568361.00, 1.00000, 1.00000, 93.00000000, 378.00, 0.18563, '2012-09-24'),
(269, 1, 23, 600, 9849323.00, 1.00000, 4.00000, 94.00000000, 7418.00, 0.34222, '2012-09-25'),
(270, 1, 23, 600, 2979822.00, 1.00000, 1.00000, 111.00000000, 3438.00, 0.91334, '2012-09-26'),
(271, 1, 23, 600, 1779714.00, 1.00000, 2.00000, 76.00000000, 6483.00, 0.15740, '2012-09-27'),
(272, 1, 23, 600, 5786882.00, 1.00000, 2.00000, 51.00000000, 9118.00, 0.24360, '2012-09-28'),
(273, 1, 23, 600, 9382257.00, 1.00000, 4.00000, 117.00000000, 5776.00, 0.75202, '2012-09-29'),
(274, 1, 23, 600, 5909820.00, 1.00000, 1.00000, 58.00000000, 427.00, 0.18322, '2012-09-30'),
(275, 1, 23, 600, 8934193.00, 1.00000, 1.00000, 74.00000000, 9454.00, 0.98240, '2012-10-01'),
(276, 1, 23, 600, 9011142.00, 1.00000, 4.00000, 81.00000000, 4614.00, 0.74040, '2012-10-02'),
(277, 1, 23, 600, 604479.00, 1.00000, 3.00000, 77.00000000, 3586.00, 0.52657, '2012-10-03'),
(278, 1, 23, 600, 235104.00, 1.00000, 4.00000, 79.00000000, 7655.00, 0.74000, '2012-10-04'),
(279, 1, 23, 600, 7172789.00, 1.00000, 2.00000, 110.00000000, 7348.00, 0.23576, '2012-10-05'),
(280, 1, 23, 600, 7010897.00, 1.00000, 2.00000, 54.00000000, 4421.00, 0.34654, '2012-10-06'),
(281, 1, 23, 600, 1182079.00, 1.00000, 1.00000, 71.00000000, 2986.00, 0.33098, '2012-10-07'),
(282, 1, 23, 600, 6899669.00, 1.00000, 4.00000, 78.00000000, 5008.00, 0.64940, '2012-10-08'),
(283, 1, 23, 600, 4362663.00, 1.00000, 1.00000, 98.00000000, 5336.00, 0.54066, '2012-10-09'),
(284, 1, 23, 600, 2084710.00, 1.00000, 2.00000, 56.00000000, 3178.00, 0.27137, '2012-10-10'),
(285, 1, 23, 600, 9700575.00, 1.00000, 2.00000, 117.00000000, 6108.00, 0.13466, '2012-10-11'),
(286, 1, 23, 600, 8028012.00, 1.00000, 2.00000, 58.00000000, 4503.00, 0.84190, '2012-10-12'),
(287, 1, 23, 600, 4416607.00, 1.00000, 2.00000, 91.00000000, 2374.00, 0.86269, '2012-10-13'),
(288, 1, 23, 600, 1691204.00, 1.00000, 1.00000, 118.00000000, 7051.00, 0.65432, '2012-10-14'),
(289, 1, 23, 600, 9479451.00, 1.00000, 2.00000, 68.00000000, 4808.00, 0.98143, '2012-10-15'),
(290, 1, 23, 600, 4430392.00, 1.00000, 1.00000, 112.00000000, 3617.00, 0.93123, '2012-10-16'),
(291, 1, 23, 600, 7659448.00, 1.00000, 4.00000, 63.00000000, 2789.00, 0.77020, '2012-10-17'),
(292, 1, 23, 600, 8422248.00, 1.00000, 4.00000, 52.00000000, 4942.00, 0.72250, '2012-10-18'),
(293, 1, 23, 600, 3587496.00, 1.00000, 2.00000, 54.00000000, 8004.00, 0.64843, '2012-10-19'),
(294, 1, 23, 600, 8243266.00, 1.00000, 1.00000, 60.00000000, 4739.00, 0.71721, '2012-10-20'),
(295, 1, 23, 600, 9133155.00, 1.00000, 3.00000, 111.00000000, 5363.00, 0.88905, '2012-10-21'),
(296, 1, 23, 600, 2992262.00, 1.00000, 2.00000, 86.00000000, 1666.00, 0.61643, '2012-10-22'),
(297, 1, 23, 600, 5007164.00, 1.00000, 2.00000, 67.00000000, 8898.00, 0.61630, '2012-10-23'),
(298, 1, 23, 600, 8665270.00, 1.00000, 3.00000, 64.00000000, 8226.00, 0.91453, '2012-10-24'),
(299, 1, 23, 600, 513416.00, 1.00000, 4.00000, 114.00000000, 4788.00, 0.74550, '2012-10-25'),
(300, 1, 23, 600, 3849714.00, 1.00000, 2.00000, 73.00000000, 741.00, 0.76055, '2012-10-26'),
(301, 1, 23, 600, 9441302.00, 1.00000, 1.00000, 99.00000000, 7388.00, 0.39459, '2012-10-27'),
(302, 1, 23, 600, 726643.00, 1.00000, 4.00000, 106.00000000, 116.00, 0.84254, '2012-10-28'),
(303, 1, 23, 600, 6284576.00, 1.00000, 4.00000, 66.00000000, 8835.00, 0.86195, '2012-10-29'),
(304, 1, 23, 600, 5273401.00, 1.00000, 4.00000, 93.00000000, 2768.00, 0.45359, '2012-10-30'),
(305, 1, 23, 600, 4384027.00, 1.00000, 4.00000, 80.00000000, 9317.00, 0.33174, '2012-10-31'),
(306, 1, 23, 600, 1129967.00, 1.00000, 2.00000, 59.00000000, 6502.00, 0.83368, '2012-11-01'),
(307, 1, 23, 600, 3850648.00, 1.00000, 2.00000, 86.00000000, 6227.00, 0.83569, '2012-11-02'),
(308, 1, 23, 600, 1149123.00, 1.00000, 2.00000, 65.00000000, 9545.00, 0.53432, '2012-11-03'),
(309, 1, 23, 600, 6804270.00, 1.00000, 4.00000, 90.00000000, 3374.00, 0.42831, '2012-11-04'),
(310, 1, 23, 600, 9867444.00, 1.00000, 2.00000, 90.00000000, 3002.00, 0.27311, '2012-11-05'),
(311, 1, 23, 600, 2765736.00, 1.00000, 1.00000, 51.00000000, 1199.00, 0.81538, '2012-11-06'),
(312, 1, 23, 600, 9155492.00, 1.00000, 2.00000, 75.00000000, 6290.00, 0.63907, '2012-11-07'),
(313, 1, 23, 600, 2325259.00, 1.00000, 4.00000, 51.00000000, 5080.00, 0.70315, '2012-11-08'),
(314, 1, 23, 600, 6511408.00, 1.00000, 1.00000, 77.00000000, 4325.00, 0.56494, '2012-11-09'),
(315, 1, 23, 600, 101951.00, 1.00000, 1.00000, 97.00000000, 7720.00, 0.35392, '2012-11-10'),
(316, 1, 23, 600, 4232368.00, 1.00000, 3.00000, 74.00000000, 2555.00, 0.36918, '2012-11-11'),
(317, 1, 23, 600, 9336404.00, 1.00000, 4.00000, 65.00000000, 1128.00, 0.63940, '2012-11-12'),
(318, 1, 23, 600, 3732722.00, 1.00000, 2.00000, 95.00000000, 883.00, 0.14693, '2012-11-13'),
(319, 1, 23, 600, 9789137.00, 1.00000, 4.00000, 59.00000000, 7061.00, 0.93484, '2012-11-14'),
(320, 1, 23, 600, 8458039.00, 1.00000, 1.00000, 56.00000000, 498.00, 0.74838, '2012-11-15'),
(321, 1, 23, 600, 5533120.00, 1.00000, 1.00000, 109.00000000, 6394.00, 0.56744, '2012-11-16'),
(322, 1, 23, 600, 4033893.00, 1.00000, 2.00000, 94.00000000, 5202.00, 0.54979, '2012-11-17'),
(323, 1, 23, 600, 9815211.00, 1.00000, 3.00000, 105.00000000, 9462.00, 0.13217, '2012-11-18'),
(324, 1, 23, 600, 1705407.00, 1.00000, 2.00000, 90.00000000, 8108.00, 0.51078, '2012-11-19'),
(325, 1, 23, 600, 7304981.00, 1.00000, 4.00000, 90.00000000, 3441.00, 0.16490, '2012-11-20'),
(326, 1, 23, 600, 1863348.00, 1.00000, 2.00000, 96.00000000, 9586.00, 0.68099, '2012-11-21'),
(327, 1, 23, 600, 9554783.00, 1.00000, 2.00000, 90.00000000, 513.00, 0.45600, '2012-11-22'),
(328, 1, 23, 600, 1905540.00, 1.00000, 2.00000, 67.00000000, 2767.00, 0.73642, '2012-11-23'),
(329, 1, 23, 600, 9724236.00, 1.00000, 2.00000, 67.00000000, 4338.00, 0.63367, '2012-11-24'),
(330, 1, 23, 600, 1278647.00, 1.00000, 4.00000, 54.00000000, 3236.00, 0.65471, '2012-11-25'),
(331, 1, 23, 600, 2432085.00, 1.00000, 4.00000, 58.00000000, 6676.00, 0.37381, '2012-11-26'),
(332, 1, 23, 600, 4290996.00, 1.00000, 2.00000, 102.00000000, 1573.00, 0.89280, '2012-11-27'),
(333, 1, 23, 600, 1338204.00, 1.00000, 1.00000, 69.00000000, 9108.00, 0.63009, '2012-11-28'),
(334, 1, 23, 600, 6315047.00, 1.00000, 3.00000, 103.00000000, 7441.00, 0.74390, '2012-11-29'),
(335, 1, 23, 600, 2877581.00, 1.00000, 2.00000, 102.00000000, 7287.00, 0.72286, '2012-11-30'),
(336, 1, 23, 600, 4712889.00, 1.00000, 4.00000, 56.00000000, 8438.00, 0.15249, '2012-12-01'),
(337, 1, 23, 600, 5027008.00, 1.00000, 4.00000, 50.00000000, 8148.00, 0.19179, '2012-12-02'),
(338, 1, 23, 600, 3401160.00, 1.00000, 2.00000, 101.00000000, 5391.00, 0.68953, '2012-12-03'),
(339, 1, 23, 600, 2460785.00, 1.00000, 3.00000, 54.00000000, 523.00, 0.69941, '2012-12-04'),
(340, 1, 23, 600, 9675219.00, 1.00000, 2.00000, 59.00000000, 2600.00, 0.32912, '2012-12-05'),
(341, 1, 23, 600, 4903076.00, 1.00000, 1.00000, 55.00000000, 7162.00, 0.55268, '2012-12-06'),
(342, 1, 23, 600, 8551831.00, 1.00000, 3.00000, 65.00000000, 7799.00, 0.43900, '2012-12-07'),
(343, 1, 23, 600, 6191510.00, 1.00000, 1.00000, 83.00000000, 9521.00, 0.91530, '2012-12-08'),
(344, 1, 23, 600, 8247234.00, 1.00000, 3.00000, 100.00000000, 349.00, 0.30164, '2012-12-09'),
(345, 1, 23, 600, 2859156.00, 1.00000, 4.00000, 86.00000000, 4615.00, 0.21500, '2012-12-10'),
(346, 1, 23, 600, 8518458.00, 1.00000, 2.00000, 65.00000000, 8718.00, 0.46010, '2012-12-11'),
(347, 1, 23, 600, 7650552.00, 1.00000, 1.00000, 108.00000000, 8253.00, 0.53184, '2012-12-12'),
(348, 1, 23, 600, 1905897.00, 1.00000, 2.00000, 83.00000000, 9290.00, 0.10438, '2012-12-13'),
(349, 1, 23, 600, 1420572.00, 1.00000, 2.00000, 99.00000000, 1130.00, 0.89362, '2012-12-14'),
(350, 1, 23, 600, 3501544.00, 1.00000, 2.00000, 61.00000000, 2219.00, 0.19340, '2012-12-15'),
(351, 1, 23, 600, 5231799.00, 1.00000, 3.00000, 98.00000000, 4519.00, 0.83901, '2012-12-16'),
(352, 1, 23, 600, 1570264.00, 1.00000, 4.00000, 119.00000000, 7602.00, 0.44004, '2012-12-17'),
(353, 1, 23, 600, 4060698.00, 1.00000, 3.00000, 113.00000000, 5589.00, 0.62225, '2012-12-18'),
(354, 1, 23, 600, 3283162.00, 1.00000, 4.00000, 91.00000000, 210.00, 0.26150, '2012-12-19'),
(355, 1, 23, 600, 9875368.00, 1.00000, 3.00000, 97.00000000, 7703.00, 0.65432, '2012-12-20'),
(356, 1, 23, 600, 929858.00, 1.00000, 4.00000, 117.00000000, 4881.00, 0.51632, '2012-12-21'),
(357, 1, 23, 600, 7508976.00, 1.00000, 4.00000, 57.00000000, 9792.00, 0.51780, '2012-12-22'),
(358, 1, 23, 600, 4126159.00, 1.00000, 2.00000, 88.00000000, 9057.00, 0.90933, '2012-12-23'),
(359, 1, 23, 600, 1642797.00, 1.00000, 4.00000, 75.00000000, 3996.00, 0.41615, '2012-12-24'),
(360, 1, 23, 600, 6378946.00, 1.00000, 2.00000, 104.00000000, 6034.00, 0.37660, '2012-12-25'),
(361, 1, 23, 600, 5318855.00, 1.00000, 3.00000, 101.00000000, 6068.00, 0.69557, '2012-12-26'),
(362, 1, 23, 600, 2075956.00, 1.00000, 4.00000, 66.00000000, 8921.00, 0.58824, '2012-12-27'),
(363, 1, 23, 600, 4351451.00, 1.00000, 4.00000, 116.00000000, 1784.00, 0.41472, '2012-12-28'),
(364, 1, 23, 600, 2918684.00, 1.00000, 1.00000, 70.00000000, 6883.00, 0.93549, '2012-12-29'),
(365, 1, 23, 600, 4047328.00, 1.00000, 4.00000, 79.00000000, 581.00, 0.77168, '2012-12-30'),
(366, 1, 23, 600, 4373505.00, 1.00000, 3.00000, 53.00000000, 9456.00, 0.12892, '2012-12-31'),
(367, 1, 23, 600, 4627885.00, 1.00000, 1.00000, 114.00000000, 8644.00, 0.40966, '2013-01-01'),
(368, 1, 23, 600, 2178166.00, 1.00000, 3.00000, 114.00000000, 3923.00, 0.44947, '2013-01-02'),
(369, 1, 23, 600, 6267161.00, 1.00000, 4.00000, 61.00000000, 9797.00, 0.43447, '2013-01-03'),
(370, 1, 23, 600, 6062366.00, 1.00000, 3.00000, 104.00000000, 7136.00, 0.49884, '2013-01-04'),
(371, 1, 23, 600, 4896554.00, 1.00000, 3.00000, 104.00000000, 271.00, 0.48743, '2013-01-05'),
(372, 1, 23, 600, 249534.00, 1.00000, 2.00000, 63.00000000, 4893.00, 0.33693, '2013-01-06'),
(373, 1, 23, 600, 4925511.00, 1.00000, 1.00000, 101.00000000, 985.00, 0.56964, '2013-01-07'),
(374, 1, 23, 600, 7117600.00, 1.00000, 4.00000, 105.00000000, 4660.00, 0.57095, '2013-01-08'),
(375, 1, 23, 600, 5308959.00, 1.00000, 2.00000, 86.00000000, 5641.00, 0.30490, '2013-01-09'),
(376, 1, 23, 600, 4036289.00, 1.00000, 2.00000, 96.00000000, 9199.00, 0.96950, '2013-01-10'),
(377, 1, 23, 600, 2204439.00, 1.00000, 3.00000, 100.00000000, 4776.00, 0.38672, '2013-01-11'),
(378, 1, 23, 600, 7705089.00, 1.00000, 4.00000, 96.00000000, 4200.00, 0.74932, '2013-01-12'),
(379, 1, 23, 600, 2129593.00, 1.00000, 3.00000, 104.00000000, 4184.00, 0.43405, '2013-01-13'),
(380, 1, 23, 600, 7649561.00, 1.00000, 2.00000, 110.00000000, 3453.00, 0.61667, '2013-01-14'),
(381, 1, 23, 600, 313362.00, 1.00000, 1.00000, 112.00000000, 9871.00, 0.24792, '2013-01-15'),
(382, 1, 23, 600, 1967759.00, 1.00000, 3.00000, 97.00000000, 5439.00, 0.90600, '2013-01-16'),
(383, 1, 23, 600, 2855512.00, 1.00000, 1.00000, 110.00000000, 7295.00, 0.76779, '2013-01-17'),
(384, 1, 23, 600, 4725650.00, 1.00000, 2.00000, 57.00000000, 8791.00, 0.97160, '2013-01-18'),
(385, 1, 23, 600, 3613427.00, 1.00000, 1.00000, 54.00000000, 1334.00, 0.45694, '2013-01-19'),
(386, 1, 23, 600, 9557715.00, 1.00000, 4.00000, 61.00000000, 8885.00, 0.33335, '2013-01-20'),
(387, 1, 23, 600, 8970120.00, 1.00000, 2.00000, 62.00000000, 7083.00, 0.21237, '2013-01-21'),
(388, 1, 23, 600, 2355017.00, 1.00000, 3.00000, 88.00000000, 1338.00, 0.98565, '2013-01-22'),
(389, 1, 23, 600, 7553925.00, 1.00000, 1.00000, 98.00000000, 3835.00, 0.24562, '2013-01-23'),
(390, 1, 23, 600, 3159854.00, 1.00000, 2.00000, 85.00000000, 593.00, 0.85200, '2013-01-24'),
(391, 1, 23, 600, 8429921.00, 1.00000, 3.00000, 98.00000000, 1268.00, 0.36780, '2013-01-25'),
(392, 1, 23, 600, 8583654.00, 1.00000, 4.00000, 68.00000000, 4239.00, 0.92500, '2013-01-26'),
(393, 1, 23, 600, 1218861.00, 1.00000, 3.00000, 91.00000000, 7256.00, 0.50116, '2013-01-27'),
(394, 1, 23, 600, 7073434.00, 1.00000, 2.00000, 102.00000000, 1272.00, 0.89329, '2013-01-28'),
(395, 1, 23, 600, 7990992.00, 1.00000, 4.00000, 102.00000000, 694.00, 0.77321, '2013-01-29'),
(396, 1, 23, 600, 120721.00, 1.00000, 3.00000, 95.00000000, 3125.00, 0.84190, '2013-01-30'),
(397, 1, 23, 600, 630299.00, 1.00000, 1.00000, 80.00000000, 7204.00, 0.78110, '2013-01-31'),
(398, 1, 23, 600, 5768348.00, 1.00000, 4.00000, 65.00000000, 5389.00, 0.18703, '2013-02-01'),
(399, 1, 23, 600, 8563112.00, 1.00000, 1.00000, 99.00000000, 1244.00, 0.49212, '2013-02-02'),
(400, 1, 23, 600, 2001754.00, 1.00000, 2.00000, 95.00000000, 6329.00, 0.90554, '2013-02-03'),
(401, 1, 23, 600, 5224661.00, 1.00000, 1.00000, 109.00000000, 3141.00, 0.61563, '2013-02-04'),
(402, 1, 23, 600, 8627316.00, 1.00000, 2.00000, 84.00000000, 9812.00, 0.88435, '2013-02-05'),
(403, 1, 23, 600, 7038093.00, 1.00000, 3.00000, 53.00000000, 3357.00, 0.43729, '2013-02-06'),
(404, 1, 23, 600, 6041327.00, 1.00000, 2.00000, 94.00000000, 4578.00, 0.47815, '2013-02-07'),
(405, 1, 23, 600, 1336348.00, 1.00000, 2.00000, 87.00000000, 5493.00, 0.80725, '2013-02-08'),
(406, 1, 23, 600, 1428611.00, 1.00000, 1.00000, 66.00000000, 4542.00, 0.71579, '2013-02-09'),
(407, 1, 23, 600, 8151066.00, 1.00000, 1.00000, 69.00000000, 123.00, 0.40958, '2013-02-10'),
(408, 1, 23, 600, 8922551.00, 1.00000, 3.00000, 56.00000000, 3166.00, 0.33603, '2013-02-11'),
(409, 1, 23, 600, 2759283.00, 1.00000, 3.00000, 110.00000000, 682.00, 0.70566, '2013-02-12'),
(410, 1, 23, 600, 5645213.00, 1.00000, 1.00000, 116.00000000, 1193.00, 0.49206, '2013-02-13'),
(411, 1, 23, 600, 465619.00, 1.00000, 1.00000, 58.00000000, 4303.00, 0.76520, '2013-02-14'),
(412, 1, 23, 600, 9346676.00, 1.00000, 4.00000, 98.00000000, 544.00, 0.44797, '2013-02-15'),
(413, 1, 23, 600, 6094736.00, 1.00000, 1.00000, 91.00000000, 8179.00, 0.11543, '2013-02-16'),
(414, 1, 23, 600, 4575835.00, 1.00000, 4.00000, 113.00000000, 9867.00, 0.56465, '2013-02-17'),
(415, 1, 23, 600, 2470807.00, 1.00000, 4.00000, 94.00000000, 2804.00, 0.89003, '2013-02-18'),
(416, 1, 23, 600, 3526549.00, 1.00000, 3.00000, 54.00000000, 630.00, 0.91193, '2013-02-19'),
(417, 1, 23, 600, 2769498.00, 1.00000, 1.00000, 86.00000000, 8744.00, 0.89590, '2013-02-20'),
(418, 1, 23, 600, 9268108.00, 1.00000, 2.00000, 85.00000000, 4629.00, 0.55927, '2013-02-21'),
(419, 1, 23, 600, 5994942.00, 1.00000, 3.00000, 116.00000000, 4795.00, 0.11540, '2013-02-22'),
(420, 1, 23, 600, 3766785.00, 1.00000, 1.00000, 76.00000000, 3545.00, 0.17626, '2013-02-23'),
(421, 1, 23, 600, 1184677.00, 1.00000, 2.00000, 97.00000000, 9925.00, 0.82012, '2013-02-24'),
(422, 1, 23, 600, 3451847.00, 1.00000, 2.00000, 93.00000000, 1770.00, 0.20392, '2013-02-25'),
(423, 1, 23, 600, 8893843.00, 1.00000, 4.00000, 117.00000000, 1278.00, 0.31098, '2013-02-26'),
(424, 1, 23, 600, 3703176.00, 1.00000, 2.00000, 68.00000000, 3299.00, 0.16319, '2013-02-27'),
(425, 1, 23, 600, 7040633.00, 1.00000, 3.00000, 80.00000000, 9645.00, 0.18435, '2013-02-28'),
(426, 1, 23, 600, 1327521.00, 1.00000, 1.00000, 96.00000000, 2150.00, 0.94806, '2013-03-01'),
(427, 1, 23, 600, 8368457.00, 1.00000, 3.00000, 107.00000000, 5842.00, 0.36609, '2013-03-02'),
(428, 1, 23, 600, 943430.00, 1.00000, 1.00000, 114.00000000, 6561.00, 0.83996, '2013-03-03'),
(429, 1, 23, 600, 314916.00, 1.00000, 3.00000, 106.00000000, 657.00, 0.26775, '2013-03-04'),
(430, 1, 23, 600, 4244973.00, 1.00000, 3.00000, 116.00000000, 741.00, 0.29682, '2013-03-05'),
(431, 1, 23, 600, 7190798.00, 1.00000, 3.00000, 103.00000000, 3610.00, 0.89610, '2013-03-06'),
(432, 1, 23, 600, 286024.00, 1.00000, 4.00000, 57.00000000, 1615.00, 0.17170, '2013-03-07'),
(433, 1, 23, 600, 7118521.00, 1.00000, 1.00000, 79.00000000, 7805.00, 0.10378, '2013-03-08'),
(434, 1, 23, 600, 4105352.00, 1.00000, 1.00000, 53.00000000, 6148.00, 0.83151, '2013-03-09'),
(435, 1, 23, 600, 8449517.00, 1.00000, 1.00000, 80.00000000, 8908.00, 0.90354, '2013-03-10'),
(436, 1, 23, 600, 4390601.00, 1.00000, 3.00000, 88.00000000, 3432.00, 0.88777, '2013-03-11'),
(437, 1, 23, 600, 8255548.00, 1.00000, 2.00000, 102.00000000, 6344.00, 0.40505, '2013-03-12'),
(438, 1, 23, 600, 2032280.00, 1.00000, 1.00000, 97.00000000, 1394.00, 0.24949, '2013-03-13'),
(439, 1, 23, 600, 7600541.00, 1.00000, 4.00000, 67.00000000, 9344.00, 0.94314, '2013-03-14'),
(440, 1, 23, 600, 265182.00, 1.00000, 4.00000, 84.00000000, 1730.00, 0.26227, '2013-03-15'),
(441, 1, 23, 600, 5819789.00, 1.00000, 4.00000, 51.00000000, 6028.00, 0.42248, '2013-03-16'),
(442, 1, 23, 600, 6448361.00, 1.00000, 3.00000, 106.00000000, 8549.00, 0.69051, '2013-03-17'),
(443, 1, 23, 600, 1616940.00, 1.00000, 1.00000, 105.00000000, 137.00, 0.54590, '2013-03-18'),
(444, 1, 23, 600, 6788277.00, 1.00000, 1.00000, 63.00000000, 6646.00, 0.35760, '2013-03-19'),
(445, 1, 23, 600, 9006314.00, 1.00000, 4.00000, 111.00000000, 3168.00, 0.46068, '2013-03-20'),
(446, 1, 23, 600, 7967476.00, 1.00000, 2.00000, 68.00000000, 8524.00, 0.21131, '2013-03-21'),
(447, 1, 23, 600, 7134812.00, 1.00000, 2.00000, 69.00000000, 1796.00, 0.55059, '2013-03-22'),
(448, 1, 23, 600, 4937292.00, 1.00000, 2.00000, 111.00000000, 1840.00, 0.75637, '2013-03-23'),
(449, 1, 23, 600, 7839680.00, 1.00000, 1.00000, 55.00000000, 6148.00, 0.72480, '2013-03-24'),
(450, 1, 23, 600, 4303617.00, 1.00000, 3.00000, 119.00000000, 6751.00, 0.46393, '2013-03-25'),
(451, 1, 23, 600, 7148394.00, 1.00000, 3.00000, 51.00000000, 5426.00, 0.52431, '2013-03-26'),
(452, 1, 23, 600, 6571909.00, 1.00000, 1.00000, 112.00000000, 6469.00, 0.18779, '2013-03-27'),
(453, 1, 23, 600, 9737819.00, 1.00000, 1.00000, 83.00000000, 5160.00, 0.43012, '2013-03-28'),
(454, 1, 23, 600, 3825494.00, 1.00000, 4.00000, 88.00000000, 3841.00, 0.93240, '2013-03-29'),
(455, 1, 23, 600, 5765377.00, 1.00000, 4.00000, 56.00000000, 5893.00, 0.35051, '2013-03-30'),
(456, 1, 23, 600, 619702.00, 1.00000, 1.00000, 85.00000000, 7829.00, 0.90275, '2013-03-31'),
(457, 1, 23, 600, 8587667.00, 1.00000, 3.00000, 70.00000000, 4959.00, 0.30789, '2013-04-01'),
(458, 1, 23, 600, 2846687.00, 1.00000, 1.00000, 59.00000000, 8309.00, 0.60456, '2013-04-02'),
(459, 1, 23, 600, 944604.00, 1.00000, 4.00000, 86.00000000, 1520.00, 0.32620, '2013-04-03'),
(460, 1, 23, 600, 3794357.00, 1.00000, 4.00000, 60.00000000, 7358.00, 0.57786, '2013-04-04'),
(461, 1, 23, 600, 2345738.00, 1.00000, 4.00000, 87.00000000, 3272.00, 0.21950, '2013-04-05'),
(462, 1, 23, 600, 2017959.00, 1.00000, 4.00000, 107.00000000, 3123.00, 0.43150, '2013-04-06'),
(463, 1, 23, 600, 706404.00, 1.00000, 3.00000, 58.00000000, 6797.00, 0.79200, '2013-04-07'),
(464, 1, 23, 600, 7529394.00, 1.00000, 4.00000, 107.00000000, 5770.00, 0.77242, '2013-04-08'),
(465, 1, 23, 600, 2466219.00, 1.00000, 2.00000, 83.00000000, 2000.00, 0.32409, '2013-04-09'),
(466, 1, 23, 600, 8169352.00, 1.00000, 1.00000, 94.00000000, 4279.00, 0.68683, '2013-04-10'),
(467, 1, 23, 600, 1715836.00, 1.00000, 3.00000, 72.00000000, 8999.00, 0.96029, '2013-04-11'),
(468, 1, 23, 600, 7392005.00, 1.00000, 2.00000, 95.00000000, 3670.00, 0.75180, '2013-04-12'),
(469, 1, 23, 600, 1751025.00, 1.00000, 3.00000, 78.00000000, 5625.00, 0.88170, '2013-04-13'),
(470, 1, 23, 600, 6979779.00, 1.00000, 1.00000, 101.00000000, 3725.00, 0.81657, '2013-04-14'),
(471, 1, 23, 600, 3776304.00, 1.00000, 4.00000, 69.00000000, 5427.00, 0.67502, '2013-04-15'),
(472, 1, 23, 600, 3227248.00, 1.00000, 4.00000, 59.00000000, 5231.00, 0.61641, '2013-04-16'),
(473, 1, 23, 600, 6118570.00, 1.00000, 4.00000, 73.00000000, 3468.00, 0.70718, '2013-04-17'),
(474, 1, 23, 600, 7969646.00, 1.00000, 4.00000, 50.00000000, 1828.00, 0.29197, '2013-04-18'),
(475, 1, 23, 600, 9802450.00, 1.00000, 4.00000, 113.00000000, 119.00, 0.53901, '2013-04-19'),
(476, 1, 23, 600, 2417287.00, 1.00000, 2.00000, 92.00000000, 8092.00, 0.70181, '2013-04-20'),
(477, 1, 23, 600, 2380617.00, 1.00000, 2.00000, 103.00000000, 5690.00, 0.75941, '2013-04-21'),
(478, 1, 23, 600, 244430.00, 1.00000, 4.00000, 106.00000000, 8382.00, 0.83410, '2013-04-22'),
(479, 1, 23, 600, 7892188.00, 1.00000, 4.00000, 89.00000000, 4381.00, 0.78860, '2013-04-23'),
(480, 1, 23, 600, 848874.00, 1.00000, 1.00000, 103.00000000, 2557.00, 0.38488, '2013-04-24'),
(481, 1, 23, 600, 4753124.00, 1.00000, 4.00000, 72.00000000, 5406.00, 0.19805, '2013-04-25'),
(482, 1, 23, 600, 3664651.00, 1.00000, 1.00000, 72.00000000, 2713.00, 0.61871, '2013-04-26'),
(483, 1, 23, 600, 2091110.00, 1.00000, 1.00000, 106.00000000, 8133.00, 0.82940, '2013-04-27'),
(484, 1, 23, 600, 8452083.00, 1.00000, 1.00000, 94.00000000, 4085.00, 0.69917, '2013-04-28'),
(485, 1, 23, 600, 6816330.00, 1.00000, 4.00000, 67.00000000, 4059.00, 0.88494, '2013-04-29'),
(486, 1, 23, 600, 5729326.00, 1.00000, 1.00000, 76.00000000, 6230.00, 0.78416, '2013-04-30'),
(487, 1, 23, 600, 5815976.00, 1.00000, 1.00000, 85.00000000, 4223.00, 0.89334, '2013-05-01'),
(488, 1, 23, 600, 6384731.00, 1.00000, 2.00000, 73.00000000, 6576.00, 0.24670, '2013-05-02'),
(489, 1, 23, 600, 3768931.00, 1.00000, 2.00000, 109.00000000, 2377.00, 0.50582, '2013-05-03'),
(490, 1, 23, 600, 801320.00, 1.00000, 1.00000, 108.00000000, 9239.00, 0.95244, '2013-05-04'),
(491, 1, 23, 600, 7075542.00, 1.00000, 1.00000, 100.00000000, 6626.00, 0.37444, '2013-05-05'),
(492, 1, 23, 600, 9752603.00, 1.00000, 2.00000, 61.00000000, 3352.00, 0.61882, '2013-05-06'),
(493, 1, 23, 600, 3372204.00, 1.00000, 3.00000, 109.00000000, 3679.00, 0.72108, '2013-05-07'),
(494, 1, 23, 600, 1060592.00, 1.00000, 3.00000, 66.00000000, 4387.00, 0.98757, '2013-05-08'),
(495, 1, 23, 600, 2989987.00, 1.00000, 2.00000, 56.00000000, 9908.00, 0.81880, '2013-05-09'),
(496, 1, 23, 600, 7420736.00, 1.00000, 1.00000, 93.00000000, 8740.00, 0.61732, '2013-05-10'),
(497, 1, 23, 600, 6759742.00, 1.00000, 2.00000, 68.00000000, 3047.00, 0.42398, '2013-05-11'),
(498, 1, 23, 600, 6092313.00, 1.00000, 4.00000, 74.00000000, 4985.00, 0.39967, '2013-05-12'),
(499, 1, 23, 600, 2082911.00, 1.00000, 1.00000, 94.00000000, 3717.00, 0.73919, '2013-05-13'),
(500, 1, 23, 600, 7933298.00, 1.00000, 4.00000, 78.00000000, 3532.00, 0.20457, '2013-05-14'),
(501, 1, 23, 600, 9661698.00, 1.00000, 4.00000, 65.00000000, 738.00, 0.76052, '2013-05-15'),
(502, 1, 23, 600, 4000329.00, 1.00000, 1.00000, 75.00000000, 6102.00, 0.13225, '2013-05-16'),
(503, 1, 23, 600, 4286228.00, 1.00000, 3.00000, 85.00000000, 8336.00, 0.81563, '2013-05-17'),
(504, 1, 23, 600, 7690882.00, 1.00000, 3.00000, 80.00000000, 723.00, 0.28320, '2013-05-18'),
(505, 1, 23, 600, 3564182.00, 1.00000, 3.00000, 68.00000000, 3416.00, 0.49866, '2013-05-19'),
(506, 1, 23, 600, 8812032.00, 1.00000, 4.00000, 69.00000000, 1125.00, 0.90918, '2013-05-20'),
(507, 1, 23, 600, 4570093.00, 1.00000, 3.00000, 115.00000000, 5567.00, 0.67899, '2013-05-21'),
(508, 1, 23, 600, 6480931.00, 1.00000, 1.00000, 112.00000000, 1265.00, 0.38155, '2013-05-22'),
(509, 1, 23, 600, 4076405.00, 1.00000, 2.00000, 65.00000000, 4836.00, 0.15583, '2013-05-23'),
(510, 1, 23, 600, 3619195.00, 1.00000, 1.00000, 66.00000000, 1639.00, 0.95254, '2013-05-24'),
(511, 1, 23, 600, 3026581.00, 1.00000, 4.00000, 75.00000000, 8245.00, 0.61857, '2013-05-25'),
(512, 1, 23, 600, 5923468.00, 1.00000, 1.00000, 60.00000000, 6172.00, 0.94337, '2013-05-26'),
(513, 1, 23, 600, 2893255.00, 1.00000, 1.00000, 76.00000000, 367.00, 0.81316, '2013-05-27'),
(514, 1, 23, 600, 4596612.00, 1.00000, 3.00000, 84.00000000, 3221.00, 0.84690, '2013-05-28'),
(515, 1, 23, 600, 5328103.00, 1.00000, 4.00000, 73.00000000, 7670.00, 0.17410, '2013-05-29'),
(516, 1, 23, 600, 5935984.00, 1.00000, 3.00000, 100.00000000, 8298.00, 0.56238, '2013-05-30'),
(517, 1, 23, 600, 6674427.00, 1.00000, 1.00000, 62.00000000, 759.00, 0.73391, '2013-05-31'),
(518, 1, 23, 600, 4203070.00, 1.00000, 1.00000, 113.00000000, 841.00, 0.28548, '2013-06-01'),
(519, 1, 23, 600, 7228013.00, 1.00000, 2.00000, 62.00000000, 1067.00, 0.26196, '2013-06-02'),
(520, 1, 23, 600, 2158634.00, 1.00000, 3.00000, 56.00000000, 2733.00, 0.28899, '2013-06-03'),
(521, 1, 23, 600, 1225639.00, 1.00000, 3.00000, 102.00000000, 9668.00, 0.36118, '2013-06-04'),
(522, 1, 23, 600, 4592373.00, 1.00000, 4.00000, 93.00000000, 1146.00, 0.41468, '2013-06-05'),
(523, 1, 23, 600, 2595150.00, 1.00000, 4.00000, 77.00000000, 4355.00, 0.24638, '2013-06-06'),
(524, 1, 23, 600, 3427634.00, 1.00000, 2.00000, 75.00000000, 2580.00, 0.29251, '2013-06-07'),
(525, 1, 23, 600, 6984871.00, 1.00000, 2.00000, 85.00000000, 6032.00, 0.90867, '2013-06-08'),
(526, 1, 23, 600, 545247.00, 1.00000, 2.00000, 109.00000000, 1035.00, 0.39864, '2013-06-09'),
(527, 1, 23, 600, 6179439.00, 1.00000, 4.00000, 111.00000000, 1314.00, 0.23514, '2013-06-10'),
(528, 1, 23, 600, 750681.00, 1.00000, 4.00000, 55.00000000, 5625.00, 0.10499, '2013-06-11'),
(529, 1, 23, 600, 1921808.00, 1.00000, 3.00000, 98.00000000, 6790.00, 0.82730, '2013-06-12'),
(530, 1, 23, 600, 1790962.00, 1.00000, 2.00000, 77.00000000, 4242.00, 0.14320, '2013-06-13'),
(531, 1, 23, 600, 6908859.00, 1.00000, 2.00000, 96.00000000, 2878.00, 0.91350, '2013-06-14'),
(532, 1, 23, 600, 7598897.00, 1.00000, 1.00000, 74.00000000, 3558.00, 0.19327, '2013-06-15'),
(533, 1, 23, 600, 8506707.00, 1.00000, 2.00000, 108.00000000, 6395.00, 0.26540, '2013-06-16'),
(534, 1, 23, 600, 534100.00, 1.00000, 2.00000, 78.00000000, 4851.00, 0.29706, '2013-06-17'),
(535, 1, 23, 600, 2478376.00, 1.00000, 4.00000, 95.00000000, 4931.00, 0.96790, '2013-06-18'),
(536, 1, 23, 600, 5043102.00, 1.00000, 3.00000, 97.00000000, 6959.00, 0.58564, '2013-06-19'),
(537, 1, 23, 600, 4973059.00, 1.00000, 4.00000, 62.00000000, 3299.00, 0.36004, '2013-06-20'),
(538, 1, 23, 600, 5250429.00, 1.00000, 1.00000, 63.00000000, 6607.00, 0.59094, '2013-06-21'),
(539, 1, 23, 600, 9284993.00, 1.00000, 1.00000, 57.00000000, 1262.00, 0.83240, '2013-06-22'),
(540, 1, 23, 600, 9162547.00, 1.00000, 1.00000, 72.00000000, 7629.00, 0.79822, '2013-06-23'),
(541, 1, 23, 600, 8332979.00, 1.00000, 2.00000, 95.00000000, 6646.00, 0.92146, '2013-06-24'),
(542, 1, 23, 600, 570436.00, 1.00000, 4.00000, 53.00000000, 5237.00, 0.90200, '2013-06-25');
INSERT INTO `app_holdperf` (`id`, `holding_id`, `holding_category_id`, `month_id`, `nav`, `interest_rate`, `performance`, `current_price`, `no_of_units`, `weight`, `value_date`) VALUES
(543, 1, 23, 600, 6386795.00, 1.00000, 1.00000, 90.00000000, 8385.00, 0.80584, '2013-06-26'),
(544, 1, 23, 600, 5016163.00, 1.00000, 3.00000, 54.00000000, 4788.00, 0.44673, '2013-06-27'),
(545, 1, 23, 600, 6249779.00, 1.00000, 4.00000, 119.00000000, 760.00, 0.33475, '2013-06-28'),
(546, 1, 23, 600, 6045788.00, 1.00000, 4.00000, 75.00000000, 754.00, 0.72740, '2013-06-29'),
(547, 1, 23, 600, 6956192.00, 1.00000, 3.00000, 62.00000000, 6369.00, 0.17925, '2013-06-30'),
(548, 1, 23, 600, 6987053.00, 1.00000, 4.00000, 112.00000000, 315.00, 0.95839, '2013-07-01'),
(549, 1, 23, 600, 9926240.00, 1.00000, 4.00000, 105.00000000, 8723.00, 0.57343, '2013-07-02'),
(550, 1, 23, 600, 2780897.00, 1.00000, 2.00000, 71.00000000, 6163.00, 0.61352, '2013-07-03'),
(551, 1, 23, 600, 2404821.00, 1.00000, 2.00000, 106.00000000, 6848.00, 0.21960, '2013-07-04'),
(552, 1, 23, 600, 1299112.00, 1.00000, 2.00000, 83.00000000, 6657.00, 0.27667, '2013-07-05'),
(553, 1, 23, 600, 7370543.00, 1.00000, 3.00000, 80.00000000, 7518.00, 0.99086, '2013-07-06'),
(554, 1, 23, 600, 4800121.00, 1.00000, 2.00000, 96.00000000, 9957.00, 0.65022, '2013-07-07'),
(555, 1, 23, 600, 3797560.00, 1.00000, 3.00000, 84.00000000, 3402.00, 0.47639, '2013-07-08'),
(556, 1, 23, 600, 8322818.00, 1.00000, 2.00000, 64.00000000, 5634.00, 0.24344, '2013-07-09'),
(557, 1, 23, 600, 6498117.00, 1.00000, 3.00000, 61.00000000, 2664.00, 0.29696, '2013-07-10'),
(558, 1, 23, 600, 4114386.00, 1.00000, 4.00000, 86.00000000, 5531.00, 0.86433, '2013-07-11'),
(559, 1, 23, 600, 1847308.00, 1.00000, 4.00000, 69.00000000, 4921.00, 0.82640, '2013-07-12'),
(560, 1, 23, 600, 1187191.00, 1.00000, 2.00000, 85.00000000, 1061.00, 0.37073, '2013-07-13'),
(561, 1, 23, 600, 8133476.00, 1.00000, 1.00000, 65.00000000, 8945.00, 0.81330, '2013-07-14'),
(562, 1, 23, 600, 2962463.00, 1.00000, 4.00000, 67.00000000, 1257.00, 0.10888, '2013-07-15'),
(563, 1, 23, 600, 8706787.00, 1.00000, 3.00000, 102.00000000, 7307.00, 0.85011, '2013-07-16'),
(564, 1, 23, 600, 5649007.00, 1.00000, 1.00000, 70.00000000, 7772.00, 0.27850, '2013-07-17'),
(565, 1, 23, 600, 1107375.00, 1.00000, 4.00000, 115.00000000, 9098.00, 0.73011, '2013-07-18'),
(566, 1, 23, 600, 3977415.00, 1.00000, 2.00000, 90.00000000, 4199.00, 0.37350, '2013-07-19'),
(567, 1, 23, 600, 4906324.00, 1.00000, 1.00000, 73.00000000, 6060.00, 0.30266, '2013-07-20'),
(568, 1, 23, 600, 8632033.00, 1.00000, 3.00000, 78.00000000, 4869.00, 0.28332, '2013-07-21'),
(569, 1, 23, 600, 5346655.00, 1.00000, 1.00000, 116.00000000, 8595.00, 0.23149, '2013-07-22'),
(570, 1, 23, 600, 128087.00, 1.00000, 1.00000, 91.00000000, 4767.00, 0.23199, '2013-07-23'),
(571, 1, 23, 600, 1345736.00, 1.00000, 3.00000, 91.00000000, 8622.00, 0.93751, '2013-07-24'),
(572, 1, 23, 600, 4973661.00, 1.00000, 2.00000, 67.00000000, 2280.00, 0.32944, '2013-07-25'),
(573, 1, 23, 600, 1764195.00, 1.00000, 3.00000, 77.00000000, 6453.00, 0.75823, '2013-07-26'),
(574, 1, 23, 600, 5469753.00, 1.00000, 2.00000, 53.00000000, 9423.00, 0.44333, '2013-07-27'),
(575, 1, 23, 600, 9349821.00, 1.00000, 2.00000, 105.00000000, 6648.00, 0.91588, '2013-07-28'),
(576, 1, 23, 600, 3364432.00, 1.00000, 1.00000, 62.00000000, 4170.00, 0.27790, '2013-07-29'),
(577, 1, 23, 600, 8069503.00, 1.00000, 2.00000, 112.00000000, 4914.00, 0.97190, '2013-07-30'),
(578, 1, 23, 600, 1730885.00, 1.00000, 1.00000, 107.00000000, 7792.00, 0.17159, '2013-07-31'),
(579, 1, 23, 600, 9331087.00, 1.00000, 3.00000, 95.00000000, 112.00, 0.74100, '2013-08-01'),
(580, 1, 23, 600, 1692997.00, 1.00000, 4.00000, 55.00000000, 2879.00, 0.95020, '2013-08-02'),
(581, 1, 23, 600, 6498649.00, 1.00000, 4.00000, 119.00000000, 9011.00, 0.20069, '2013-08-03'),
(582, 1, 23, 600, 104679.00, 1.00000, 2.00000, 51.00000000, 1364.00, 0.86231, '2013-08-04'),
(583, 1, 23, 600, 544532.00, 1.00000, 4.00000, 97.00000000, 7937.00, 0.44359, '2013-08-05'),
(584, 1, 23, 600, 3611904.00, 1.00000, 4.00000, 88.00000000, 2936.00, 0.31956, '2013-08-06'),
(585, 1, 23, 600, 4037874.00, 1.00000, 1.00000, 71.00000000, 7319.00, 0.55628, '2013-08-07'),
(586, 1, 23, 600, 5263047.00, 1.00000, 4.00000, 87.00000000, 3014.00, 0.24440, '2013-08-08'),
(587, 1, 23, 600, 3453278.00, 1.00000, 4.00000, 59.00000000, 4280.00, 0.15040, '2013-08-09'),
(588, 1, 23, 600, 3174749.00, 1.00000, 3.00000, 93.00000000, 466.00, 0.90910, '2013-08-10'),
(589, 1, 23, 600, 7630346.00, 1.00000, 3.00000, 51.00000000, 4415.00, 0.74631, '2013-08-11'),
(590, 1, 23, 600, 913530.00, 1.00000, 2.00000, 110.00000000, 8567.00, 0.61326, '2013-08-12'),
(591, 1, 23, 600, 8446491.00, 1.00000, 3.00000, 96.00000000, 2932.00, 0.43559, '2013-08-13'),
(592, 1, 23, 600, 8262741.00, 1.00000, 1.00000, 70.00000000, 1582.00, 0.67062, '2013-08-14'),
(593, 1, 23, 600, 6643868.00, 1.00000, 1.00000, 58.00000000, 8914.00, 0.97234, '2013-08-15'),
(594, 1, 23, 600, 3902714.00, 1.00000, 4.00000, 73.00000000, 6462.00, 0.86122, '2013-08-16'),
(595, 1, 23, 600, 9264701.00, 1.00000, 1.00000, 104.00000000, 6984.00, 0.57397, '2013-08-17'),
(596, 1, 23, 600, 6163927.00, 1.00000, 4.00000, 108.00000000, 5449.00, 0.20984, '2013-08-18'),
(597, 1, 23, 600, 5992515.00, 1.00000, 1.00000, 118.00000000, 2687.00, 0.36889, '2013-08-19'),
(598, 1, 23, 600, 6999584.00, 1.00000, 2.00000, 58.00000000, 7392.00, 0.14224, '2013-08-20'),
(599, 1, 23, 600, 5124980.00, 1.00000, 2.00000, 54.00000000, 285.00, 0.43545, '2013-08-21'),
(600, 1, 23, 600, 5769141.00, 1.00000, 3.00000, 68.00000000, 3446.00, 0.71755, '2013-08-22'),
(601, 1, 23, 600, 546761.00, 1.00000, 2.00000, 74.00000000, 6431.00, 0.12124, '2013-08-23'),
(602, 1, 23, 600, 5046934.00, 1.00000, 3.00000, 95.00000000, 4063.00, 0.28848, '2013-08-24'),
(603, 1, 23, 600, 6341995.00, 1.00000, 4.00000, 101.00000000, 7336.00, 0.27650, '2013-08-25'),
(604, 1, 23, 600, 1593748.00, 1.00000, 4.00000, 119.00000000, 3349.00, 0.18299, '2013-08-26'),
(605, 1, 23, 600, 7331490.00, 1.00000, 1.00000, 75.00000000, 4217.00, 0.50979, '2013-08-27'),
(606, 1, 23, 600, 5588048.00, 1.00000, 1.00000, 88.00000000, 3154.00, 0.32538, '2013-08-28'),
(607, 1, 23, 600, 9517101.00, 1.00000, 4.00000, 92.00000000, 8448.00, 0.60429, '2013-08-29'),
(608, 1, 23, 600, 4957990.00, 1.00000, 3.00000, 92.00000000, 9848.00, 0.91653, '2013-08-30'),
(609, 1, 23, 600, 4257041.00, 1.00000, 1.00000, 64.00000000, 109.00, 0.33360, '2013-08-31'),
(610, 1, 23, 600, 2289838.00, 1.00000, 4.00000, 89.00000000, 2122.00, 0.37489, '2013-09-01'),
(611, 1, 23, 600, 8617503.00, 1.00000, 1.00000, 70.00000000, 4554.00, 0.27734, '2013-09-02'),
(612, 1, 23, 600, 1363593.00, 1.00000, 4.00000, 97.00000000, 9364.00, 0.18397, '2013-09-03'),
(613, 1, 23, 600, 1236270.00, 1.00000, 2.00000, 101.00000000, 6681.00, 0.73097, '2013-09-04'),
(614, 1, 23, 600, 2036822.00, 1.00000, 1.00000, 97.00000000, 1791.00, 0.79599, '2013-09-05'),
(615, 1, 23, 600, 5600890.00, 1.00000, 3.00000, 61.00000000, 4407.00, 0.84896, '2013-09-06'),
(616, 1, 23, 600, 1406939.00, 1.00000, 3.00000, 91.00000000, 1829.00, 0.13573, '2013-09-07'),
(617, 1, 23, 600, 8846235.00, 1.00000, 3.00000, 91.00000000, 8332.00, 0.14630, '2013-09-08'),
(618, 1, 23, 600, 8948948.00, 1.00000, 3.00000, 102.00000000, 2781.00, 0.43760, '2013-09-09'),
(619, 1, 23, 600, 2786112.00, 1.00000, 4.00000, 103.00000000, 1768.00, 0.84194, '2013-09-10'),
(620, 1, 23, 600, 4157905.00, 1.00000, 4.00000, 95.00000000, 228.00, 0.13747, '2013-09-11'),
(621, 1, 23, 600, 6138575.00, 1.00000, 4.00000, 54.00000000, 6157.00, 0.52018, '2013-09-12'),
(622, 1, 23, 600, 5575270.00, 1.00000, 1.00000, 87.00000000, 8725.00, 0.12342, '2013-09-13'),
(623, 1, 23, 600, 8164109.00, 1.00000, 1.00000, 85.00000000, 3635.00, 0.99027, '2013-09-14'),
(624, 1, 23, 600, 6999635.00, 1.00000, 3.00000, 81.00000000, 1789.00, 0.34198, '2013-09-15'),
(625, 1, 23, 600, 6744977.00, 1.00000, 4.00000, 111.00000000, 1838.00, 0.12526, '2013-09-16'),
(626, 1, 23, 600, 7115095.00, 1.00000, 1.00000, 64.00000000, 6036.00, 0.32467, '2013-09-17'),
(627, 1, 23, 600, 8652722.00, 1.00000, 3.00000, 88.00000000, 4612.00, 0.11861, '2013-09-18'),
(628, 1, 23, 600, 6120011.00, 1.00000, 1.00000, 50.00000000, 6811.00, 0.55251, '2013-09-19'),
(629, 1, 23, 600, 9732265.00, 1.00000, 1.00000, 99.00000000, 3836.00, 0.69402, '2013-09-20'),
(630, 1, 23, 600, 4671131.00, 1.00000, 2.00000, 101.00000000, 5685.00, 0.46001, '2013-09-21'),
(631, 1, 23, 600, 4415529.00, 1.00000, 4.00000, 55.00000000, 3807.00, 0.70435, '2013-09-22'),
(632, 1, 23, 600, 9576605.00, 1.00000, 4.00000, 91.00000000, 1667.00, 0.49026, '2013-09-23'),
(633, 1, 23, 600, 2343250.00, 1.00000, 3.00000, 57.00000000, 2826.00, 0.60621, '2013-09-24'),
(634, 1, 23, 600, 9776691.00, 1.00000, 4.00000, 118.00000000, 112.00, 0.69724, '2013-09-25'),
(635, 1, 23, 600, 6712494.00, 1.00000, 1.00000, 115.00000000, 1215.00, 0.99664, '2013-09-26'),
(636, 1, 23, 600, 8532871.00, 1.00000, 1.00000, 94.00000000, 7228.00, 0.63613, '2013-09-27'),
(637, 1, 23, 600, 9617581.00, 1.00000, 1.00000, 101.00000000, 401.00, 0.75345, '2013-09-28'),
(638, 1, 23, 600, 6829458.00, 1.00000, 1.00000, 92.00000000, 5278.00, 0.16118, '2013-09-29'),
(639, 1, 23, 600, 8998589.00, 1.00000, 4.00000, 119.00000000, 9691.00, 0.24164, '2013-09-30'),
(640, 1, 23, 600, 6421336.00, 1.00000, 3.00000, 66.00000000, 2775.00, 0.17969, '2013-10-01'),
(641, 1, 23, 600, 8421823.00, 1.00000, 2.00000, 90.00000000, 5467.00, 0.74080, '2013-10-02'),
(642, 1, 23, 600, 7070336.00, 1.00000, 2.00000, 95.00000000, 2409.00, 0.11411, '2013-10-03'),
(643, 1, 23, 600, 2278449.00, 1.00000, 2.00000, 91.00000000, 1089.00, 0.44810, '2013-10-04'),
(644, 1, 23, 600, 5547542.00, 1.00000, 1.00000, 95.00000000, 2978.00, 0.97080, '2013-10-05'),
(645, 1, 23, 600, 4575152.00, 1.00000, 3.00000, 88.00000000, 8861.00, 0.42577, '2013-10-06'),
(646, 1, 23, 600, 6749028.00, 1.00000, 4.00000, 65.00000000, 8150.00, 0.50433, '2013-10-07'),
(647, 1, 23, 600, 7410091.00, 1.00000, 1.00000, 65.00000000, 4365.00, 0.79876, '2013-10-08'),
(648, 1, 23, 600, 4480888.00, 1.00000, 4.00000, 102.00000000, 4910.00, 0.46729, '2013-10-09'),
(649, 1, 23, 600, 9329934.00, 1.00000, 1.00000, 93.00000000, 6586.00, 0.78792, '2013-10-10'),
(650, 1, 23, 600, 3478717.00, 1.00000, 4.00000, 54.00000000, 5137.00, 0.17359, '2013-10-11'),
(651, 1, 23, 600, 5178772.00, 1.00000, 3.00000, 105.00000000, 5199.00, 0.40689, '2013-10-12'),
(652, 1, 23, 600, 7302486.00, 1.00000, 2.00000, 95.00000000, 4300.00, 0.41650, '2013-10-13'),
(653, 1, 23, 600, 8319551.00, 1.00000, 4.00000, 74.00000000, 4179.00, 0.31765, '2013-10-14'),
(654, 1, 23, 600, 5179204.00, 1.00000, 4.00000, 107.00000000, 6684.00, 0.79154, '2013-10-15'),
(655, 1, 23, 600, 7278980.00, 1.00000, 3.00000, 97.00000000, 9010.00, 0.77630, '2013-10-16'),
(656, 1, 23, 600, 1544487.00, 1.00000, 4.00000, 76.00000000, 6446.00, 0.64636, '2013-10-17'),
(657, 1, 23, 600, 5209370.00, 1.00000, 3.00000, 68.00000000, 8986.00, 0.65705, '2013-10-18'),
(658, 1, 23, 600, 4150555.00, 1.00000, 4.00000, 79.00000000, 9906.00, 0.60906, '2013-10-19'),
(659, 1, 23, 600, 7506391.00, 1.00000, 1.00000, 60.00000000, 9118.00, 0.81492, '2013-10-20'),
(660, 1, 23, 600, 119190.00, 1.00000, 1.00000, 62.00000000, 2128.00, 0.45542, '2013-10-21'),
(661, 1, 23, 600, 1965543.00, 1.00000, 4.00000, 101.00000000, 507.00, 0.91001, '2013-10-22'),
(662, 1, 23, 600, 4272945.00, 1.00000, 3.00000, 107.00000000, 145.00, 0.20824, '2013-10-23'),
(663, 1, 23, 600, 7002173.00, 1.00000, 2.00000, 110.00000000, 8921.00, 0.93324, '2013-10-24'),
(664, 1, 23, 600, 5510467.00, 1.00000, 4.00000, 80.00000000, 722.00, 0.67674, '2013-10-25'),
(665, 1, 23, 600, 6474823.00, 1.00000, 2.00000, 79.00000000, 1130.00, 0.45987, '2013-10-26'),
(666, 1, 23, 600, 9420688.00, 1.00000, 3.00000, 92.00000000, 4351.00, 0.97494, '2013-10-27'),
(667, 1, 23, 600, 2399577.00, 1.00000, 2.00000, 82.00000000, 2041.00, 0.58104, '2013-10-28'),
(668, 1, 23, 600, 4227364.00, 1.00000, 3.00000, 73.00000000, 521.00, 0.82200, '2013-10-29'),
(669, 1, 23, 600, 8517515.00, 1.00000, 3.00000, 98.00000000, 7711.00, 0.49841, '2013-10-30'),
(670, 1, 23, 600, 472088.00, 1.00000, 4.00000, 54.00000000, 4462.00, 0.88728, '2013-10-31'),
(671, 1, 23, 600, 3423702.00, 1.00000, 1.00000, 56.00000000, 5988.00, 0.97931, '2013-11-01'),
(672, 1, 23, 600, 4767618.00, 1.00000, 4.00000, 74.00000000, 1028.00, 0.18587, '2013-11-02'),
(673, 1, 23, 600, 1991688.00, 1.00000, 3.00000, 112.00000000, 4822.00, 0.58168, '2013-11-03'),
(674, 1, 23, 600, 9328564.00, 1.00000, 3.00000, 114.00000000, 1376.00, 0.95226, '2013-11-04'),
(675, 1, 23, 600, 8461113.00, 1.00000, 3.00000, 84.00000000, 7461.00, 0.62406, '2013-11-05'),
(676, 1, 23, 600, 6531266.00, 1.00000, 1.00000, 88.00000000, 9004.00, 0.51180, '2013-11-06'),
(677, 1, 23, 600, 270392.00, 1.00000, 2.00000, 62.00000000, 9028.00, 0.83554, '2013-11-07'),
(678, 1, 23, 600, 8633423.00, 1.00000, 4.00000, 54.00000000, 4689.00, 0.86570, '2013-11-08'),
(679, 1, 23, 600, 6823107.00, 1.00000, 3.00000, 104.00000000, 8334.00, 0.69569, '2013-11-09'),
(680, 1, 23, 600, 1354439.00, 1.00000, 3.00000, 60.00000000, 8160.00, 0.18013, '2013-11-10'),
(681, 1, 23, 600, 9359784.00, 1.00000, 1.00000, 108.00000000, 4075.00, 0.85060, '2013-11-11'),
(682, 1, 23, 600, 9024628.00, 1.00000, 3.00000, 83.00000000, 3908.00, 0.98362, '2013-11-12'),
(683, 1, 23, 600, 4136896.00, 1.00000, 1.00000, 71.00000000, 2068.00, 0.87411, '2013-11-13'),
(684, 1, 23, 600, 7749375.00, 1.00000, 2.00000, 88.00000000, 765.00, 0.71459, '2013-11-14'),
(685, 1, 23, 600, 9390594.00, 1.00000, 2.00000, 106.00000000, 4177.00, 0.86663, '2013-11-15'),
(686, 1, 23, 600, 764241.00, 1.00000, 1.00000, 54.00000000, 9194.00, 0.17589, '2013-11-16'),
(687, 1, 23, 600, 8917664.00, 1.00000, 3.00000, 52.00000000, 7032.00, 0.18817, '2013-11-17'),
(688, 1, 23, 600, 3235530.00, 1.00000, 4.00000, 57.00000000, 2189.00, 0.31572, '2013-11-18'),
(689, 1, 23, 600, 7030031.00, 1.00000, 3.00000, 65.00000000, 267.00, 0.82233, '2013-11-19'),
(690, 1, 23, 600, 4543606.00, 1.00000, 3.00000, 91.00000000, 3540.00, 0.63320, '2013-11-20'),
(691, 1, 23, 600, 1131411.00, 1.00000, 3.00000, 96.00000000, 3845.00, 0.88760, '2013-11-21'),
(692, 1, 23, 600, 6367635.00, 1.00000, 1.00000, 93.00000000, 6886.00, 0.73634, '2013-11-22'),
(693, 1, 23, 600, 5366287.00, 1.00000, 3.00000, 56.00000000, 5900.00, 0.60770, '2013-11-23'),
(694, 1, 23, 600, 1618322.00, 1.00000, 3.00000, 106.00000000, 6385.00, 0.34570, '2013-11-24'),
(695, 1, 23, 600, 2749865.00, 1.00000, 4.00000, 83.00000000, 9760.00, 0.60233, '2013-11-25'),
(696, 1, 23, 600, 5031734.00, 1.00000, 4.00000, 102.00000000, 2222.00, 0.16062, '2013-11-26'),
(697, 1, 23, 600, 7997821.00, 1.00000, 1.00000, 112.00000000, 997.00, 0.28064, '2013-11-27'),
(698, 1, 23, 600, 2539570.00, 1.00000, 3.00000, 105.00000000, 4809.00, 0.82287, '2013-11-28'),
(699, 1, 23, 600, 2604462.00, 1.00000, 1.00000, 77.00000000, 2542.00, 0.60467, '2013-11-29'),
(700, 1, 23, 600, 5961683.00, 1.00000, 3.00000, 59.00000000, 7534.00, 0.69170, '2013-11-30'),
(701, 1, 23, 600, 9220233.00, 1.00000, 1.00000, 95.00000000, 2189.00, 0.56477, '2013-12-01'),
(702, 1, 23, 600, 3156805.00, 1.00000, 4.00000, 62.00000000, 8766.00, 0.12455, '2013-12-02'),
(703, 1, 23, 600, 8513786.00, 1.00000, 2.00000, 114.00000000, 9939.00, 0.19992, '2013-12-03'),
(704, 1, 23, 600, 2585619.00, 1.00000, 3.00000, 56.00000000, 4791.00, 0.49340, '2013-12-04'),
(705, 1, 23, 600, 9946894.00, 1.00000, 3.00000, 75.00000000, 6064.00, 0.89186, '2013-12-05'),
(706, 1, 23, 600, 2196175.00, 1.00000, 3.00000, 117.00000000, 497.00, 0.90476, '2013-12-06'),
(707, 1, 23, 600, 2603624.00, 1.00000, 4.00000, 107.00000000, 4857.00, 0.50618, '2013-12-07'),
(708, 1, 23, 600, 9391914.00, 1.00000, 4.00000, 105.00000000, 2347.00, 0.58546, '2013-12-08'),
(709, 1, 23, 600, 4344797.00, 1.00000, 2.00000, 95.00000000, 8502.00, 0.44486, '2013-12-09'),
(710, 1, 23, 600, 4448048.00, 1.00000, 1.00000, 95.00000000, 8118.00, 0.19080, '2013-12-10'),
(711, 1, 23, 600, 8202974.00, 1.00000, 2.00000, 81.00000000, 4633.00, 0.71048, '2013-12-11'),
(712, 1, 23, 600, 847414.00, 1.00000, 4.00000, 52.00000000, 8525.00, 0.66622, '2013-12-12'),
(713, 1, 23, 600, 8351630.00, 1.00000, 3.00000, 55.00000000, 5015.00, 0.48392, '2013-12-13'),
(714, 1, 23, 600, 387635.00, 1.00000, 3.00000, 91.00000000, 6176.00, 0.87292, '2013-12-14'),
(715, 1, 23, 600, 9769540.00, 1.00000, 4.00000, 101.00000000, 2788.00, 0.71216, '2013-12-15'),
(716, 1, 23, 600, 2665973.00, 1.00000, 2.00000, 106.00000000, 8786.00, 0.62213, '2013-12-16'),
(717, 1, 23, 600, 8685676.00, 1.00000, 1.00000, 102.00000000, 4028.00, 0.64192, '2013-12-17'),
(718, 1, 23, 600, 6477128.00, 1.00000, 2.00000, 68.00000000, 7919.00, 0.40004, '2013-12-18'),
(719, 1, 23, 600, 1702379.00, 1.00000, 3.00000, 98.00000000, 1682.00, 0.80755, '2013-12-19'),
(720, 1, 23, 600, 8899110.00, 1.00000, 3.00000, 70.00000000, 1883.00, 0.21005, '2013-12-20'),
(721, 1, 23, 600, 8115062.00, 1.00000, 4.00000, 60.00000000, 5468.00, 0.41485, '2013-12-21'),
(722, 1, 23, 600, 4680874.00, 1.00000, 4.00000, 91.00000000, 1944.00, 0.99079, '2013-12-22'),
(723, 1, 23, 600, 3093354.00, 1.00000, 1.00000, 79.00000000, 8421.00, 0.70955, '2013-12-23'),
(724, 1, 23, 600, 9865677.00, 1.00000, 1.00000, 55.00000000, 7969.00, 0.60625, '2013-12-24'),
(725, 1, 23, 600, 5082436.00, 1.00000, 2.00000, 89.00000000, 7973.00, 0.39639, '2013-12-25'),
(726, 1, 23, 600, 5216292.00, 1.00000, 1.00000, 62.00000000, 7.00, 0.52817, '2013-12-26'),
(727, 1, 23, 600, 2843845.00, 1.00000, 2.00000, 69.00000000, 1426.00, 0.60069, '2013-12-27'),
(728, 1, 23, 600, 9015564.00, 1.00000, 4.00000, 98.00000000, 2014.00, 0.66441, '2013-12-28'),
(729, 1, 23, 600, 5093453.00, 1.00000, 2.00000, 50.00000000, 5417.00, 0.52975, '2013-12-29'),
(730, 1, 23, 600, 6033415.00, 1.00000, 2.00000, 56.00000000, 7755.00, 0.53695, '2013-12-30'),
(731, 1, 23, 600, 6848392.00, 1.00000, 4.00000, 87.00000000, 810.00, 0.93947, '2013-12-31'),
(732, 2, 23, 600, 2065379.00, 1.00000, 2.00000, 104.00000000, 4646.00, 0.55822, '2012-01-01'),
(733, 2, 23, 600, 9446618.00, 1.00000, 4.00000, 52.00000000, 6276.00, 0.21604, '2012-01-02'),
(734, 2, 23, 600, 4147539.00, 1.00000, 3.00000, 88.00000000, 351.00, 0.19146, '2012-01-03'),
(735, 2, 23, 600, 5675604.00, 1.00000, 2.00000, 71.00000000, 1556.00, 0.92244, '2012-01-04'),
(736, 2, 23, 600, 2472131.00, 1.00000, 1.00000, 80.00000000, 3815.00, 0.60491, '2012-01-05'),
(737, 2, 23, 600, 7538354.00, 1.00000, 1.00000, 73.00000000, 602.00, 0.81777, '2012-01-06'),
(738, 2, 23, 600, 4449795.00, 1.00000, 3.00000, 77.00000000, 8537.00, 0.94828, '2012-01-07'),
(739, 2, 23, 600, 8785190.00, 1.00000, 2.00000, 119.00000000, 1405.00, 0.41644, '2012-01-08'),
(740, 2, 23, 600, 4453735.00, 1.00000, 4.00000, 79.00000000, 9938.00, 0.88157, '2012-01-09'),
(741, 2, 23, 600, 999802.00, 1.00000, 1.00000, 86.00000000, 8303.00, 0.11690, '2012-01-10'),
(742, 2, 23, 600, 2323693.00, 1.00000, 1.00000, 94.00000000, 2204.00, 0.50553, '2012-01-11'),
(743, 2, 23, 600, 6586651.00, 1.00000, 4.00000, 88.00000000, 233.00, 0.22076, '2012-01-12'),
(744, 2, 23, 600, 6683912.00, 1.00000, 3.00000, 110.00000000, 3837.00, 0.89001, '2012-01-13'),
(745, 2, 23, 600, 7494947.00, 1.00000, 2.00000, 88.00000000, 4853.00, 0.36779, '2012-01-14'),
(746, 2, 23, 600, 5317563.00, 1.00000, 4.00000, 94.00000000, 3748.00, 0.16753, '2012-01-15'),
(747, 2, 23, 600, 2039603.00, 1.00000, 3.00000, 106.00000000, 3749.00, 0.66371, '2012-01-16'),
(748, 2, 23, 600, 3736752.00, 1.00000, 3.00000, 104.00000000, 3444.00, 0.34483, '2012-01-17'),
(749, 2, 23, 600, 8339960.00, 1.00000, 3.00000, 99.00000000, 4283.00, 0.56500, '2012-01-18'),
(750, 2, 23, 600, 5617187.00, 1.00000, 1.00000, 63.00000000, 4028.00, 0.85376, '2012-01-19'),
(751, 2, 23, 600, 4119089.00, 1.00000, 4.00000, 70.00000000, 6539.00, 0.70422, '2012-01-20'),
(752, 2, 23, 600, 4463549.00, 1.00000, 2.00000, 60.00000000, 7042.00, 0.89220, '2012-01-21'),
(753, 2, 23, 600, 1194740.00, 1.00000, 1.00000, 71.00000000, 5371.00, 0.49779, '2012-01-22'),
(754, 2, 23, 600, 648963.00, 1.00000, 1.00000, 110.00000000, 436.00, 0.28024, '2012-01-23'),
(755, 2, 23, 600, 1928711.00, 1.00000, 1.00000, 56.00000000, 5329.00, 0.18562, '2012-01-24'),
(756, 2, 23, 600, 8529591.00, 1.00000, 1.00000, 111.00000000, 6933.00, 0.77671, '2012-01-25'),
(757, 2, 23, 600, 3441118.00, 1.00000, 2.00000, 96.00000000, 9783.00, 0.70923, '2012-01-26'),
(758, 2, 23, 600, 8917121.00, 1.00000, 4.00000, 104.00000000, 39.00, 0.66179, '2012-01-27'),
(759, 2, 23, 600, 1202951.00, 1.00000, 4.00000, 62.00000000, 8407.00, 0.96310, '2012-01-28'),
(760, 2, 23, 600, 2138444.00, 1.00000, 2.00000, 105.00000000, 3740.00, 0.50845, '2012-01-29'),
(761, 2, 23, 600, 2972509.00, 1.00000, 2.00000, 111.00000000, 2958.00, 0.63051, '2012-01-30'),
(762, 2, 23, 600, 6418286.00, 1.00000, 1.00000, 111.00000000, 7556.00, 0.98005, '2012-01-31'),
(763, 2, 23, 600, 2625744.00, 1.00000, 2.00000, 67.00000000, 3473.00, 0.40986, '2012-02-01'),
(764, 2, 23, 600, 1974002.00, 1.00000, 4.00000, 71.00000000, 3086.00, 0.38149, '2012-02-02'),
(765, 2, 23, 600, 8526288.00, 1.00000, 4.00000, 73.00000000, 663.00, 0.40258, '2012-02-03'),
(766, 2, 23, 600, 544465.00, 1.00000, 4.00000, 54.00000000, 283.00, 0.99270, '2012-02-04'),
(767, 2, 23, 600, 7655643.00, 1.00000, 2.00000, 119.00000000, 6903.00, 0.89354, '2012-02-05'),
(768, 2, 23, 600, 643095.00, 1.00000, 4.00000, 111.00000000, 3537.00, 0.77357, '2012-02-06'),
(769, 2, 23, 600, 6878983.00, 1.00000, 1.00000, 92.00000000, 384.00, 0.82721, '2012-02-07'),
(770, 2, 23, 600, 6059833.00, 1.00000, 4.00000, 61.00000000, 1683.00, 0.55283, '2012-02-08'),
(771, 2, 23, 600, 4648047.00, 1.00000, 4.00000, 59.00000000, 9453.00, 0.97812, '2012-02-09'),
(772, 2, 23, 600, 634661.00, 1.00000, 4.00000, 117.00000000, 3471.00, 0.54230, '2012-02-10'),
(773, 2, 23, 600, 6653429.00, 1.00000, 4.00000, 58.00000000, 7391.00, 0.25634, '2012-02-11'),
(774, 2, 23, 600, 8889534.00, 1.00000, 4.00000, 68.00000000, 1917.00, 0.76211, '2012-02-12'),
(775, 2, 23, 600, 1300222.00, 1.00000, 2.00000, 58.00000000, 3561.00, 0.67371, '2012-02-13'),
(776, 2, 23, 600, 6958212.00, 1.00000, 2.00000, 67.00000000, 9084.00, 0.53624, '2012-02-14'),
(777, 2, 23, 600, 5842563.00, 1.00000, 2.00000, 72.00000000, 6375.00, 0.40068, '2012-02-15'),
(778, 2, 23, 600, 6021415.00, 1.00000, 4.00000, 100.00000000, 1246.00, 0.65190, '2012-02-16'),
(779, 2, 23, 600, 5242778.00, 1.00000, 1.00000, 59.00000000, 7796.00, 0.23270, '2012-02-17'),
(780, 2, 23, 600, 1246147.00, 1.00000, 4.00000, 79.00000000, 3716.00, 0.76112, '2012-02-18'),
(781, 2, 23, 600, 3835629.00, 1.00000, 2.00000, 57.00000000, 6213.00, 0.48995, '2012-02-19'),
(782, 2, 23, 600, 5208449.00, 1.00000, 4.00000, 110.00000000, 759.00, 0.53012, '2012-02-20'),
(783, 2, 23, 600, 9025674.00, 1.00000, 2.00000, 60.00000000, 652.00, 0.74334, '2012-02-21'),
(784, 2, 23, 600, 455659.00, 1.00000, 3.00000, 105.00000000, 2306.00, 0.66108, '2012-02-22'),
(785, 2, 23, 600, 3087176.00, 1.00000, 3.00000, 103.00000000, 5559.00, 0.81812, '2012-02-23'),
(786, 2, 23, 600, 6556488.00, 1.00000, 4.00000, 116.00000000, 4387.00, 0.63330, '2012-02-24'),
(787, 2, 23, 600, 799464.00, 1.00000, 3.00000, 100.00000000, 3597.00, 0.20269, '2012-02-25'),
(788, 2, 23, 600, 5216568.00, 1.00000, 1.00000, 96.00000000, 8814.00, 0.75570, '2012-02-26'),
(789, 2, 23, 600, 6234073.00, 1.00000, 1.00000, 101.00000000, 4125.00, 0.35232, '2012-02-27'),
(790, 2, 23, 600, 6596633.00, 1.00000, 2.00000, 107.00000000, 2130.00, 0.98343, '2012-02-28'),
(791, 2, 23, 600, 1262439.00, 1.00000, 3.00000, 95.00000000, 3558.00, 0.46691, '2012-02-29'),
(792, 2, 23, 600, 7151690.00, 1.00000, 1.00000, 87.00000000, 9188.00, 0.57326, '2012-03-01'),
(793, 2, 23, 600, 6622274.00, 1.00000, 4.00000, 81.00000000, 6455.00, 0.33003, '2012-03-02'),
(794, 2, 23, 600, 7941721.00, 1.00000, 1.00000, 100.00000000, 9767.00, 0.39715, '2012-03-03'),
(795, 2, 23, 600, 9486355.00, 1.00000, 3.00000, 92.00000000, 3347.00, 0.25999, '2012-03-04'),
(796, 2, 23, 600, 5121771.00, 1.00000, 2.00000, 69.00000000, 9413.00, 0.63577, '2012-03-05'),
(797, 2, 23, 600, 1871835.00, 1.00000, 3.00000, 96.00000000, 3986.00, 0.14299, '2012-03-06'),
(798, 2, 23, 600, 9457063.00, 1.00000, 4.00000, 52.00000000, 8735.00, 0.84525, '2012-03-07'),
(799, 2, 23, 600, 3110042.00, 1.00000, 1.00000, 87.00000000, 5446.00, 0.16009, '2012-03-08'),
(800, 2, 23, 600, 4536668.00, 1.00000, 3.00000, 103.00000000, 655.00, 0.98501, '2012-03-09'),
(801, 2, 23, 600, 9009995.00, 1.00000, 4.00000, 54.00000000, 6499.00, 0.99527, '2012-03-10'),
(802, 2, 23, 600, 4154233.00, 1.00000, 3.00000, 114.00000000, 2919.00, 0.59992, '2012-03-11'),
(803, 2, 23, 600, 5913047.00, 1.00000, 2.00000, 53.00000000, 7104.00, 0.87590, '2012-03-12'),
(804, 2, 23, 600, 7309652.00, 1.00000, 2.00000, 74.00000000, 1770.00, 0.53706, '2012-03-13'),
(805, 2, 23, 600, 1405185.00, 1.00000, 3.00000, 116.00000000, 9797.00, 0.76292, '2012-03-14'),
(806, 2, 23, 600, 7027153.00, 1.00000, 2.00000, 89.00000000, 3801.00, 0.43060, '2012-03-15'),
(807, 2, 23, 600, 5451237.00, 1.00000, 4.00000, 77.00000000, 1167.00, 0.90977, '2012-03-16'),
(808, 2, 23, 600, 4898752.00, 1.00000, 3.00000, 108.00000000, 2924.00, 0.30307, '2012-03-17'),
(809, 2, 23, 600, 2100633.00, 1.00000, 3.00000, 81.00000000, 2640.00, 0.32230, '2012-03-18'),
(810, 2, 23, 600, 2655316.00, 1.00000, 3.00000, 93.00000000, 1658.00, 0.38796, '2012-03-19'),
(811, 2, 23, 600, 2768921.00, 1.00000, 2.00000, 58.00000000, 1050.00, 0.39939, '2012-03-20'),
(812, 2, 23, 600, 5097455.00, 1.00000, 4.00000, 81.00000000, 4765.00, 0.14500, '2012-03-21'),
(813, 2, 23, 600, 8999411.00, 1.00000, 2.00000, 62.00000000, 3185.00, 0.32146, '2012-03-22'),
(814, 2, 23, 600, 8797838.00, 1.00000, 1.00000, 92.00000000, 1288.00, 0.97461, '2012-03-23'),
(815, 2, 23, 600, 3895022.00, 1.00000, 2.00000, 98.00000000, 3554.00, 0.13461, '2012-03-24'),
(816, 2, 23, 600, 8817551.00, 1.00000, 4.00000, 72.00000000, 7783.00, 0.18001, '2012-03-25'),
(817, 2, 23, 600, 2829092.00, 1.00000, 1.00000, 106.00000000, 1472.00, 0.61663, '2012-03-26'),
(818, 2, 23, 600, 2043477.00, 1.00000, 2.00000, 103.00000000, 627.00, 0.89517, '2012-03-27'),
(819, 2, 23, 600, 343420.00, 1.00000, 4.00000, 51.00000000, 6900.00, 0.96540, '2012-03-28'),
(820, 2, 23, 600, 5752522.00, 1.00000, 1.00000, 108.00000000, 1498.00, 0.38346, '2012-03-29'),
(821, 2, 23, 600, 3273414.00, 1.00000, 1.00000, 65.00000000, 5963.00, 0.40005, '2012-03-30'),
(822, 2, 23, 600, 5703203.00, 1.00000, 4.00000, 118.00000000, 539.00, 0.67005, '2012-03-31'),
(823, 2, 23, 600, 4738705.00, 1.00000, 2.00000, 70.00000000, 8051.00, 0.62885, '2012-04-01'),
(824, 2, 23, 600, 6964764.00, 1.00000, 2.00000, 86.00000000, 4584.00, 0.78481, '2012-04-02'),
(825, 2, 23, 600, 5922244.00, 1.00000, 2.00000, 107.00000000, 432.00, 0.34232, '2012-04-03'),
(826, 2, 23, 600, 3505261.00, 1.00000, 4.00000, 95.00000000, 8221.00, 0.76038, '2012-04-04'),
(827, 2, 23, 600, 7675562.00, 1.00000, 3.00000, 68.00000000, 6817.00, 0.13120, '2012-04-05'),
(828, 2, 23, 600, 5059053.00, 1.00000, 1.00000, 50.00000000, 8061.00, 0.85920, '2012-04-06'),
(829, 2, 23, 600, 2827342.00, 1.00000, 4.00000, 105.00000000, 1269.00, 0.95716, '2012-04-07'),
(830, 2, 23, 600, 8144949.00, 1.00000, 1.00000, 50.00000000, 6218.00, 0.21867, '2012-04-08'),
(831, 2, 23, 600, 5079295.00, 1.00000, 4.00000, 57.00000000, 7721.00, 0.59554, '2012-04-09'),
(832, 2, 23, 600, 1053521.00, 1.00000, 3.00000, 98.00000000, 1617.00, 0.83549, '2012-04-10'),
(833, 2, 23, 600, 257944.00, 1.00000, 3.00000, 103.00000000, 4766.00, 0.97250, '2012-04-11'),
(834, 2, 23, 600, 3202485.00, 1.00000, 4.00000, 88.00000000, 1343.00, 0.95220, '2012-04-12'),
(835, 2, 23, 600, 4001172.00, 1.00000, 3.00000, 106.00000000, 8917.00, 0.74036, '2012-04-13'),
(836, 2, 23, 600, 8398063.00, 1.00000, 4.00000, 58.00000000, 5489.00, 0.89946, '2012-04-14'),
(837, 2, 23, 600, 1495713.00, 1.00000, 1.00000, 76.00000000, 6680.00, 0.54352, '2012-04-15'),
(838, 2, 23, 600, 1261515.00, 1.00000, 3.00000, 100.00000000, 8407.00, 0.85200, '2012-04-16'),
(839, 2, 23, 600, 741934.00, 1.00000, 2.00000, 88.00000000, 9434.00, 0.60570, '2012-04-17'),
(840, 2, 23, 600, 8028252.00, 1.00000, 4.00000, 71.00000000, 7379.00, 0.18219, '2012-04-18'),
(841, 2, 23, 600, 7139848.00, 1.00000, 4.00000, 75.00000000, 5791.00, 0.88501, '2012-04-19'),
(842, 2, 23, 600, 5756244.00, 1.00000, 2.00000, 104.00000000, 4000.00, 0.70886, '2012-04-20'),
(843, 2, 23, 600, 3101284.00, 1.00000, 3.00000, 100.00000000, 2394.00, 0.81502, '2012-04-21'),
(844, 2, 23, 600, 8256096.00, 1.00000, 2.00000, 75.00000000, 7073.00, 0.52390, '2012-04-22'),
(845, 2, 23, 600, 2592016.00, 1.00000, 3.00000, 99.00000000, 939.00, 0.75818, '2012-04-23'),
(846, 2, 23, 600, 4809116.00, 1.00000, 2.00000, 109.00000000, 35.00, 0.57578, '2012-04-24'),
(847, 2, 23, 600, 2549239.00, 1.00000, 3.00000, 103.00000000, 9212.00, 0.27819, '2012-04-25'),
(848, 2, 23, 600, 4401185.00, 1.00000, 2.00000, 118.00000000, 9474.00, 0.26631, '2012-04-26'),
(849, 2, 23, 600, 1100248.00, 1.00000, 1.00000, 116.00000000, 985.00, 0.57516, '2012-04-27'),
(850, 2, 23, 600, 4900267.00, 1.00000, 1.00000, 73.00000000, 3910.00, 0.61575, '2012-04-28'),
(851, 2, 23, 600, 6019384.00, 1.00000, 2.00000, 98.00000000, 4039.00, 0.16133, '2012-04-29'),
(852, 2, 23, 600, 811194.00, 1.00000, 3.00000, 61.00000000, 9549.00, 0.80845, '2012-04-30'),
(853, 2, 23, 600, 3436478.00, 1.00000, 2.00000, 77.00000000, 1470.00, 0.96807, '2012-05-01'),
(854, 2, 23, 600, 943886.00, 1.00000, 4.00000, 56.00000000, 5928.00, 0.27413, '2012-05-02'),
(855, 2, 23, 600, 4498350.00, 1.00000, 1.00000, 99.00000000, 2840.00, 0.37723, '2012-05-03'),
(856, 2, 23, 600, 5041023.00, 1.00000, 3.00000, 79.00000000, 243.00, 0.95649, '2012-05-04'),
(857, 2, 23, 600, 2098661.00, 1.00000, 3.00000, 60.00000000, 8448.00, 0.68633, '2012-05-05'),
(858, 2, 23, 600, 3169875.00, 1.00000, 4.00000, 69.00000000, 7529.00, 0.21169, '2012-05-06'),
(859, 2, 23, 600, 286671.00, 1.00000, 1.00000, 50.00000000, 2654.00, 0.75456, '2012-05-07'),
(860, 2, 23, 600, 6586861.00, 1.00000, 4.00000, 84.00000000, 7708.00, 0.67159, '2012-05-08'),
(861, 2, 23, 600, 3688561.00, 1.00000, 2.00000, 106.00000000, 9792.00, 0.52762, '2012-05-09'),
(862, 2, 23, 600, 2095790.00, 1.00000, 1.00000, 106.00000000, 4852.00, 0.79287, '2012-05-10'),
(863, 2, 23, 600, 7838193.00, 1.00000, 4.00000, 64.00000000, 3575.00, 0.29738, '2012-05-11'),
(864, 2, 23, 600, 118225.00, 1.00000, 2.00000, 77.00000000, 7300.00, 0.22334, '2012-05-12'),
(865, 2, 23, 600, 6197558.00, 1.00000, 1.00000, 85.00000000, 6282.00, 0.16604, '2012-05-13'),
(866, 2, 23, 600, 8321126.00, 1.00000, 1.00000, 59.00000000, 6635.00, 0.47584, '2012-05-14'),
(867, 2, 23, 600, 3887679.00, 1.00000, 2.00000, 77.00000000, 6577.00, 0.65442, '2012-05-15'),
(868, 2, 23, 600, 5184424.00, 1.00000, 1.00000, 70.00000000, 5656.00, 0.31243, '2012-05-16'),
(869, 2, 23, 600, 7833949.00, 1.00000, 3.00000, 50.00000000, 9934.00, 0.39003, '2012-05-17'),
(870, 2, 23, 600, 3854500.00, 1.00000, 2.00000, 99.00000000, 6063.00, 0.85694, '2012-05-18'),
(871, 2, 23, 600, 7753433.00, 1.00000, 2.00000, 103.00000000, 3620.00, 0.94906, '2012-05-19'),
(872, 2, 23, 600, 2083593.00, 1.00000, 2.00000, 90.00000000, 5986.00, 0.84143, '2012-05-20'),
(873, 2, 23, 600, 8150563.00, 1.00000, 4.00000, 82.00000000, 8435.00, 0.74111, '2012-05-21'),
(874, 2, 23, 600, 8884279.00, 1.00000, 4.00000, 53.00000000, 8910.00, 0.29961, '2012-05-22'),
(875, 2, 23, 600, 4004254.00, 1.00000, 2.00000, 60.00000000, 6635.00, 0.70721, '2012-05-23'),
(876, 2, 23, 600, 4631833.00, 1.00000, 3.00000, 77.00000000, 1952.00, 0.60495, '2012-05-24'),
(877, 2, 23, 600, 9582841.00, 1.00000, 3.00000, 119.00000000, 8537.00, 0.48698, '2012-05-25'),
(878, 2, 23, 600, 7005402.00, 1.00000, 1.00000, 97.00000000, 3552.00, 0.14088, '2012-05-26'),
(879, 2, 23, 600, 9996070.00, 1.00000, 1.00000, 91.00000000, 8085.00, 0.72212, '2012-05-27'),
(880, 2, 23, 600, 3403449.00, 1.00000, 1.00000, 60.00000000, 5792.00, 0.96396, '2012-05-28'),
(881, 2, 23, 600, 6550258.00, 1.00000, 3.00000, 103.00000000, 5924.00, 0.72436, '2012-05-29'),
(882, 2, 23, 600, 2061057.00, 1.00000, 1.00000, 119.00000000, 9615.00, 0.89200, '2012-05-30'),
(883, 2, 23, 600, 3172608.00, 1.00000, 1.00000, 62.00000000, 355.00, 0.45048, '2012-05-31'),
(884, 2, 23, 600, 7770315.00, 1.00000, 2.00000, 98.00000000, 364.00, 0.36872, '2012-06-01'),
(885, 2, 23, 600, 4992206.00, 1.00000, 4.00000, 78.00000000, 7402.00, 0.55874, '2012-06-02'),
(886, 2, 23, 600, 1543375.00, 1.00000, 2.00000, 76.00000000, 4995.00, 0.68966, '2012-06-03'),
(887, 2, 23, 600, 1240429.00, 1.00000, 3.00000, 56.00000000, 6417.00, 0.84943, '2012-06-04'),
(888, 2, 23, 600, 1871350.00, 1.00000, 2.00000, 73.00000000, 9540.00, 0.97386, '2012-06-05'),
(889, 2, 23, 600, 5449473.00, 1.00000, 3.00000, 79.00000000, 3067.00, 0.69516, '2012-06-06'),
(890, 2, 23, 600, 3632675.00, 1.00000, 4.00000, 77.00000000, 4423.00, 0.62899, '2012-06-07'),
(891, 2, 23, 600, 1065783.00, 1.00000, 3.00000, 95.00000000, 2543.00, 0.64354, '2012-06-08'),
(892, 2, 23, 600, 9641243.00, 1.00000, 3.00000, 83.00000000, 1095.00, 0.39766, '2012-06-09'),
(893, 2, 23, 600, 8550751.00, 1.00000, 2.00000, 95.00000000, 6511.00, 0.29990, '2012-06-10'),
(894, 2, 23, 600, 7488598.00, 1.00000, 4.00000, 59.00000000, 3322.00, 0.55380, '2012-06-11'),
(895, 2, 23, 600, 1528687.00, 1.00000, 2.00000, 112.00000000, 3987.00, 0.55825, '2012-06-12'),
(896, 2, 23, 600, 687801.00, 1.00000, 1.00000, 51.00000000, 2160.00, 0.45349, '2012-06-13'),
(897, 2, 23, 600, 4230000.00, 1.00000, 2.00000, 100.00000000, 2869.00, 0.93497, '2012-06-14'),
(898, 2, 23, 600, 295751.00, 1.00000, 2.00000, 71.00000000, 3000.00, 0.57000, '2012-06-15'),
(899, 2, 23, 600, 5779010.00, 1.00000, 1.00000, 99.00000000, 7642.00, 0.44450, '2012-06-16'),
(900, 2, 23, 600, 6077161.00, 1.00000, 4.00000, 95.00000000, 6086.00, 0.56028, '2012-06-17'),
(901, 2, 23, 600, 2277318.00, 1.00000, 4.00000, 98.00000000, 3295.00, 0.19130, '2012-06-18'),
(902, 2, 23, 600, 7489797.00, 1.00000, 2.00000, 75.00000000, 8579.00, 0.72554, '2012-06-19'),
(903, 2, 23, 600, 8416926.00, 1.00000, 2.00000, 77.00000000, 5741.00, 0.55504, '2012-06-20'),
(904, 2, 23, 600, 9736464.00, 1.00000, 3.00000, 95.00000000, 8963.00, 0.82864, '2012-06-21'),
(905, 2, 23, 600, 4123870.00, 1.00000, 1.00000, 117.00000000, 5805.00, 0.79114, '2012-06-22'),
(906, 2, 23, 600, 7899140.00, 1.00000, 4.00000, 117.00000000, 6463.00, 0.55229, '2012-06-23'),
(907, 2, 23, 600, 5383681.00, 1.00000, 1.00000, 118.00000000, 9297.00, 0.11832, '2012-06-24'),
(908, 2, 23, 600, 4813547.00, 1.00000, 3.00000, 62.00000000, 4418.00, 0.40449, '2012-06-25'),
(909, 2, 23, 600, 2385332.00, 1.00000, 2.00000, 56.00000000, 9282.00, 0.22931, '2012-06-26'),
(910, 2, 23, 600, 3427231.00, 1.00000, 4.00000, 50.00000000, 2291.00, 0.98271, '2012-06-27'),
(911, 2, 23, 600, 2203527.00, 1.00000, 1.00000, 97.00000000, 6784.00, 0.91119, '2012-06-28'),
(912, 2, 23, 600, 4032199.00, 1.00000, 2.00000, 85.00000000, 6978.00, 0.28132, '2012-06-29'),
(913, 2, 23, 600, 6731341.00, 1.00000, 2.00000, 72.00000000, 906.00, 0.58530, '2012-06-30'),
(914, 2, 23, 600, 7231969.00, 1.00000, 2.00000, 89.00000000, 1394.00, 0.87900, '2012-07-01'),
(915, 2, 23, 600, 8490196.00, 1.00000, 1.00000, 85.00000000, 2047.00, 0.13804, '2012-07-02'),
(916, 2, 23, 600, 7257866.00, 1.00000, 3.00000, 97.00000000, 5929.00, 0.20942, '2012-07-03'),
(917, 2, 23, 600, 9518733.00, 1.00000, 1.00000, 96.00000000, 5386.00, 0.65777, '2012-07-04'),
(918, 2, 23, 600, 3212260.00, 1.00000, 3.00000, 106.00000000, 342.00, 0.44771, '2012-07-05'),
(919, 2, 23, 600, 8101536.00, 1.00000, 4.00000, 110.00000000, 8318.00, 0.92654, '2012-07-06'),
(920, 2, 23, 600, 2168030.00, 1.00000, 1.00000, 59.00000000, 7126.00, 0.27947, '2012-07-07'),
(921, 2, 23, 600, 1481814.00, 1.00000, 4.00000, 110.00000000, 6740.00, 0.57760, '2012-07-08'),
(922, 2, 23, 600, 8220540.00, 1.00000, 1.00000, 68.00000000, 8307.00, 0.88427, '2012-07-09'),
(923, 2, 23, 600, 6608574.00, 1.00000, 4.00000, 69.00000000, 1318.00, 0.54510, '2012-07-10'),
(924, 2, 23, 600, 3782442.00, 1.00000, 1.00000, 118.00000000, 2679.00, 0.62901, '2012-07-11'),
(925, 2, 23, 600, 1179337.00, 1.00000, 1.00000, 55.00000000, 1570.00, 0.21758, '2012-07-12'),
(926, 2, 23, 600, 4723268.00, 1.00000, 3.00000, 99.00000000, 9320.00, 0.12194, '2012-07-13'),
(927, 2, 23, 600, 4337042.00, 1.00000, 4.00000, 55.00000000, 8151.00, 0.89350, '2012-07-14'),
(928, 2, 23, 600, 3795510.00, 1.00000, 3.00000, 103.00000000, 1591.00, 0.76102, '2012-07-15'),
(929, 2, 23, 600, 7727128.00, 1.00000, 3.00000, 95.00000000, 7970.00, 0.60849, '2012-07-16'),
(930, 2, 23, 600, 1978492.00, 1.00000, 2.00000, 92.00000000, 4127.00, 0.92840, '2012-07-17'),
(931, 2, 23, 600, 4015177.00, 1.00000, 3.00000, 85.00000000, 3619.00, 0.81980, '2012-07-18'),
(932, 2, 23, 600, 1281154.00, 1.00000, 1.00000, 112.00000000, 2606.00, 0.90920, '2012-07-19'),
(933, 2, 23, 600, 4091821.00, 1.00000, 2.00000, 58.00000000, 1675.00, 0.22240, '2012-07-20'),
(934, 2, 23, 600, 3730972.00, 1.00000, 1.00000, 102.00000000, 3190.00, 0.60487, '2012-07-21'),
(935, 2, 23, 600, 2213348.00, 1.00000, 4.00000, 103.00000000, 1127.00, 0.70297, '2012-07-22'),
(936, 2, 23, 600, 4461504.00, 1.00000, 4.00000, 53.00000000, 2768.00, 0.60039, '2012-07-23'),
(937, 2, 23, 600, 2743550.00, 1.00000, 3.00000, 95.00000000, 9600.00, 0.29366, '2012-07-24'),
(938, 2, 23, 600, 3063003.00, 1.00000, 1.00000, 67.00000000, 7493.00, 0.65051, '2012-07-25'),
(939, 2, 23, 600, 3115482.00, 1.00000, 2.00000, 84.00000000, 7326.00, 0.91730, '2012-07-26'),
(940, 2, 23, 600, 4475492.00, 1.00000, 4.00000, 93.00000000, 4950.00, 0.15236, '2012-07-27'),
(941, 2, 23, 600, 9603891.00, 1.00000, 4.00000, 55.00000000, 8273.00, 0.26440, '2012-07-28'),
(942, 2, 23, 600, 2548380.00, 1.00000, 4.00000, 110.00000000, 5951.00, 0.45077, '2012-07-29'),
(943, 2, 23, 600, 6183149.00, 1.00000, 4.00000, 99.00000000, 121.00, 0.18270, '2012-07-30'),
(944, 2, 23, 600, 6684099.00, 1.00000, 1.00000, 117.00000000, 5003.00, 0.79704, '2012-07-31'),
(945, 2, 23, 600, 2132559.00, 1.00000, 1.00000, 80.00000000, 3632.00, 0.57256, '2012-08-01'),
(946, 2, 23, 600, 5475861.00, 1.00000, 3.00000, 93.00000000, 2839.00, 0.96267, '2012-08-02'),
(947, 2, 23, 600, 2700087.00, 1.00000, 3.00000, 74.00000000, 8312.00, 0.36985, '2012-08-03'),
(948, 2, 23, 600, 6090362.00, 1.00000, 4.00000, 89.00000000, 3283.00, 0.73100, '2012-08-04'),
(949, 2, 23, 600, 4670287.00, 1.00000, 1.00000, 94.00000000, 913.00, 0.56352, '2012-08-05'),
(950, 2, 23, 600, 7443137.00, 1.00000, 2.00000, 50.00000000, 1370.00, 0.84399, '2012-08-06'),
(951, 2, 23, 600, 415519.00, 1.00000, 2.00000, 96.00000000, 5461.00, 0.87602, '2012-08-07'),
(952, 2, 23, 600, 7468480.00, 1.00000, 3.00000, 113.00000000, 1364.00, 0.25309, '2012-08-08'),
(953, 2, 23, 600, 2536340.00, 1.00000, 4.00000, 82.00000000, 1835.00, 0.17334, '2012-08-09'),
(954, 2, 23, 600, 8735266.00, 1.00000, 2.00000, 91.00000000, 3593.00, 0.14856, '2012-08-10'),
(955, 2, 23, 600, 8386835.00, 1.00000, 1.00000, 97.00000000, 7472.00, 0.82180, '2012-08-11'),
(956, 2, 23, 600, 8628553.00, 1.00000, 1.00000, 74.00000000, 4470.00, 0.56100, '2012-08-12'),
(957, 2, 23, 600, 1235746.00, 1.00000, 3.00000, 77.00000000, 9511.00, 0.88737, '2012-08-13'),
(958, 2, 23, 600, 5689618.00, 1.00000, 3.00000, 114.00000000, 7030.00, 0.18590, '2012-08-14'),
(959, 2, 23, 600, 8912581.00, 1.00000, 3.00000, 87.00000000, 8628.00, 0.89099, '2012-08-15'),
(960, 2, 23, 600, 9728046.00, 1.00000, 3.00000, 88.00000000, 9608.00, 0.75970, '2012-08-16'),
(961, 2, 23, 600, 3236443.00, 1.00000, 3.00000, 59.00000000, 9568.00, 0.84055, '2012-08-17'),
(962, 2, 23, 600, 1463804.00, 1.00000, 1.00000, 118.00000000, 5338.00, 0.46976, '2012-08-18'),
(963, 2, 23, 600, 8801040.00, 1.00000, 3.00000, 100.00000000, 6941.00, 0.18430, '2012-08-19'),
(964, 2, 23, 600, 8227374.00, 1.00000, 1.00000, 50.00000000, 2895.00, 0.41647, '2012-08-20'),
(965, 2, 23, 600, 3442935.00, 1.00000, 2.00000, 102.00000000, 5172.00, 0.88036, '2012-08-21'),
(966, 2, 23, 600, 7489492.00, 1.00000, 4.00000, 101.00000000, 5311.00, 0.27802, '2012-08-22'),
(967, 2, 23, 600, 3185074.00, 1.00000, 1.00000, 94.00000000, 3356.00, 0.46564, '2012-08-23'),
(968, 2, 23, 600, 9788130.00, 1.00000, 1.00000, 59.00000000, 8081.00, 0.96912, '2012-08-24'),
(969, 2, 23, 600, 9477091.00, 1.00000, 2.00000, 63.00000000, 742.00, 0.57736, '2012-08-25'),
(970, 2, 23, 600, 9558788.00, 1.00000, 1.00000, 54.00000000, 1525.00, 0.11706, '2012-08-26'),
(971, 2, 23, 600, 7607026.00, 1.00000, 2.00000, 60.00000000, 4261.00, 0.45423, '2012-08-27'),
(972, 2, 23, 600, 1016141.00, 1.00000, 2.00000, 63.00000000, 989.00, 0.65200, '2012-08-28'),
(973, 2, 23, 600, 8499168.00, 1.00000, 3.00000, 90.00000000, 7185.00, 0.93126, '2012-08-29'),
(974, 2, 23, 600, 4072252.00, 1.00000, 3.00000, 78.00000000, 3097.00, 0.30613, '2012-08-30'),
(975, 2, 23, 600, 7349184.00, 1.00000, 3.00000, 104.00000000, 2935.00, 0.38609, '2012-08-31'),
(976, 2, 23, 600, 4214317.00, 1.00000, 1.00000, 77.00000000, 8411.00, 0.73888, '2012-09-01'),
(977, 2, 23, 600, 329080.00, 1.00000, 2.00000, 56.00000000, 2550.00, 0.73726, '2012-09-02'),
(978, 2, 23, 600, 1378773.00, 1.00000, 4.00000, 96.00000000, 376.00, 0.85918, '2012-09-03'),
(979, 2, 23, 600, 919090.00, 1.00000, 1.00000, 94.00000000, 811.00, 0.14938, '2012-09-04'),
(980, 2, 23, 600, 1116615.00, 1.00000, 1.00000, 116.00000000, 812.00, 0.14623, '2012-09-05'),
(981, 2, 23, 600, 780962.00, 1.00000, 1.00000, 77.00000000, 1897.00, 0.61233, '2012-09-06'),
(982, 2, 23, 600, 5481536.00, 1.00000, 2.00000, 50.00000000, 9651.00, 0.88088, '2012-09-07'),
(983, 2, 23, 600, 3700306.00, 1.00000, 3.00000, 58.00000000, 49.00, 0.92768, '2012-09-08'),
(984, 2, 23, 600, 4408304.00, 1.00000, 3.00000, 104.00000000, 4589.00, 0.57226, '2012-09-09'),
(985, 2, 23, 600, 7317600.00, 1.00000, 1.00000, 109.00000000, 2596.00, 0.92713, '2012-09-10'),
(986, 2, 23, 600, 2395031.00, 1.00000, 4.00000, 72.00000000, 2796.00, 0.73043, '2012-09-11'),
(987, 2, 23, 600, 3190296.00, 1.00000, 1.00000, 76.00000000, 1885.00, 0.46457, '2012-09-12'),
(988, 2, 23, 600, 3400578.00, 1.00000, 2.00000, 64.00000000, 6046.00, 0.26549, '2012-09-13'),
(989, 2, 23, 600, 8257515.00, 1.00000, 3.00000, 82.00000000, 6262.00, 0.56071, '2012-09-14'),
(990, 2, 23, 600, 7063343.00, 1.00000, 2.00000, 108.00000000, 1152.00, 0.94270, '2012-09-15'),
(991, 2, 23, 600, 1043791.00, 1.00000, 2.00000, 106.00000000, 3038.00, 0.22046, '2012-09-16'),
(992, 2, 23, 600, 5294271.00, 1.00000, 3.00000, 69.00000000, 4607.00, 0.44539, '2012-09-17'),
(993, 2, 23, 600, 9575404.00, 1.00000, 4.00000, 76.00000000, 3613.00, 0.45260, '2012-09-18'),
(994, 2, 23, 600, 2904958.00, 1.00000, 2.00000, 72.00000000, 9467.00, 0.11202, '2012-09-19'),
(995, 2, 23, 600, 989124.00, 1.00000, 2.00000, 83.00000000, 668.00, 0.40408, '2012-09-20'),
(996, 2, 23, 600, 6790258.00, 1.00000, 2.00000, 103.00000000, 9339.00, 0.65900, '2012-09-21'),
(997, 2, 23, 600, 8918247.00, 1.00000, 3.00000, 66.00000000, 5953.00, 0.32300, '2012-09-22'),
(998, 2, 23, 600, 2666918.00, 1.00000, 4.00000, 67.00000000, 6353.00, 0.70405, '2012-09-23'),
(999, 2, 23, 600, 2152198.00, 1.00000, 4.00000, 87.00000000, 1415.00, 0.21300, '2012-09-24'),
(1000, 2, 23, 600, 1749736.00, 1.00000, 1.00000, 57.00000000, 1588.00, 0.67554, '2012-09-25'),
(1001, 2, 23, 600, 525234.00, 1.00000, 3.00000, 87.00000000, 7689.00, 0.50637, '2012-09-26'),
(1002, 2, 23, 600, 5291813.00, 1.00000, 2.00000, 77.00000000, 5135.00, 0.87485, '2012-09-27'),
(1003, 2, 23, 600, 9906540.00, 1.00000, 4.00000, 89.00000000, 501.00, 0.21553, '2012-09-28'),
(1004, 2, 23, 600, 6219263.00, 1.00000, 2.00000, 79.00000000, 7106.00, 0.30781, '2012-09-29'),
(1005, 2, 23, 600, 6236658.00, 1.00000, 1.00000, 86.00000000, 738.00, 0.95927, '2012-09-30'),
(1006, 2, 23, 600, 5945767.00, 1.00000, 3.00000, 71.00000000, 3384.00, 0.13996, '2012-10-01'),
(1007, 2, 23, 600, 9780710.00, 1.00000, 2.00000, 82.00000000, 1466.00, 0.45704, '2012-10-02'),
(1008, 2, 23, 600, 4393486.00, 1.00000, 4.00000, 91.00000000, 960.00, 0.86714, '2012-10-03'),
(1009, 2, 23, 600, 5600249.00, 1.00000, 2.00000, 69.00000000, 3690.00, 0.18580, '2012-10-04'),
(1010, 2, 23, 600, 6271417.00, 1.00000, 4.00000, 103.00000000, 6704.00, 0.88538, '2012-10-05'),
(1011, 2, 23, 600, 6747461.00, 1.00000, 2.00000, 118.00000000, 4796.00, 0.61620, '2012-10-06'),
(1012, 2, 23, 600, 2250213.00, 1.00000, 3.00000, 110.00000000, 1905.00, 0.33373, '2012-10-07'),
(1013, 2, 23, 600, 6629990.00, 1.00000, 1.00000, 70.00000000, 3180.00, 0.15776, '2012-10-08'),
(1014, 2, 23, 600, 2741047.00, 1.00000, 3.00000, 109.00000000, 2796.00, 0.68922, '2012-10-09'),
(1015, 2, 23, 600, 3766113.00, 1.00000, 2.00000, 107.00000000, 31.00, 0.70220, '2012-10-10'),
(1016, 2, 23, 600, 2742518.00, 1.00000, 4.00000, 119.00000000, 158.00, 0.35021, '2012-10-11'),
(1017, 2, 23, 600, 9239730.00, 1.00000, 4.00000, 52.00000000, 5675.00, 0.22528, '2012-10-12'),
(1018, 2, 23, 600, 5536986.00, 1.00000, 1.00000, 98.00000000, 7924.00, 0.35990, '2012-10-13'),
(1019, 2, 23, 600, 2621426.00, 1.00000, 3.00000, 117.00000000, 7087.00, 0.99928, '2012-10-14'),
(1020, 2, 23, 600, 5129073.00, 1.00000, 1.00000, 90.00000000, 7867.00, 0.97138, '2012-10-15'),
(1021, 2, 23, 600, 882794.00, 1.00000, 3.00000, 98.00000000, 2830.00, 0.33890, '2012-10-16'),
(1022, 2, 23, 600, 8263170.00, 1.00000, 2.00000, 117.00000000, 2978.00, 0.13896, '2012-10-17'),
(1023, 2, 23, 600, 3688145.00, 1.00000, 4.00000, 102.00000000, 7009.00, 0.86849, '2012-10-18'),
(1024, 2, 23, 600, 163217.00, 1.00000, 1.00000, 61.00000000, 4672.00, 0.90209, '2012-10-19'),
(1025, 2, 23, 600, 3391965.00, 1.00000, 2.00000, 99.00000000, 8580.00, 0.99732, '2012-10-20'),
(1026, 2, 23, 600, 7034555.00, 1.00000, 1.00000, 100.00000000, 9913.00, 0.28712, '2012-10-21'),
(1027, 2, 23, 600, 7013712.00, 1.00000, 4.00000, 55.00000000, 2867.00, 0.23378, '2012-10-22'),
(1028, 2, 23, 600, 8484562.00, 1.00000, 2.00000, 108.00000000, 4382.00, 0.55567, '2012-10-23'),
(1029, 2, 23, 600, 8142866.00, 1.00000, 3.00000, 83.00000000, 8484.00, 0.26991, '2012-10-24'),
(1030, 2, 23, 600, 9195462.00, 1.00000, 2.00000, 51.00000000, 3092.00, 0.90620, '2012-10-25'),
(1031, 2, 23, 600, 2817954.00, 1.00000, 2.00000, 70.00000000, 6700.00, 0.33086, '2012-10-26'),
(1032, 2, 23, 600, 3599148.00, 1.00000, 4.00000, 61.00000000, 9326.00, 0.97220, '2012-10-27'),
(1033, 2, 23, 600, 5511491.00, 1.00000, 1.00000, 62.00000000, 7815.00, 0.31437, '2012-10-28'),
(1034, 2, 23, 600, 2371095.00, 1.00000, 2.00000, 105.00000000, 9000.00, 0.13840, '2012-10-29'),
(1035, 2, 23, 600, 7742575.00, 1.00000, 3.00000, 71.00000000, 5048.00, 0.76727, '2012-10-30'),
(1036, 2, 23, 600, 705747.00, 1.00000, 1.00000, 118.00000000, 1646.00, 0.90832, '2012-10-31'),
(1037, 2, 23, 600, 2326419.00, 1.00000, 1.00000, 107.00000000, 7037.00, 0.80202, '2012-11-01'),
(1038, 2, 23, 600, 8817289.00, 1.00000, 1.00000, 80.00000000, 5009.00, 0.81290, '2012-11-02'),
(1039, 2, 23, 600, 7285834.00, 1.00000, 2.00000, 104.00000000, 7175.00, 0.19484, '2012-11-03'),
(1040, 2, 23, 600, 4026039.00, 1.00000, 1.00000, 55.00000000, 1496.00, 0.55011, '2012-11-04'),
(1041, 2, 23, 600, 4166836.00, 1.00000, 3.00000, 119.00000000, 766.00, 0.15747, '2012-11-05'),
(1042, 2, 23, 600, 102617.00, 1.00000, 1.00000, 97.00000000, 315.00, 0.97553, '2012-11-06'),
(1043, 2, 23, 600, 4904589.00, 1.00000, 4.00000, 115.00000000, 1779.00, 0.49895, '2012-11-07'),
(1044, 2, 23, 600, 4573418.00, 1.00000, 4.00000, 51.00000000, 6778.00, 0.83741, '2012-11-08'),
(1045, 2, 23, 600, 9539446.00, 1.00000, 3.00000, 77.00000000, 4455.00, 0.23177, '2012-11-09'),
(1046, 2, 23, 600, 7478240.00, 1.00000, 2.00000, 56.00000000, 6690.00, 0.56379, '2012-11-10'),
(1047, 2, 23, 600, 3566160.00, 1.00000, 2.00000, 119.00000000, 8582.00, 0.30082, '2012-11-11'),
(1048, 2, 23, 600, 2315902.00, 1.00000, 3.00000, 72.00000000, 2630.00, 0.46116, '2012-11-12'),
(1049, 2, 23, 600, 1358987.00, 1.00000, 4.00000, 54.00000000, 8050.00, 0.70060, '2012-11-13'),
(1050, 2, 23, 600, 1012804.00, 1.00000, 1.00000, 109.00000000, 5668.00, 0.59108, '2012-11-14'),
(1051, 2, 23, 600, 5482759.00, 1.00000, 3.00000, 109.00000000, 1238.00, 0.41798, '2012-11-15'),
(1052, 2, 23, 600, 676508.00, 1.00000, 4.00000, 58.00000000, 6418.00, 0.79286, '2012-11-16'),
(1053, 2, 23, 600, 622750.00, 1.00000, 3.00000, 80.00000000, 9991.00, 0.35733, '2012-11-17'),
(1054, 2, 23, 600, 4775070.00, 1.00000, 4.00000, 86.00000000, 612.00, 0.80746, '2012-11-18'),
(1055, 2, 23, 600, 4693186.00, 1.00000, 1.00000, 52.00000000, 3637.00, 0.59881, '2012-11-19'),
(1056, 2, 23, 600, 8103746.00, 1.00000, 3.00000, 59.00000000, 1864.00, 0.54990, '2012-11-20'),
(1057, 2, 23, 600, 7676097.00, 1.00000, 2.00000, 76.00000000, 8004.00, 0.69400, '2012-11-21'),
(1058, 2, 23, 600, 651301.00, 1.00000, 3.00000, 85.00000000, 6640.00, 0.92366, '2012-11-22'),
(1059, 2, 23, 600, 203851.00, 1.00000, 2.00000, 102.00000000, 8214.00, 0.13605, '2012-11-23'),
(1060, 2, 23, 600, 8838973.00, 1.00000, 2.00000, 74.00000000, 1365.00, 0.82185, '2012-11-24'),
(1061, 2, 23, 600, 2966915.00, 1.00000, 1.00000, 74.00000000, 9220.00, 0.84469, '2012-11-25'),
(1062, 2, 23, 600, 1886658.00, 1.00000, 2.00000, 67.00000000, 1504.00, 0.44946, '2012-11-26'),
(1063, 2, 23, 600, 5976654.00, 1.00000, 1.00000, 82.00000000, 8484.00, 0.65958, '2012-11-27'),
(1064, 2, 23, 600, 5184742.00, 1.00000, 4.00000, 118.00000000, 9467.00, 0.91056, '2012-11-28'),
(1065, 2, 23, 600, 9974991.00, 1.00000, 2.00000, 62.00000000, 7201.00, 0.54010, '2012-11-29'),
(1066, 2, 23, 600, 4580349.00, 1.00000, 1.00000, 105.00000000, 2077.00, 0.28649, '2012-11-30'),
(1067, 2, 23, 600, 3039419.00, 1.00000, 2.00000, 68.00000000, 2099.00, 0.20490, '2012-12-01'),
(1068, 2, 23, 600, 7542447.00, 1.00000, 2.00000, 71.00000000, 9440.00, 0.69894, '2012-12-02'),
(1069, 2, 23, 600, 5775930.00, 1.00000, 3.00000, 61.00000000, 7102.00, 0.88586, '2012-12-03'),
(1070, 2, 23, 600, 4671994.00, 1.00000, 1.00000, 108.00000000, 6852.00, 0.66604, '2012-12-04'),
(1071, 2, 23, 600, 469764.00, 1.00000, 2.00000, 89.00000000, 2544.00, 0.63680, '2012-12-05'),
(1072, 2, 23, 600, 5337601.00, 1.00000, 3.00000, 83.00000000, 778.00, 0.30749, '2012-12-06'),
(1073, 2, 23, 600, 9332442.00, 1.00000, 1.00000, 94.00000000, 1494.00, 0.99005, '2012-12-07'),
(1074, 2, 23, 600, 1028663.00, 1.00000, 4.00000, 66.00000000, 3757.00, 0.25640, '2012-12-08'),
(1075, 2, 23, 600, 3091420.00, 1.00000, 1.00000, 56.00000000, 9551.00, 0.71370, '2012-12-09'),
(1076, 2, 23, 600, 7263479.00, 1.00000, 2.00000, 102.00000000, 141.00, 0.19049, '2012-12-10'),
(1077, 2, 23, 600, 1755230.00, 1.00000, 2.00000, 62.00000000, 5258.00, 0.45927, '2012-12-11'),
(1078, 2, 23, 600, 8526103.00, 1.00000, 1.00000, 114.00000000, 1225.00, 0.10916, '2012-12-12'),
(1079, 2, 23, 600, 9824597.00, 1.00000, 3.00000, 76.00000000, 2663.00, 0.23404, '2012-12-13'),
(1080, 2, 23, 600, 6404940.00, 1.00000, 3.00000, 83.00000000, 5982.00, 0.19200, '2012-12-14'),
(1081, 2, 23, 600, 6988785.00, 1.00000, 2.00000, 62.00000000, 8689.00, 0.18180, '2012-12-15'),
(1082, 2, 23, 600, 4460779.00, 1.00000, 4.00000, 105.00000000, 7396.00, 0.25361, '2012-12-16');
INSERT INTO `app_holdperf` (`id`, `holding_id`, `holding_category_id`, `month_id`, `nav`, `interest_rate`, `performance`, `current_price`, `no_of_units`, `weight`, `value_date`) VALUES
(1083, 2, 23, 600, 2929603.00, 1.00000, 4.00000, 67.00000000, 444.00, 0.29627, '2012-12-17'),
(1084, 2, 23, 600, 1859606.00, 1.00000, 2.00000, 111.00000000, 1218.00, 0.13009, '2012-12-18'),
(1085, 2, 23, 600, 1879730.00, 1.00000, 1.00000, 57.00000000, 8644.00, 0.64970, '2012-12-19'),
(1086, 2, 23, 600, 3924373.00, 1.00000, 1.00000, 113.00000000, 5675.00, 0.63354, '2012-12-20'),
(1087, 2, 23, 600, 657690.00, 1.00000, 2.00000, 90.00000000, 8464.00, 0.37550, '2012-12-21'),
(1088, 2, 23, 600, 7766794.00, 1.00000, 2.00000, 72.00000000, 7792.00, 0.75096, '2012-12-22'),
(1089, 2, 23, 600, 9104310.00, 1.00000, 4.00000, 88.00000000, 3012.00, 0.14312, '2012-12-23'),
(1090, 2, 23, 600, 8575217.00, 1.00000, 4.00000, 75.00000000, 4503.00, 0.42559, '2012-12-24'),
(1091, 2, 23, 600, 9417016.00, 1.00000, 1.00000, 103.00000000, 8869.00, 0.22495, '2012-12-25'),
(1092, 2, 23, 600, 3854018.00, 1.00000, 2.00000, 71.00000000, 3488.00, 0.18430, '2012-12-26'),
(1093, 2, 23, 600, 254108.00, 1.00000, 4.00000, 72.00000000, 4587.00, 0.16006, '2012-12-27'),
(1094, 2, 23, 600, 4101659.00, 1.00000, 2.00000, 86.00000000, 9787.00, 0.60576, '2012-12-28'),
(1095, 2, 23, 600, 2501021.00, 1.00000, 1.00000, 77.00000000, 5176.00, 0.56456, '2012-12-29'),
(1096, 2, 23, 600, 8214453.00, 1.00000, 2.00000, 86.00000000, 3285.00, 0.10139, '2012-12-30'),
(1097, 2, 23, 600, 1355702.00, 1.00000, 3.00000, 74.00000000, 939.00, 0.36570, '2012-12-31'),
(1098, 2, 23, 600, 6604004.00, 1.00000, 3.00000, 64.00000000, 6453.00, 0.77214, '2013-01-01'),
(1099, 2, 23, 600, 2098477.00, 1.00000, 1.00000, 70.00000000, 4088.00, 0.56167, '2013-01-02'),
(1100, 2, 23, 600, 4688472.00, 1.00000, 2.00000, 66.00000000, 7466.00, 0.23438, '2013-01-03'),
(1101, 2, 23, 600, 9412700.00, 1.00000, 3.00000, 106.00000000, 3700.00, 0.91699, '2013-01-04'),
(1102, 2, 23, 600, 3665514.00, 1.00000, 4.00000, 106.00000000, 562.00, 0.69747, '2013-01-05'),
(1103, 2, 23, 600, 8551650.00, 1.00000, 2.00000, 73.00000000, 7059.00, 0.56775, '2013-01-06'),
(1104, 2, 23, 600, 588636.00, 1.00000, 4.00000, 118.00000000, 5035.00, 0.47842, '2013-01-07'),
(1105, 2, 23, 600, 5355784.00, 1.00000, 4.00000, 112.00000000, 9587.00, 0.66735, '2013-01-08'),
(1106, 2, 23, 600, 2261163.00, 1.00000, 1.00000, 59.00000000, 8720.00, 0.17846, '2013-01-09'),
(1107, 2, 23, 600, 8238723.00, 1.00000, 1.00000, 85.00000000, 7504.00, 0.52567, '2013-01-10'),
(1108, 2, 23, 600, 4117212.00, 1.00000, 2.00000, 111.00000000, 9928.00, 0.23089, '2013-01-11'),
(1109, 2, 23, 600, 9348090.00, 1.00000, 4.00000, 70.00000000, 4666.00, 0.41800, '2013-01-12'),
(1110, 2, 23, 600, 2173663.00, 1.00000, 3.00000, 80.00000000, 3795.00, 0.59910, '2013-01-13'),
(1111, 2, 23, 600, 2547641.00, 1.00000, 2.00000, 94.00000000, 8283.00, 0.20456, '2013-01-14'),
(1112, 2, 23, 600, 4330105.00, 1.00000, 1.00000, 59.00000000, 4818.00, 0.36351, '2013-01-15'),
(1113, 2, 23, 600, 8272681.00, 1.00000, 1.00000, 113.00000000, 405.00, 0.74137, '2013-01-16'),
(1114, 2, 23, 600, 953394.00, 1.00000, 2.00000, 68.00000000, 1158.00, 0.68118, '2013-01-17'),
(1115, 2, 23, 600, 9638352.00, 1.00000, 4.00000, 87.00000000, 5261.00, 0.64041, '2013-01-18'),
(1116, 2, 23, 600, 8641284.00, 1.00000, 3.00000, 104.00000000, 6605.00, 0.54158, '2013-01-19'),
(1117, 2, 23, 600, 7817621.00, 1.00000, 2.00000, 118.00000000, 5163.00, 0.30961, '2013-01-20'),
(1118, 2, 23, 600, 3249789.00, 1.00000, 3.00000, 102.00000000, 4317.00, 0.28890, '2013-01-21'),
(1119, 2, 23, 600, 593432.00, 1.00000, 3.00000, 52.00000000, 2888.00, 0.78263, '2013-01-22'),
(1120, 2, 23, 600, 3514385.00, 1.00000, 2.00000, 92.00000000, 7588.00, 0.82072, '2013-01-23'),
(1121, 2, 23, 600, 6371563.00, 1.00000, 4.00000, 68.00000000, 5378.00, 0.20617, '2013-01-24'),
(1122, 2, 23, 600, 2143873.00, 1.00000, 1.00000, 78.00000000, 9168.00, 0.20667, '2013-01-25'),
(1123, 2, 23, 600, 5673347.00, 1.00000, 3.00000, 119.00000000, 6416.00, 0.59940, '2013-01-26'),
(1124, 2, 23, 600, 3167916.00, 1.00000, 1.00000, 117.00000000, 4574.00, 0.53210, '2013-01-27'),
(1125, 2, 23, 600, 3682858.00, 1.00000, 2.00000, 60.00000000, 2141.00, 0.15871, '2013-01-28'),
(1126, 2, 23, 600, 7879164.00, 1.00000, 3.00000, 64.00000000, 1578.00, 0.66374, '2013-01-29'),
(1127, 2, 23, 600, 9906041.00, 1.00000, 3.00000, 98.00000000, 8336.00, 0.83816, '2013-01-30'),
(1128, 2, 23, 600, 3013198.00, 1.00000, 4.00000, 100.00000000, 5507.00, 0.54105, '2013-01-31'),
(1129, 2, 23, 600, 6555727.00, 1.00000, 1.00000, 75.00000000, 9983.00, 0.56720, '2013-02-01'),
(1130, 2, 23, 600, 2075720.00, 1.00000, 4.00000, 57.00000000, 9092.00, 0.41533, '2013-02-02'),
(1131, 2, 23, 600, 7651197.00, 1.00000, 3.00000, 108.00000000, 9053.00, 0.75753, '2013-02-03'),
(1132, 2, 23, 600, 9177200.00, 1.00000, 1.00000, 84.00000000, 3680.00, 0.82085, '2013-02-04'),
(1133, 2, 23, 600, 8687630.00, 1.00000, 1.00000, 118.00000000, 1956.00, 0.34898, '2013-02-05'),
(1134, 2, 23, 600, 8229914.00, 1.00000, 2.00000, 98.00000000, 1745.00, 0.60570, '2013-02-06'),
(1135, 2, 23, 600, 6786057.00, 1.00000, 2.00000, 114.00000000, 1662.00, 0.23347, '2013-02-07'),
(1136, 2, 23, 600, 1410368.00, 1.00000, 2.00000, 63.00000000, 4427.00, 0.99712, '2013-02-08'),
(1137, 2, 23, 600, 7238096.00, 1.00000, 3.00000, 73.00000000, 2162.00, 0.81931, '2013-02-09'),
(1138, 2, 23, 600, 359597.00, 1.00000, 3.00000, 80.00000000, 4833.00, 0.66741, '2013-02-10'),
(1139, 2, 23, 600, 6271100.00, 1.00000, 4.00000, 117.00000000, 5782.00, 0.48964, '2013-02-11'),
(1140, 2, 23, 600, 2591544.00, 1.00000, 1.00000, 60.00000000, 1352.00, 0.54861, '2013-02-12'),
(1141, 2, 23, 600, 175779.00, 1.00000, 3.00000, 93.00000000, 5487.00, 0.75055, '2013-02-13'),
(1142, 2, 23, 600, 2918084.00, 1.00000, 2.00000, 104.00000000, 5046.00, 0.42609, '2013-02-14'),
(1143, 2, 23, 600, 9292360.00, 1.00000, 3.00000, 91.00000000, 1295.00, 0.69610, '2013-02-15'),
(1144, 2, 23, 600, 389192.00, 1.00000, 3.00000, 107.00000000, 4796.00, 0.86241, '2013-02-16'),
(1145, 2, 23, 600, 2892201.00, 1.00000, 2.00000, 110.00000000, 4245.00, 0.36756, '2013-02-17'),
(1146, 2, 23, 600, 5265094.00, 1.00000, 3.00000, 97.00000000, 4287.00, 0.53915, '2013-02-18'),
(1147, 2, 23, 600, 9637505.00, 1.00000, 4.00000, 118.00000000, 3971.00, 0.69044, '2013-02-19'),
(1148, 2, 23, 600, 1640659.00, 1.00000, 2.00000, 116.00000000, 1081.00, 0.10757, '2013-02-20'),
(1149, 2, 23, 600, 8750528.00, 1.00000, 2.00000, 115.00000000, 3246.00, 0.72760, '2013-02-21'),
(1150, 2, 23, 600, 5170026.00, 1.00000, 2.00000, 52.00000000, 5213.00, 0.71426, '2013-02-22'),
(1151, 2, 23, 600, 4952699.00, 1.00000, 4.00000, 111.00000000, 5772.00, 0.55718, '2013-02-23'),
(1152, 2, 23, 600, 4073988.00, 1.00000, 4.00000, 60.00000000, 854.00, 0.91809, '2013-02-24'),
(1153, 2, 23, 600, 5014318.00, 1.00000, 3.00000, 70.00000000, 844.00, 0.99072, '2013-02-25'),
(1154, 2, 23, 600, 5359549.00, 1.00000, 4.00000, 83.00000000, 3406.00, 0.83891, '2013-02-26'),
(1155, 2, 23, 600, 9222399.00, 1.00000, 4.00000, 103.00000000, 453.00, 0.73228, '2013-02-27'),
(1156, 2, 23, 600, 6543378.00, 1.00000, 3.00000, 101.00000000, 7217.00, 0.26464, '2013-02-28'),
(1157, 2, 23, 600, 8306065.00, 1.00000, 1.00000, 62.00000000, 5690.00, 0.46500, '2013-03-01'),
(1158, 2, 23, 600, 5503815.00, 1.00000, 2.00000, 87.00000000, 6504.00, 0.45465, '2013-03-02'),
(1159, 2, 23, 600, 5578568.00, 1.00000, 1.00000, 77.00000000, 4655.00, 0.44621, '2013-03-03'),
(1160, 2, 23, 600, 8807444.00, 1.00000, 1.00000, 61.00000000, 6154.00, 0.50801, '2013-03-04'),
(1161, 2, 23, 600, 4979035.00, 1.00000, 4.00000, 67.00000000, 6376.00, 0.36837, '2013-03-05'),
(1162, 2, 23, 600, 8008200.00, 1.00000, 3.00000, 106.00000000, 9647.00, 0.91180, '2013-03-06'),
(1163, 2, 23, 600, 3284025.00, 1.00000, 4.00000, 83.00000000, 2434.00, 0.88600, '2013-03-07'),
(1164, 2, 23, 600, 9279137.00, 1.00000, 2.00000, 69.00000000, 5543.00, 0.27810, '2013-03-08'),
(1165, 2, 23, 600, 9039967.00, 1.00000, 4.00000, 116.00000000, 1740.00, 0.59630, '2013-03-09'),
(1166, 2, 23, 600, 1948490.00, 1.00000, 2.00000, 115.00000000, 9965.00, 0.39630, '2013-03-10'),
(1167, 2, 23, 600, 9557995.00, 1.00000, 4.00000, 81.00000000, 456.00, 0.19040, '2013-03-11'),
(1168, 2, 23, 600, 1266317.00, 1.00000, 4.00000, 97.00000000, 8724.00, 0.12632, '2013-03-12'),
(1169, 2, 23, 600, 4172034.00, 1.00000, 4.00000, 99.00000000, 5216.00, 0.77785, '2013-03-13'),
(1170, 2, 23, 600, 4068819.00, 1.00000, 3.00000, 58.00000000, 2331.00, 0.81581, '2013-03-14'),
(1171, 2, 23, 600, 396377.00, 1.00000, 2.00000, 54.00000000, 8142.00, 0.19331, '2013-03-15'),
(1172, 2, 23, 600, 236423.00, 1.00000, 3.00000, 56.00000000, 9759.00, 0.74338, '2013-03-16'),
(1173, 2, 23, 600, 8428171.00, 1.00000, 4.00000, 118.00000000, 8981.00, 0.72055, '2013-03-17'),
(1174, 2, 23, 600, 2694776.00, 1.00000, 3.00000, 75.00000000, 6182.00, 0.92394, '2013-03-18'),
(1175, 2, 23, 600, 5277724.00, 1.00000, 4.00000, 105.00000000, 602.00, 0.76878, '2013-03-19'),
(1176, 2, 23, 600, 8921144.00, 1.00000, 1.00000, 89.00000000, 5894.00, 0.68562, '2013-03-20'),
(1177, 2, 23, 600, 2379346.00, 1.00000, 2.00000, 98.00000000, 9259.00, 0.89365, '2013-03-21'),
(1178, 2, 23, 600, 9477566.00, 1.00000, 3.00000, 58.00000000, 1474.00, 0.83500, '2013-03-22'),
(1179, 2, 23, 600, 2334254.00, 1.00000, 4.00000, 105.00000000, 9618.00, 0.60614, '2013-03-23'),
(1180, 2, 23, 600, 7424274.00, 1.00000, 2.00000, 75.00000000, 3533.00, 0.66637, '2013-03-24'),
(1181, 2, 23, 600, 9867830.00, 1.00000, 2.00000, 60.00000000, 981.00, 0.30454, '2013-03-25'),
(1182, 2, 23, 600, 2089017.00, 1.00000, 4.00000, 55.00000000, 2380.00, 0.19937, '2013-03-26'),
(1183, 2, 23, 600, 5193191.00, 1.00000, 2.00000, 110.00000000, 9743.00, 0.76216, '2013-03-27'),
(1184, 2, 23, 600, 8156258.00, 1.00000, 2.00000, 108.00000000, 4401.00, 0.60156, '2013-03-28'),
(1185, 2, 23, 600, 4334821.00, 1.00000, 4.00000, 53.00000000, 1224.00, 0.54900, '2013-03-29'),
(1186, 2, 23, 600, 3338506.00, 1.00000, 2.00000, 98.00000000, 496.00, 0.81970, '2013-03-30'),
(1187, 2, 23, 600, 8665943.00, 1.00000, 2.00000, 59.00000000, 2463.00, 0.90269, '2013-03-31'),
(1188, 2, 23, 600, 3593504.00, 1.00000, 1.00000, 118.00000000, 1352.00, 0.73121, '2013-04-01'),
(1189, 2, 23, 600, 4950363.00, 1.00000, 3.00000, 52.00000000, 7284.00, 0.94219, '2013-04-02'),
(1190, 2, 23, 600, 3559923.00, 1.00000, 1.00000, 69.00000000, 9742.00, 0.66620, '2013-04-03'),
(1191, 2, 23, 600, 1483516.00, 1.00000, 4.00000, 56.00000000, 3376.00, 0.54802, '2013-04-04'),
(1192, 2, 23, 600, 5898684.00, 1.00000, 3.00000, 87.00000000, 2876.00, 0.70735, '2013-04-05'),
(1193, 2, 23, 600, 5540472.00, 1.00000, 1.00000, 82.00000000, 9121.00, 0.14966, '2013-04-06'),
(1194, 2, 23, 600, 3298600.00, 1.00000, 4.00000, 62.00000000, 2786.00, 0.51544, '2013-04-07'),
(1195, 2, 23, 600, 4391209.00, 1.00000, 2.00000, 115.00000000, 1085.00, 0.26187, '2013-04-08'),
(1196, 2, 23, 600, 873651.00, 1.00000, 1.00000, 112.00000000, 7048.00, 0.61476, '2013-04-09'),
(1197, 2, 23, 600, 1591896.00, 1.00000, 2.00000, 78.00000000, 4116.00, 0.36197, '2013-04-10'),
(1198, 2, 23, 600, 8467952.00, 1.00000, 2.00000, 79.00000000, 6642.00, 0.60810, '2013-04-11'),
(1199, 2, 23, 600, 1872105.00, 1.00000, 2.00000, 86.00000000, 2120.00, 0.56976, '2013-04-12'),
(1200, 2, 23, 600, 5241080.00, 1.00000, 1.00000, 99.00000000, 9873.00, 0.15519, '2013-04-13'),
(1201, 2, 23, 600, 6365986.00, 1.00000, 2.00000, 64.00000000, 8173.00, 0.22266, '2013-04-14'),
(1202, 2, 23, 600, 1316314.00, 1.00000, 2.00000, 72.00000000, 3176.00, 0.86974, '2013-04-15'),
(1203, 2, 23, 600, 9424565.00, 1.00000, 4.00000, 99.00000000, 259.00, 0.96812, '2013-04-16'),
(1204, 2, 23, 600, 3182928.00, 1.00000, 4.00000, 79.00000000, 1404.00, 0.25212, '2013-04-17'),
(1205, 2, 23, 600, 6971827.00, 1.00000, 2.00000, 73.00000000, 5771.00, 0.82560, '2013-04-18'),
(1206, 2, 23, 600, 1995094.00, 1.00000, 3.00000, 62.00000000, 3987.00, 0.59932, '2013-04-19'),
(1207, 2, 23, 600, 8749510.00, 1.00000, 2.00000, 69.00000000, 7164.00, 0.40453, '2013-04-20'),
(1208, 2, 23, 600, 8445316.00, 1.00000, 1.00000, 89.00000000, 9362.00, 0.52990, '2013-04-21'),
(1209, 2, 23, 600, 4039283.00, 1.00000, 2.00000, 75.00000000, 5190.00, 0.20881, '2013-04-22'),
(1210, 2, 23, 600, 6080377.00, 1.00000, 4.00000, 113.00000000, 725.00, 0.95895, '2013-04-23'),
(1211, 2, 23, 600, 2484598.00, 1.00000, 4.00000, 55.00000000, 7690.00, 0.18176, '2013-04-24'),
(1212, 2, 23, 600, 2694092.00, 1.00000, 3.00000, 77.00000000, 6737.00, 0.82013, '2013-04-25'),
(1213, 2, 23, 600, 3955978.00, 1.00000, 4.00000, 84.00000000, 2126.00, 0.94874, '2013-04-26'),
(1214, 2, 23, 600, 1093655.00, 1.00000, 2.00000, 111.00000000, 2013.00, 0.64566, '2013-04-27'),
(1215, 2, 23, 600, 8304326.00, 1.00000, 2.00000, 58.00000000, 4597.00, 0.43798, '2013-04-28'),
(1216, 2, 23, 600, 3879938.00, 1.00000, 2.00000, 68.00000000, 7683.00, 0.33801, '2013-04-29'),
(1217, 2, 23, 600, 9878567.00, 1.00000, 4.00000, 67.00000000, 5658.00, 0.81655, '2013-04-30'),
(1218, 2, 23, 600, 8366678.00, 1.00000, 1.00000, 52.00000000, 7511.00, 0.38508, '2013-05-01'),
(1219, 2, 23, 600, 3559961.00, 1.00000, 3.00000, 57.00000000, 8442.00, 0.57879, '2013-05-02'),
(1220, 2, 23, 600, 9311027.00, 1.00000, 3.00000, 65.00000000, 4324.00, 0.28185, '2013-05-03'),
(1221, 2, 23, 600, 1734860.00, 1.00000, 4.00000, 97.00000000, 3144.00, 0.76650, '2013-05-04'),
(1222, 2, 23, 600, 4983680.00, 1.00000, 2.00000, 69.00000000, 3831.00, 0.16533, '2013-05-05'),
(1223, 2, 23, 600, 9026623.00, 1.00000, 4.00000, 70.00000000, 8871.00, 0.87909, '2013-05-06'),
(1224, 2, 23, 600, 118993.00, 1.00000, 4.00000, 90.00000000, 2149.00, 0.14592, '2013-05-07'),
(1225, 2, 23, 600, 7575356.00, 1.00000, 2.00000, 106.00000000, 7047.00, 0.79612, '2013-05-08'),
(1226, 2, 23, 600, 7692792.00, 1.00000, 1.00000, 117.00000000, 573.00, 0.98104, '2013-05-09'),
(1227, 2, 23, 600, 2284858.00, 1.00000, 1.00000, 65.00000000, 3423.00, 0.49435, '2013-05-10'),
(1228, 2, 23, 600, 4553483.00, 1.00000, 1.00000, 54.00000000, 2972.00, 0.34655, '2013-05-11'),
(1229, 2, 23, 600, 1793946.00, 1.00000, 2.00000, 116.00000000, 6242.00, 0.98584, '2013-05-12'),
(1230, 2, 23, 600, 9536415.00, 1.00000, 2.00000, 116.00000000, 5861.00, 0.78299, '2013-05-13'),
(1231, 2, 23, 600, 7693878.00, 1.00000, 3.00000, 97.00000000, 6761.00, 0.96663, '2013-05-14'),
(1232, 2, 23, 600, 6947060.00, 1.00000, 2.00000, 64.00000000, 29.00, 0.53956, '2013-05-15'),
(1233, 2, 23, 600, 5113381.00, 1.00000, 1.00000, 55.00000000, 1318.00, 0.10961, '2013-05-16'),
(1234, 2, 23, 600, 2339675.00, 1.00000, 2.00000, 97.00000000, 1492.00, 0.57305, '2013-05-17'),
(1235, 2, 23, 600, 6820194.00, 1.00000, 1.00000, 87.00000000, 2520.00, 0.60073, '2013-05-18'),
(1236, 2, 23, 600, 3811982.00, 1.00000, 2.00000, 113.00000000, 1763.00, 0.84128, '2013-05-19'),
(1237, 2, 23, 600, 2191555.00, 1.00000, 2.00000, 61.00000000, 122.00, 0.62090, '2013-05-20'),
(1238, 2, 23, 600, 6931980.00, 1.00000, 3.00000, 74.00000000, 1022.00, 0.34866, '2013-05-21'),
(1239, 2, 23, 600, 2232940.00, 1.00000, 4.00000, 54.00000000, 5650.00, 0.97796, '2013-05-22'),
(1240, 2, 23, 600, 3625353.00, 1.00000, 4.00000, 94.00000000, 2316.00, 0.64250, '2013-05-23'),
(1241, 2, 23, 600, 3268386.00, 1.00000, 1.00000, 80.00000000, 2442.00, 0.84450, '2013-05-24'),
(1242, 2, 23, 600, 8392883.00, 1.00000, 2.00000, 88.00000000, 8600.00, 0.67658, '2013-05-25'),
(1243, 2, 23, 600, 1761761.00, 1.00000, 1.00000, 72.00000000, 5669.00, 0.32996, '2013-05-26'),
(1244, 2, 23, 600, 7415839.00, 1.00000, 1.00000, 114.00000000, 2523.00, 0.59567, '2013-05-27'),
(1245, 2, 23, 600, 8731368.00, 1.00000, 1.00000, 57.00000000, 6599.00, 0.29200, '2013-05-28'),
(1246, 2, 23, 600, 1926839.00, 1.00000, 3.00000, 98.00000000, 135.00, 0.10397, '2013-05-29'),
(1247, 2, 23, 600, 9553321.00, 1.00000, 3.00000, 91.00000000, 3884.00, 0.62643, '2013-05-30'),
(1248, 2, 23, 600, 8627057.00, 1.00000, 4.00000, 101.00000000, 9575.00, 0.17230, '2013-05-31'),
(1249, 2, 23, 600, 7829876.00, 1.00000, 3.00000, 103.00000000, 3150.00, 0.52270, '2013-06-01'),
(1250, 2, 23, 600, 5661142.00, 1.00000, 3.00000, 52.00000000, 347.00, 0.20309, '2013-06-02'),
(1251, 2, 23, 600, 8761165.00, 1.00000, 1.00000, 115.00000000, 5402.00, 0.96467, '2013-06-03'),
(1252, 2, 23, 600, 660446.00, 1.00000, 2.00000, 101.00000000, 902.00, 0.81430, '2013-06-04'),
(1253, 2, 23, 600, 8128195.00, 1.00000, 3.00000, 97.00000000, 4477.00, 0.31246, '2013-06-05'),
(1254, 2, 23, 600, 2145646.00, 1.00000, 1.00000, 69.00000000, 9471.00, 0.54027, '2013-06-06'),
(1255, 2, 23, 600, 8839206.00, 1.00000, 1.00000, 107.00000000, 7214.00, 0.81048, '2013-06-07'),
(1256, 2, 23, 600, 8907583.00, 1.00000, 1.00000, 59.00000000, 6550.00, 0.50522, '2013-06-08'),
(1257, 2, 23, 600, 6373339.00, 1.00000, 1.00000, 77.00000000, 9948.00, 0.54786, '2013-06-09'),
(1258, 2, 23, 600, 1124125.00, 1.00000, 4.00000, 55.00000000, 6621.00, 0.36932, '2013-06-10'),
(1259, 2, 23, 600, 2125024.00, 1.00000, 3.00000, 87.00000000, 1240.00, 0.69370, '2013-06-11'),
(1260, 2, 23, 600, 4584864.00, 1.00000, 4.00000, 114.00000000, 5453.00, 0.75772, '2013-06-12'),
(1261, 2, 23, 600, 8914840.00, 1.00000, 1.00000, 50.00000000, 4257.00, 0.67127, '2013-06-13'),
(1262, 2, 23, 600, 4078353.00, 1.00000, 3.00000, 119.00000000, 9327.00, 0.77360, '2013-06-14'),
(1263, 2, 23, 600, 9631006.00, 1.00000, 1.00000, 65.00000000, 6711.00, 0.74284, '2013-06-15'),
(1264, 2, 23, 600, 2604781.00, 1.00000, 4.00000, 74.00000000, 610.00, 0.98900, '2013-06-16'),
(1265, 2, 23, 600, 6780742.00, 1.00000, 4.00000, 60.00000000, 8444.00, 0.82088, '2013-06-17'),
(1266, 2, 23, 600, 2505292.00, 1.00000, 1.00000, 109.00000000, 53.00, 0.83036, '2013-06-18'),
(1267, 2, 23, 600, 1099881.00, 1.00000, 4.00000, 104.00000000, 2832.00, 0.26113, '2013-06-19'),
(1268, 2, 23, 600, 3947035.00, 1.00000, 3.00000, 84.00000000, 3453.00, 0.13294, '2013-06-20'),
(1269, 2, 23, 600, 2778370.00, 1.00000, 4.00000, 64.00000000, 5072.00, 0.42126, '2013-06-21'),
(1270, 2, 23, 600, 1520679.00, 1.00000, 3.00000, 64.00000000, 6982.00, 0.88464, '2013-06-22'),
(1271, 2, 23, 600, 8026869.00, 1.00000, 4.00000, 55.00000000, 5768.00, 0.72585, '2013-06-23'),
(1272, 2, 23, 600, 1097723.00, 1.00000, 1.00000, 62.00000000, 8064.00, 0.76153, '2013-06-24'),
(1273, 2, 23, 600, 773656.00, 1.00000, 1.00000, 53.00000000, 7219.00, 0.12736, '2013-06-25'),
(1274, 2, 23, 600, 5742863.00, 1.00000, 3.00000, 51.00000000, 2316.00, 0.64657, '2013-06-26'),
(1275, 2, 23, 600, 7550269.00, 1.00000, 4.00000, 112.00000000, 3562.00, 0.18030, '2013-06-27'),
(1276, 2, 23, 600, 4308848.00, 1.00000, 3.00000, 61.00000000, 1753.00, 0.86467, '2013-06-28'),
(1277, 2, 23, 600, 3332319.00, 1.00000, 1.00000, 98.00000000, 3112.00, 0.46350, '2013-06-29'),
(1278, 2, 23, 600, 7347348.00, 1.00000, 3.00000, 117.00000000, 7676.00, 0.22080, '2013-06-30'),
(1279, 2, 23, 600, 9098056.00, 1.00000, 1.00000, 93.00000000, 7127.00, 0.72459, '2013-07-01'),
(1280, 2, 23, 600, 9107854.00, 1.00000, 4.00000, 93.00000000, 4909.00, 0.76976, '2013-07-02'),
(1281, 2, 23, 600, 9154246.00, 1.00000, 4.00000, 62.00000000, 4968.00, 0.46605, '2013-07-03'),
(1282, 2, 23, 600, 4855342.00, 1.00000, 4.00000, 108.00000000, 798.00, 0.50140, '2013-07-04'),
(1283, 2, 23, 600, 1093507.00, 1.00000, 4.00000, 79.00000000, 1813.00, 0.28571, '2013-07-05'),
(1284, 2, 23, 600, 4715093.00, 1.00000, 2.00000, 104.00000000, 2921.00, 0.22494, '2013-07-06'),
(1285, 2, 23, 600, 7473223.00, 1.00000, 4.00000, 54.00000000, 195.00, 0.94300, '2013-07-07'),
(1286, 2, 23, 600, 4583789.00, 1.00000, 1.00000, 83.00000000, 2627.00, 0.62530, '2013-07-08'),
(1287, 2, 23, 600, 4848563.00, 1.00000, 2.00000, 111.00000000, 5049.00, 0.63650, '2013-07-09'),
(1288, 2, 23, 600, 5634166.00, 1.00000, 2.00000, 97.00000000, 804.00, 0.16890, '2013-07-10'),
(1289, 2, 23, 600, 4951924.00, 1.00000, 3.00000, 95.00000000, 1044.00, 0.46420, '2013-07-11'),
(1290, 2, 23, 600, 2044954.00, 1.00000, 1.00000, 62.00000000, 4999.00, 0.79800, '2013-07-12'),
(1291, 2, 23, 600, 7373254.00, 1.00000, 1.00000, 69.00000000, 7497.00, 0.16276, '2013-07-13'),
(1292, 2, 23, 600, 4609166.00, 1.00000, 1.00000, 91.00000000, 7713.00, 0.14986, '2013-07-14'),
(1293, 2, 23, 600, 380505.00, 1.00000, 3.00000, 85.00000000, 8968.00, 0.61060, '2013-07-15'),
(1294, 2, 23, 600, 2338101.00, 1.00000, 3.00000, 94.00000000, 1338.00, 0.58244, '2013-07-16'),
(1295, 2, 23, 600, 1580087.00, 1.00000, 1.00000, 56.00000000, 8343.00, 0.91377, '2013-07-17'),
(1296, 2, 23, 600, 6082590.00, 1.00000, 2.00000, 53.00000000, 9317.00, 0.84537, '2013-07-18'),
(1297, 2, 23, 600, 9745455.00, 1.00000, 3.00000, 107.00000000, 9818.00, 0.48321, '2013-07-19'),
(1298, 2, 23, 600, 4233110.00, 1.00000, 4.00000, 74.00000000, 777.00, 0.63960, '2013-07-20'),
(1299, 2, 23, 600, 5726307.00, 1.00000, 3.00000, 111.00000000, 4190.00, 0.71464, '2013-07-21'),
(1300, 2, 23, 600, 257912.00, 1.00000, 1.00000, 68.00000000, 9203.00, 0.37843, '2013-07-22'),
(1301, 2, 23, 600, 4416642.00, 1.00000, 2.00000, 65.00000000, 143.00, 0.92763, '2013-07-23'),
(1302, 2, 23, 600, 6348195.00, 1.00000, 1.00000, 96.00000000, 729.00, 0.50211, '2013-07-24'),
(1303, 2, 23, 600, 3526211.00, 1.00000, 4.00000, 63.00000000, 6725.00, 0.31063, '2013-07-25'),
(1304, 2, 23, 600, 5514496.00, 1.00000, 4.00000, 80.00000000, 1891.00, 0.84204, '2013-07-26'),
(1305, 2, 23, 600, 7588403.00, 1.00000, 3.00000, 89.00000000, 5527.00, 0.97377, '2013-07-27'),
(1306, 2, 23, 600, 753476.00, 1.00000, 3.00000, 93.00000000, 8462.00, 0.10529, '2013-07-28'),
(1307, 2, 23, 600, 9164521.00, 1.00000, 3.00000, 65.00000000, 443.00, 0.91768, '2013-07-29'),
(1308, 2, 23, 600, 6308724.00, 1.00000, 3.00000, 118.00000000, 9430.00, 0.79531, '2013-07-30'),
(1309, 2, 23, 600, 8393430.00, 1.00000, 3.00000, 55.00000000, 3819.00, 0.48256, '2013-07-31'),
(1310, 2, 23, 600, 909152.00, 1.00000, 2.00000, 50.00000000, 4327.00, 0.69218, '2013-08-01'),
(1311, 2, 23, 600, 5459660.00, 1.00000, 3.00000, 50.00000000, 1404.00, 0.33307, '2013-08-02'),
(1312, 2, 23, 600, 5534066.00, 1.00000, 2.00000, 86.00000000, 1892.00, 0.49080, '2013-08-03'),
(1313, 2, 23, 600, 6909729.00, 1.00000, 1.00000, 113.00000000, 3314.00, 0.70950, '2013-08-04'),
(1314, 2, 23, 600, 6110858.00, 1.00000, 3.00000, 63.00000000, 5219.00, 0.12796, '2013-08-05'),
(1315, 2, 23, 600, 9958701.00, 1.00000, 3.00000, 83.00000000, 4866.00, 0.27419, '2013-08-06'),
(1316, 2, 23, 600, 6651881.00, 1.00000, 4.00000, 56.00000000, 9693.00, 0.41770, '2013-08-07'),
(1317, 2, 23, 600, 349715.00, 1.00000, 1.00000, 92.00000000, 9295.00, 0.94352, '2013-08-08'),
(1318, 2, 23, 600, 3182426.00, 1.00000, 2.00000, 85.00000000, 2241.00, 0.45403, '2013-08-09'),
(1319, 2, 23, 600, 8142901.00, 1.00000, 1.00000, 81.00000000, 2731.00, 0.54949, '2013-08-10'),
(1320, 2, 23, 600, 2442471.00, 1.00000, 3.00000, 60.00000000, 3238.00, 0.14640, '2013-08-11'),
(1321, 2, 23, 600, 8725438.00, 1.00000, 2.00000, 55.00000000, 4934.00, 0.28901, '2013-08-12'),
(1322, 2, 23, 600, 2431057.00, 1.00000, 1.00000, 110.00000000, 695.00, 0.18430, '2013-08-13'),
(1323, 2, 23, 600, 4757343.00, 1.00000, 1.00000, 67.00000000, 8501.00, 0.87232, '2013-08-14'),
(1324, 2, 23, 600, 5468295.00, 1.00000, 3.00000, 61.00000000, 1034.00, 0.38255, '2013-08-15'),
(1325, 2, 23, 600, 4623083.00, 1.00000, 3.00000, 94.00000000, 9783.00, 0.85907, '2013-08-16'),
(1326, 2, 23, 600, 762918.00, 1.00000, 4.00000, 78.00000000, 1310.00, 0.56328, '2013-08-17'),
(1327, 2, 23, 600, 4203936.00, 1.00000, 2.00000, 84.00000000, 7105.00, 0.41318, '2013-08-18'),
(1328, 2, 23, 600, 6706896.00, 1.00000, 4.00000, 53.00000000, 7120.00, 0.41875, '2013-08-19'),
(1329, 2, 23, 600, 3628770.00, 1.00000, 4.00000, 105.00000000, 5827.00, 0.86137, '2013-08-20'),
(1330, 2, 23, 600, 6685673.00, 1.00000, 4.00000, 64.00000000, 5777.00, 0.87046, '2013-08-21'),
(1331, 2, 23, 600, 4370083.00, 1.00000, 4.00000, 58.00000000, 7113.00, 0.43291, '2013-08-22'),
(1332, 2, 23, 600, 4760618.00, 1.00000, 2.00000, 117.00000000, 9023.00, 0.47439, '2013-08-23'),
(1333, 2, 23, 600, 6527302.00, 1.00000, 4.00000, 106.00000000, 3093.00, 0.84655, '2013-08-24'),
(1334, 2, 23, 600, 6997850.00, 1.00000, 2.00000, 108.00000000, 5484.00, 0.62661, '2013-08-25'),
(1335, 2, 23, 600, 9540196.00, 1.00000, 3.00000, 103.00000000, 1558.00, 0.25841, '2013-08-26'),
(1336, 2, 23, 600, 9620856.00, 1.00000, 4.00000, 87.00000000, 9428.00, 0.61093, '2013-08-27'),
(1337, 2, 23, 600, 1194405.00, 1.00000, 2.00000, 102.00000000, 3378.00, 0.83098, '2013-08-28'),
(1338, 2, 23, 600, 9904423.00, 1.00000, 3.00000, 55.00000000, 807.00, 0.73950, '2013-08-29'),
(1339, 2, 23, 600, 7054654.00, 1.00000, 2.00000, 63.00000000, 7736.00, 0.60060, '2013-08-30'),
(1340, 2, 23, 600, 9687568.00, 1.00000, 2.00000, 68.00000000, 7037.00, 0.54251, '2013-08-31'),
(1341, 2, 23, 600, 6959303.00, 1.00000, 2.00000, 51.00000000, 6042.00, 0.35284, '2013-09-01'),
(1342, 2, 23, 600, 3391197.00, 1.00000, 3.00000, 99.00000000, 7013.00, 0.55427, '2013-09-02'),
(1343, 2, 23, 600, 3110820.00, 1.00000, 1.00000, 106.00000000, 7609.00, 0.70130, '2013-09-03'),
(1344, 2, 23, 600, 549849.00, 1.00000, 4.00000, 106.00000000, 6093.00, 0.10410, '2013-09-04'),
(1345, 2, 23, 600, 3992339.00, 1.00000, 4.00000, 112.00000000, 2698.00, 0.31821, '2013-09-05'),
(1346, 2, 23, 600, 7426532.00, 1.00000, 2.00000, 68.00000000, 3793.00, 0.43718, '2013-09-06'),
(1347, 2, 23, 600, 9541033.00, 1.00000, 4.00000, 104.00000000, 2038.00, 0.76450, '2013-09-07'),
(1348, 2, 23, 600, 3998045.00, 1.00000, 3.00000, 103.00000000, 2148.00, 0.60242, '2013-09-08'),
(1349, 2, 23, 600, 5734287.00, 1.00000, 3.00000, 113.00000000, 4210.00, 0.49449, '2013-09-09'),
(1350, 2, 23, 600, 2795754.00, 1.00000, 4.00000, 79.00000000, 3297.00, 0.55259, '2013-09-10'),
(1351, 2, 23, 600, 6830461.00, 1.00000, 2.00000, 114.00000000, 9835.00, 0.36173, '2013-09-11'),
(1352, 2, 23, 600, 1177223.00, 1.00000, 3.00000, 118.00000000, 2786.00, 0.82750, '2013-09-12'),
(1353, 2, 23, 600, 9377978.00, 1.00000, 4.00000, 110.00000000, 4191.00, 0.75280, '2013-09-13'),
(1354, 2, 23, 600, 2066532.00, 1.00000, 3.00000, 110.00000000, 1784.00, 0.55810, '2013-09-14'),
(1355, 2, 23, 600, 6330073.00, 1.00000, 2.00000, 86.00000000, 5452.00, 0.97922, '2013-09-15'),
(1356, 2, 23, 600, 9905955.00, 1.00000, 1.00000, 62.00000000, 5885.00, 0.29044, '2013-09-16'),
(1357, 2, 23, 600, 4812257.00, 1.00000, 1.00000, 107.00000000, 1215.00, 0.27322, '2013-09-17'),
(1358, 2, 23, 600, 2248745.00, 1.00000, 1.00000, 94.00000000, 8905.00, 0.14257, '2013-09-18'),
(1359, 2, 23, 600, 5525823.00, 1.00000, 1.00000, 118.00000000, 788.00, 0.47791, '2013-09-19'),
(1360, 2, 23, 600, 8587806.00, 1.00000, 2.00000, 78.00000000, 4798.00, 0.27557, '2013-09-20'),
(1361, 2, 23, 600, 2425958.00, 1.00000, 2.00000, 116.00000000, 6186.00, 0.66307, '2013-09-21'),
(1362, 2, 23, 600, 1846570.00, 1.00000, 4.00000, 117.00000000, 1081.00, 0.48842, '2013-09-22'),
(1363, 2, 23, 600, 9381485.00, 1.00000, 2.00000, 86.00000000, 1307.00, 0.12135, '2013-09-23'),
(1364, 2, 23, 600, 355659.00, 1.00000, 1.00000, 89.00000000, 3871.00, 0.14876, '2013-09-24'),
(1365, 2, 23, 600, 8048207.00, 1.00000, 4.00000, 99.00000000, 2694.00, 0.43933, '2013-09-25'),
(1366, 2, 23, 600, 2029800.00, 1.00000, 3.00000, 57.00000000, 5480.00, 0.33120, '2013-09-26'),
(1367, 2, 23, 600, 7751880.00, 1.00000, 3.00000, 86.00000000, 1099.00, 0.67237, '2013-09-27'),
(1368, 2, 23, 600, 1908526.00, 1.00000, 1.00000, 119.00000000, 2619.00, 0.14585, '2013-09-28'),
(1369, 2, 23, 600, 3550899.00, 1.00000, 1.00000, 73.00000000, 4366.00, 0.16280, '2013-09-29'),
(1370, 2, 23, 600, 9389856.00, 1.00000, 3.00000, 82.00000000, 4409.00, 0.87063, '2013-09-30'),
(1371, 2, 23, 600, 2305679.00, 1.00000, 1.00000, 66.00000000, 426.00, 0.18284, '2013-10-01'),
(1372, 2, 23, 600, 8187771.00, 1.00000, 1.00000, 94.00000000, 6083.00, 0.72400, '2013-10-02'),
(1373, 2, 23, 600, 8373358.00, 1.00000, 2.00000, 80.00000000, 4338.00, 0.44684, '2013-10-03'),
(1374, 2, 23, 600, 199646.00, 1.00000, 4.00000, 56.00000000, 4955.00, 0.89701, '2013-10-04'),
(1375, 2, 23, 600, 6292108.00, 1.00000, 3.00000, 97.00000000, 9684.00, 0.43517, '2013-10-05'),
(1376, 2, 23, 600, 4768476.00, 1.00000, 3.00000, 86.00000000, 5461.00, 0.43110, '2013-10-06'),
(1377, 2, 23, 600, 144180.00, 1.00000, 4.00000, 93.00000000, 657.00, 0.94365, '2013-10-07'),
(1378, 2, 23, 600, 730971.00, 1.00000, 3.00000, 108.00000000, 9485.00, 0.76024, '2013-10-08'),
(1379, 2, 23, 600, 6884866.00, 1.00000, 1.00000, 105.00000000, 1361.00, 0.53053, '2013-10-09'),
(1380, 2, 23, 600, 8130382.00, 1.00000, 3.00000, 56.00000000, 5908.00, 0.23721, '2013-10-10'),
(1381, 2, 23, 600, 4123250.00, 1.00000, 2.00000, 64.00000000, 9862.00, 0.14815, '2013-10-11'),
(1382, 2, 23, 600, 9544359.00, 1.00000, 4.00000, 71.00000000, 2252.00, 0.73177, '2013-10-12'),
(1383, 2, 23, 600, 5115532.00, 1.00000, 3.00000, 109.00000000, 425.00, 0.76861, '2013-10-13'),
(1384, 2, 23, 600, 8280826.00, 1.00000, 3.00000, 69.00000000, 7046.00, 0.95340, '2013-10-14'),
(1385, 2, 23, 600, 8537682.00, 1.00000, 2.00000, 99.00000000, 5213.00, 0.75241, '2013-10-15'),
(1386, 2, 23, 600, 6229411.00, 1.00000, 4.00000, 73.00000000, 2931.00, 0.80176, '2013-10-16'),
(1387, 2, 23, 600, 5708469.00, 1.00000, 2.00000, 107.00000000, 351.00, 0.74716, '2013-10-17'),
(1388, 2, 23, 600, 4978086.00, 1.00000, 1.00000, 91.00000000, 9168.00, 0.53950, '2013-10-18'),
(1389, 2, 23, 600, 2375330.00, 1.00000, 1.00000, 114.00000000, 9195.00, 0.37380, '2013-10-19'),
(1390, 2, 23, 600, 6679093.00, 1.00000, 4.00000, 54.00000000, 1540.00, 0.37558, '2013-10-20'),
(1391, 2, 23, 600, 5035051.00, 1.00000, 2.00000, 60.00000000, 1829.00, 0.95196, '2013-10-21'),
(1392, 2, 23, 600, 5646727.00, 1.00000, 1.00000, 53.00000000, 1866.00, 0.72996, '2013-10-22'),
(1393, 2, 23, 600, 2453470.00, 1.00000, 1.00000, 106.00000000, 5569.00, 0.56314, '2013-10-23'),
(1394, 2, 23, 600, 4473994.00, 1.00000, 3.00000, 56.00000000, 1142.00, 0.20173, '2013-10-24'),
(1395, 2, 23, 600, 9914559.00, 1.00000, 2.00000, 54.00000000, 8500.00, 0.70981, '2013-10-25'),
(1396, 2, 23, 600, 9052214.00, 1.00000, 1.00000, 85.00000000, 1291.00, 0.78634, '2013-10-26'),
(1397, 2, 23, 600, 5177715.00, 1.00000, 3.00000, 54.00000000, 5893.00, 0.76748, '2013-10-27'),
(1398, 2, 23, 600, 5699955.00, 1.00000, 2.00000, 91.00000000, 5778.00, 0.31511, '2013-10-28'),
(1399, 2, 23, 600, 9596265.00, 1.00000, 1.00000, 59.00000000, 6912.00, 0.26089, '2013-10-29'),
(1400, 2, 23, 600, 1711949.00, 1.00000, 2.00000, 61.00000000, 9814.00, 0.77995, '2013-10-30'),
(1401, 2, 23, 600, 6675559.00, 1.00000, 4.00000, 110.00000000, 1067.00, 0.64967, '2013-10-31'),
(1402, 2, 23, 600, 6162498.00, 1.00000, 4.00000, 69.00000000, 2117.00, 0.59779, '2013-11-01'),
(1403, 2, 23, 600, 7021982.00, 1.00000, 3.00000, 78.00000000, 4215.00, 0.21544, '2013-11-02'),
(1404, 2, 23, 600, 8691102.00, 1.00000, 4.00000, 111.00000000, 4641.00, 0.58691, '2013-11-03'),
(1405, 2, 23, 600, 1635177.00, 1.00000, 2.00000, 110.00000000, 7576.00, 0.17740, '2013-11-04'),
(1406, 2, 23, 600, 6316715.00, 1.00000, 2.00000, 99.00000000, 6789.00, 0.92310, '2013-11-05'),
(1407, 2, 23, 600, 8909173.00, 1.00000, 3.00000, 65.00000000, 4324.00, 0.36350, '2013-11-06'),
(1408, 2, 23, 600, 3864312.00, 1.00000, 4.00000, 99.00000000, 2416.00, 0.46948, '2013-11-07'),
(1409, 2, 23, 600, 2473596.00, 1.00000, 2.00000, 117.00000000, 4577.00, 0.41871, '2013-11-08'),
(1410, 2, 23, 600, 3622764.00, 1.00000, 2.00000, 50.00000000, 4264.00, 0.79532, '2013-11-09'),
(1411, 2, 23, 600, 4139647.00, 1.00000, 4.00000, 71.00000000, 7621.00, 0.61188, '2013-11-10'),
(1412, 2, 23, 600, 3937502.00, 1.00000, 4.00000, 77.00000000, 3451.00, 0.31380, '2013-11-11'),
(1413, 2, 23, 600, 5973043.00, 1.00000, 4.00000, 90.00000000, 2027.00, 0.87893, '2013-11-12'),
(1414, 2, 23, 600, 3344453.00, 1.00000, 2.00000, 65.00000000, 5624.00, 0.71234, '2013-11-13'),
(1415, 2, 23, 600, 1727719.00, 1.00000, 1.00000, 53.00000000, 4087.00, 0.16512, '2013-11-14'),
(1416, 2, 23, 600, 6234378.00, 1.00000, 1.00000, 88.00000000, 171.00, 0.44702, '2013-11-15'),
(1417, 2, 23, 600, 9324598.00, 1.00000, 3.00000, 77.00000000, 863.00, 0.80929, '2013-11-16'),
(1418, 2, 23, 600, 5371048.00, 1.00000, 1.00000, 51.00000000, 7837.00, 0.70580, '2013-11-17'),
(1419, 2, 23, 600, 1700815.00, 1.00000, 2.00000, 116.00000000, 9963.00, 0.94437, '2013-11-18'),
(1420, 2, 23, 600, 2302361.00, 1.00000, 3.00000, 54.00000000, 3771.00, 0.92095, '2013-11-19'),
(1421, 2, 23, 600, 9863758.00, 1.00000, 2.00000, 114.00000000, 3328.00, 0.69673, '2013-11-20'),
(1422, 2, 23, 600, 2781914.00, 1.00000, 1.00000, 85.00000000, 2781.00, 0.33845, '2013-11-21'),
(1423, 2, 23, 600, 9752567.00, 1.00000, 3.00000, 106.00000000, 1070.00, 0.74390, '2013-11-22'),
(1424, 2, 23, 600, 5332886.00, 1.00000, 3.00000, 70.00000000, 5613.00, 0.30082, '2013-11-23'),
(1425, 2, 23, 600, 202765.00, 1.00000, 3.00000, 77.00000000, 2980.00, 0.91833, '2013-11-24'),
(1426, 2, 23, 600, 749727.00, 1.00000, 4.00000, 72.00000000, 6780.00, 0.65277, '2013-11-25'),
(1427, 2, 23, 600, 3581453.00, 1.00000, 1.00000, 111.00000000, 1310.00, 0.56879, '2013-11-26'),
(1428, 2, 23, 600, 3521184.00, 1.00000, 3.00000, 54.00000000, 1394.00, 0.19167, '2013-11-27'),
(1429, 2, 23, 600, 5392577.00, 1.00000, 1.00000, 94.00000000, 1992.00, 0.47194, '2013-11-28'),
(1430, 2, 23, 600, 3134490.00, 1.00000, 2.00000, 103.00000000, 9390.00, 0.16270, '2013-11-29'),
(1431, 2, 23, 600, 9113872.00, 1.00000, 4.00000, 119.00000000, 9780.00, 0.90966, '2013-11-30'),
(1432, 2, 23, 600, 4572313.00, 1.00000, 3.00000, 98.00000000, 290.00, 0.83840, '2013-12-01'),
(1433, 2, 23, 600, 9751715.00, 1.00000, 3.00000, 99.00000000, 2771.00, 0.96762, '2013-12-02'),
(1434, 2, 23, 600, 302490.00, 1.00000, 4.00000, 53.00000000, 8120.00, 0.17864, '2013-12-03'),
(1435, 2, 23, 600, 5733247.00, 1.00000, 1.00000, 59.00000000, 6413.00, 0.22460, '2013-12-04'),
(1436, 2, 23, 600, 9025656.00, 1.00000, 1.00000, 72.00000000, 1181.00, 0.64897, '2013-12-05'),
(1437, 2, 23, 600, 5867999.00, 1.00000, 4.00000, 95.00000000, 2311.00, 0.74672, '2013-12-06'),
(1438, 2, 23, 600, 200487.00, 1.00000, 3.00000, 77.00000000, 2134.00, 0.42762, '2013-12-07'),
(1439, 2, 23, 600, 8508743.00, 1.00000, 3.00000, 102.00000000, 7315.00, 0.22988, '2013-12-08'),
(1440, 2, 23, 600, 436546.00, 1.00000, 3.00000, 73.00000000, 3438.00, 0.38735, '2013-12-09'),
(1441, 2, 23, 600, 2055234.00, 1.00000, 1.00000, 75.00000000, 4510.00, 0.47709, '2013-12-10'),
(1442, 2, 23, 600, 9090234.00, 1.00000, 3.00000, 54.00000000, 5077.00, 0.15568, '2013-12-11'),
(1443, 2, 23, 600, 6948034.00, 1.00000, 1.00000, 91.00000000, 7014.00, 0.14513, '2013-12-12'),
(1444, 2, 23, 600, 2192097.00, 1.00000, 3.00000, 51.00000000, 3491.00, 0.43728, '2013-12-13'),
(1445, 2, 23, 600, 3232353.00, 1.00000, 3.00000, 106.00000000, 5764.00, 0.13528, '2013-12-14'),
(1446, 2, 23, 600, 5129093.00, 1.00000, 2.00000, 108.00000000, 7466.00, 0.99772, '2013-12-15'),
(1447, 2, 23, 600, 9835670.00, 1.00000, 3.00000, 64.00000000, 1721.00, 0.52420, '2013-12-16'),
(1448, 2, 23, 600, 8510328.00, 1.00000, 2.00000, 98.00000000, 8744.00, 0.71889, '2013-12-17'),
(1449, 2, 23, 600, 8721539.00, 1.00000, 1.00000, 103.00000000, 5048.00, 0.37565, '2013-12-18'),
(1450, 2, 23, 600, 3792669.00, 1.00000, 1.00000, 104.00000000, 4013.00, 0.50924, '2013-12-19'),
(1451, 2, 23, 600, 3046189.00, 1.00000, 4.00000, 107.00000000, 2282.00, 0.69750, '2013-12-20'),
(1452, 2, 23, 600, 4033075.00, 1.00000, 4.00000, 83.00000000, 747.00, 0.43927, '2013-12-21'),
(1453, 2, 23, 600, 6734267.00, 1.00000, 1.00000, 50.00000000, 1013.00, 0.95033, '2013-12-22'),
(1454, 2, 23, 600, 3037946.00, 1.00000, 4.00000, 97.00000000, 8447.00, 0.49005, '2013-12-23'),
(1455, 2, 23, 600, 892842.00, 1.00000, 1.00000, 99.00000000, 7405.00, 0.86688, '2013-12-24'),
(1456, 2, 23, 600, 8686780.00, 1.00000, 3.00000, 90.00000000, 8626.00, 0.89802, '2013-12-25'),
(1457, 2, 23, 600, 5733633.00, 1.00000, 4.00000, 72.00000000, 6870.00, 0.14360, '2013-12-26'),
(1458, 2, 23, 600, 1635426.00, 1.00000, 3.00000, 77.00000000, 924.00, 0.88803, '2013-12-27'),
(1459, 2, 23, 600, 4450593.00, 1.00000, 1.00000, 97.00000000, 1028.00, 0.37992, '2013-12-28'),
(1460, 2, 23, 600, 4145131.00, 1.00000, 4.00000, 65.00000000, 9058.00, 0.55219, '2013-12-29'),
(1461, 2, 23, 600, 1163805.00, 1.00000, 2.00000, 51.00000000, 5855.00, 0.89475, '2013-12-30'),
(1462, 2, 23, 600, 1694807.00, 1.00000, 2.00000, 72.00000000, 9073.00, 0.42829, '2013-12-31'),
(1463, 3, 23, 600, 4439579.00, 1.00000, 2.00000, 97.00000000, 633.00, 0.73996, '2012-01-01'),
(1464, 3, 23, 600, 9337292.00, 1.00000, 1.00000, 77.00000000, 2190.00, 0.10269, '2012-01-02'),
(1465, 3, 23, 600, 8442030.00, 1.00000, 1.00000, 81.00000000, 1357.00, 0.79515, '2012-01-03'),
(1466, 3, 23, 600, 669831.00, 1.00000, 4.00000, 108.00000000, 3573.00, 0.48356, '2012-01-04'),
(1467, 3, 23, 600, 2499893.00, 1.00000, 1.00000, 60.00000000, 1992.00, 0.26796, '2012-01-05'),
(1468, 3, 23, 600, 3505765.00, 1.00000, 2.00000, 55.00000000, 399.00, 0.44387, '2012-01-06'),
(1469, 3, 23, 600, 8577925.00, 1.00000, 3.00000, 68.00000000, 9156.00, 0.16321, '2012-01-07'),
(1470, 3, 23, 600, 6790420.00, 1.00000, 3.00000, 52.00000000, 4131.00, 0.83310, '2012-01-08'),
(1471, 3, 23, 600, 1785021.00, 1.00000, 4.00000, 77.00000000, 2059.00, 0.67171, '2012-01-09'),
(1472, 3, 23, 600, 5058571.00, 1.00000, 4.00000, 71.00000000, 4860.00, 0.88560, '2012-01-10'),
(1473, 3, 23, 600, 7458264.00, 1.00000, 3.00000, 73.00000000, 5446.00, 0.72541, '2012-01-11'),
(1474, 3, 23, 600, 2117199.00, 1.00000, 2.00000, 98.00000000, 6240.00, 0.91757, '2012-01-12'),
(1475, 3, 23, 600, 6504072.00, 1.00000, 1.00000, 93.00000000, 2197.00, 0.15730, '2012-01-13'),
(1476, 3, 23, 600, 3570678.00, 1.00000, 2.00000, 55.00000000, 7316.00, 0.47263, '2012-01-14'),
(1477, 3, 23, 600, 9526102.00, 1.00000, 2.00000, 92.00000000, 4298.00, 0.99302, '2012-01-15'),
(1478, 3, 23, 600, 6468005.00, 1.00000, 1.00000, 93.00000000, 6736.00, 0.79461, '2012-01-16'),
(1479, 3, 23, 600, 9016522.00, 1.00000, 2.00000, 92.00000000, 1917.00, 0.60416, '2012-01-17'),
(1480, 3, 23, 600, 7973595.00, 1.00000, 4.00000, 71.00000000, 6503.00, 0.84023, '2012-01-18'),
(1481, 3, 23, 600, 9919317.00, 1.00000, 4.00000, 107.00000000, 6993.00, 0.99650, '2012-01-19'),
(1482, 3, 23, 600, 8373955.00, 1.00000, 2.00000, 81.00000000, 4051.00, 0.92271, '2012-01-20'),
(1483, 3, 23, 600, 9382267.00, 1.00000, 3.00000, 57.00000000, 3562.00, 0.48936, '2012-01-21'),
(1484, 3, 23, 600, 328777.00, 1.00000, 1.00000, 93.00000000, 6158.00, 0.23776, '2012-01-22'),
(1485, 3, 23, 600, 7805996.00, 1.00000, 4.00000, 98.00000000, 9501.00, 0.61060, '2012-01-23'),
(1486, 3, 23, 600, 759857.00, 1.00000, 1.00000, 67.00000000, 9888.00, 0.34570, '2012-01-24'),
(1487, 3, 23, 600, 9894966.00, 1.00000, 1.00000, 97.00000000, 3179.00, 0.21805, '2012-01-25'),
(1488, 3, 23, 600, 713094.00, 1.00000, 2.00000, 96.00000000, 9077.00, 0.99400, '2012-01-26'),
(1489, 3, 23, 600, 2156266.00, 1.00000, 3.00000, 98.00000000, 9386.00, 0.34090, '2012-01-27'),
(1490, 3, 23, 600, 9027071.00, 1.00000, 3.00000, 105.00000000, 6273.00, 0.43261, '2012-01-28'),
(1491, 3, 23, 600, 360268.00, 1.00000, 1.00000, 116.00000000, 9996.00, 0.83059, '2012-01-29'),
(1492, 3, 23, 600, 5276093.00, 1.00000, 2.00000, 59.00000000, 586.00, 0.73979, '2012-01-30'),
(1493, 3, 23, 600, 6492015.00, 1.00000, 2.00000, 65.00000000, 7841.00, 0.30138, '2012-01-31'),
(1494, 3, 23, 600, 5341669.00, 1.00000, 2.00000, 90.00000000, 7166.00, 0.28260, '2012-02-01'),
(1495, 3, 23, 600, 5727940.00, 1.00000, 1.00000, 62.00000000, 791.00, 0.56645, '2012-02-02'),
(1496, 3, 23, 600, 7004687.00, 1.00000, 3.00000, 81.00000000, 4724.00, 0.35288, '2012-02-03'),
(1497, 3, 23, 600, 2568573.00, 1.00000, 2.00000, 118.00000000, 5092.00, 0.11311, '2012-02-04'),
(1498, 3, 23, 600, 6858655.00, 1.00000, 3.00000, 59.00000000, 7645.00, 0.96099, '2012-02-05'),
(1499, 3, 23, 600, 5482650.00, 1.00000, 4.00000, 52.00000000, 4888.00, 0.24719, '2012-02-06'),
(1500, 3, 23, 600, 1437422.00, 1.00000, 3.00000, 89.00000000, 757.00, 0.18845, '2012-02-07'),
(1501, 3, 23, 600, 5170190.00, 1.00000, 2.00000, 64.00000000, 7259.00, 0.99010, '2012-02-08'),
(1502, 3, 23, 600, 2444251.00, 1.00000, 1.00000, 92.00000000, 9568.00, 0.70549, '2012-02-09'),
(1503, 3, 23, 600, 4657667.00, 1.00000, 2.00000, 58.00000000, 7413.00, 0.35058, '2012-02-10'),
(1504, 3, 23, 600, 7258059.00, 1.00000, 2.00000, 118.00000000, 2124.00, 0.12397, '2012-02-11'),
(1505, 3, 23, 600, 523728.00, 1.00000, 4.00000, 105.00000000, 4802.00, 0.36832, '2012-02-12'),
(1506, 3, 23, 600, 1061839.00, 1.00000, 4.00000, 97.00000000, 9260.00, 0.12640, '2012-02-13'),
(1507, 3, 23, 600, 9789829.00, 1.00000, 1.00000, 109.00000000, 2420.00, 0.56725, '2012-02-14'),
(1508, 3, 23, 600, 5183035.00, 1.00000, 1.00000, 98.00000000, 126.00, 0.94089, '2012-02-15'),
(1509, 3, 23, 600, 718031.00, 1.00000, 2.00000, 77.00000000, 3310.00, 0.77973, '2012-02-16'),
(1510, 3, 23, 600, 1856064.00, 1.00000, 4.00000, 82.00000000, 1759.00, 0.51347, '2012-02-17'),
(1511, 3, 23, 600, 9409854.00, 1.00000, 3.00000, 108.00000000, 9668.00, 0.64907, '2012-02-18'),
(1512, 3, 23, 600, 6688635.00, 1.00000, 3.00000, 119.00000000, 9988.00, 0.26213, '2012-02-19'),
(1513, 3, 23, 600, 6534996.00, 1.00000, 4.00000, 63.00000000, 9263.00, 0.80870, '2012-02-20'),
(1514, 3, 23, 600, 6298124.00, 1.00000, 3.00000, 70.00000000, 6413.00, 0.40787, '2012-02-21'),
(1515, 3, 23, 600, 5302412.00, 1.00000, 2.00000, 75.00000000, 1877.00, 0.40777, '2012-02-22'),
(1516, 3, 23, 600, 3314774.00, 1.00000, 3.00000, 108.00000000, 9976.00, 0.35219, '2012-02-23'),
(1517, 3, 23, 600, 7002095.00, 1.00000, 2.00000, 118.00000000, 9636.00, 0.95959, '2012-02-24'),
(1518, 3, 23, 600, 2498437.00, 1.00000, 1.00000, 114.00000000, 8402.00, 0.10326, '2012-02-25'),
(1519, 3, 23, 600, 8389598.00, 1.00000, 2.00000, 58.00000000, 1005.00, 0.14368, '2012-02-26'),
(1520, 3, 23, 600, 844544.00, 1.00000, 1.00000, 55.00000000, 3158.00, 0.73044, '2012-02-27'),
(1521, 3, 23, 600, 3981857.00, 1.00000, 1.00000, 57.00000000, 2551.00, 0.18900, '2012-02-28'),
(1522, 3, 23, 600, 7793489.00, 1.00000, 1.00000, 79.00000000, 7561.00, 0.48999, '2012-02-29'),
(1523, 3, 23, 600, 7534232.00, 1.00000, 3.00000, 58.00000000, 3111.00, 0.36952, '2012-03-01'),
(1524, 3, 23, 600, 6752750.00, 1.00000, 2.00000, 74.00000000, 9303.00, 0.57140, '2012-03-02'),
(1525, 3, 23, 600, 1451395.00, 1.00000, 2.00000, 103.00000000, 9431.00, 0.22500, '2012-03-03'),
(1526, 3, 23, 600, 6231274.00, 1.00000, 2.00000, 89.00000000, 7780.00, 0.22147, '2012-03-04'),
(1527, 3, 23, 600, 1910025.00, 1.00000, 4.00000, 55.00000000, 5707.00, 0.28146, '2012-03-05'),
(1528, 3, 23, 600, 3080221.00, 1.00000, 1.00000, 112.00000000, 6218.00, 0.87743, '2012-03-06'),
(1529, 3, 23, 600, 9994437.00, 1.00000, 4.00000, 101.00000000, 7873.00, 0.87425, '2012-03-07'),
(1530, 3, 23, 600, 9023774.00, 1.00000, 2.00000, 90.00000000, 4110.00, 0.42913, '2012-03-08'),
(1531, 3, 23, 600, 9537220.00, 1.00000, 3.00000, 67.00000000, 2540.00, 0.45090, '2012-03-09'),
(1532, 3, 23, 600, 9793808.00, 1.00000, 1.00000, 85.00000000, 9225.00, 0.18040, '2012-03-10'),
(1533, 3, 23, 600, 1431309.00, 1.00000, 3.00000, 56.00000000, 1774.00, 0.99100, '2012-03-11'),
(1534, 3, 23, 600, 3295807.00, 1.00000, 1.00000, 69.00000000, 7205.00, 0.28657, '2012-03-12'),
(1535, 3, 23, 600, 9286063.00, 1.00000, 1.00000, 110.00000000, 1416.00, 0.37849, '2012-03-13'),
(1536, 3, 23, 600, 3605580.00, 1.00000, 2.00000, 64.00000000, 5923.00, 0.66103, '2012-03-14'),
(1537, 3, 23, 600, 6034761.00, 1.00000, 1.00000, 91.00000000, 7060.00, 0.17649, '2012-03-15'),
(1538, 3, 23, 600, 5654987.00, 1.00000, 1.00000, 97.00000000, 9433.00, 0.92060, '2012-03-16'),
(1539, 3, 23, 600, 719440.00, 1.00000, 3.00000, 110.00000000, 9605.00, 0.66972, '2012-03-17'),
(1540, 3, 23, 600, 3775720.00, 1.00000, 4.00000, 83.00000000, 9642.00, 0.21330, '2012-03-18'),
(1541, 3, 23, 600, 8951262.00, 1.00000, 1.00000, 57.00000000, 7926.00, 0.20354, '2012-03-19'),
(1542, 3, 23, 600, 5750350.00, 1.00000, 1.00000, 90.00000000, 8534.00, 0.20487, '2012-03-20'),
(1543, 3, 23, 600, 3215017.00, 1.00000, 4.00000, 52.00000000, 834.00, 0.46119, '2012-03-21'),
(1544, 3, 23, 600, 4171064.00, 1.00000, 1.00000, 73.00000000, 7457.00, 0.46716, '2012-03-22'),
(1545, 3, 23, 600, 3229643.00, 1.00000, 2.00000, 87.00000000, 229.00, 0.29380, '2012-03-23'),
(1546, 3, 23, 600, 8182317.00, 1.00000, 4.00000, 80.00000000, 7553.00, 0.46576, '2012-03-24'),
(1547, 3, 23, 600, 3901781.00, 1.00000, 2.00000, 109.00000000, 7778.00, 0.45330, '2012-03-25'),
(1548, 3, 23, 600, 7692505.00, 1.00000, 4.00000, 116.00000000, 5307.00, 0.48564, '2012-03-26'),
(1549, 3, 23, 600, 5872885.00, 1.00000, 4.00000, 119.00000000, 4269.00, 0.21468, '2012-03-27'),
(1550, 3, 23, 600, 7598696.00, 1.00000, 3.00000, 92.00000000, 1842.00, 0.22479, '2012-03-28'),
(1551, 3, 23, 600, 5570523.00, 1.00000, 1.00000, 64.00000000, 5702.00, 0.39919, '2012-03-29'),
(1552, 3, 23, 600, 8959558.00, 1.00000, 1.00000, 85.00000000, 9674.00, 0.50888, '2012-03-30'),
(1553, 3, 23, 600, 9950014.00, 1.00000, 3.00000, 68.00000000, 2972.00, 0.97336, '2012-03-31'),
(1554, 3, 23, 600, 124818.00, 1.00000, 3.00000, 90.00000000, 1159.00, 0.81868, '2012-04-01'),
(1555, 3, 23, 600, 7041557.00, 1.00000, 2.00000, 81.00000000, 7090.00, 0.51197, '2012-04-02'),
(1556, 3, 23, 600, 4175801.00, 1.00000, 2.00000, 75.00000000, 2832.00, 0.49031, '2012-04-03'),
(1557, 3, 23, 600, 1399406.00, 1.00000, 2.00000, 71.00000000, 4903.00, 0.49131, '2012-04-04'),
(1558, 3, 23, 600, 9047103.00, 1.00000, 3.00000, 103.00000000, 16.00, 0.75938, '2012-04-05'),
(1559, 3, 23, 600, 9406957.00, 1.00000, 3.00000, 90.00000000, 5682.00, 0.58217, '2012-04-06'),
(1560, 3, 23, 600, 5048673.00, 1.00000, 1.00000, 87.00000000, 7563.00, 0.96148, '2012-04-07'),
(1561, 3, 23, 600, 4447475.00, 1.00000, 3.00000, 58.00000000, 2035.00, 0.23660, '2012-04-08'),
(1562, 3, 23, 600, 3247799.00, 1.00000, 3.00000, 113.00000000, 9522.00, 0.60043, '2012-04-09'),
(1563, 3, 23, 600, 3763027.00, 1.00000, 2.00000, 81.00000000, 4132.00, 0.31250, '2012-04-10'),
(1564, 3, 23, 600, 5835918.00, 1.00000, 3.00000, 86.00000000, 1001.00, 0.44742, '2012-04-11'),
(1565, 3, 23, 600, 9386495.00, 1.00000, 2.00000, 70.00000000, 311.00, 0.35476, '2012-04-12'),
(1566, 3, 23, 600, 3156330.00, 1.00000, 3.00000, 98.00000000, 6557.00, 0.45582, '2012-04-13'),
(1567, 3, 23, 600, 533653.00, 1.00000, 2.00000, 72.00000000, 1013.00, 0.75956, '2012-04-14'),
(1568, 3, 23, 600, 3938518.00, 1.00000, 2.00000, 101.00000000, 4640.00, 0.58391, '2012-04-15'),
(1569, 3, 23, 600, 4259178.00, 1.00000, 2.00000, 111.00000000, 8007.00, 0.16310, '2012-04-16'),
(1570, 3, 23, 600, 7565571.00, 1.00000, 2.00000, 77.00000000, 2362.00, 0.29492, '2012-04-17'),
(1571, 3, 23, 600, 8111678.00, 1.00000, 3.00000, 78.00000000, 1850.00, 0.93575, '2012-04-18'),
(1572, 3, 23, 600, 592188.00, 1.00000, 3.00000, 117.00000000, 6602.00, 0.79632, '2012-04-19'),
(1573, 3, 23, 600, 4853386.00, 1.00000, 3.00000, 104.00000000, 9261.00, 0.52720, '2012-04-20'),
(1574, 3, 23, 600, 2161732.00, 1.00000, 4.00000, 89.00000000, 4494.00, 0.14970, '2012-04-21'),
(1575, 3, 23, 600, 6575560.00, 1.00000, 3.00000, 97.00000000, 32.00, 0.92671, '2012-04-22'),
(1576, 3, 23, 600, 826426.00, 1.00000, 1.00000, 52.00000000, 1724.00, 0.43214, '2012-04-23'),
(1577, 3, 23, 600, 3135771.00, 1.00000, 4.00000, 66.00000000, 9680.00, 0.16676, '2012-04-24'),
(1578, 3, 23, 600, 1421642.00, 1.00000, 1.00000, 111.00000000, 627.00, 0.73935, '2012-04-25'),
(1579, 3, 23, 600, 694853.00, 1.00000, 1.00000, 110.00000000, 1471.00, 0.41688, '2012-04-26'),
(1580, 3, 23, 600, 898101.00, 1.00000, 3.00000, 111.00000000, 8968.00, 0.23190, '2012-04-27'),
(1581, 3, 23, 600, 6298739.00, 1.00000, 2.00000, 85.00000000, 7729.00, 0.18564, '2012-04-28'),
(1582, 3, 23, 600, 6767203.00, 1.00000, 4.00000, 99.00000000, 1020.00, 0.98699, '2012-04-29'),
(1583, 3, 23, 600, 3017128.00, 1.00000, 3.00000, 64.00000000, 9298.00, 0.88350, '2012-04-30'),
(1584, 3, 23, 600, 5205219.00, 1.00000, 2.00000, 66.00000000, 2160.00, 0.22856, '2012-05-01'),
(1585, 3, 23, 600, 3253349.00, 1.00000, 3.00000, 70.00000000, 2456.00, 0.36058, '2012-05-02'),
(1586, 3, 23, 600, 4475085.00, 1.00000, 4.00000, 61.00000000, 1805.00, 0.82480, '2012-05-03'),
(1587, 3, 23, 600, 5793399.00, 1.00000, 4.00000, 93.00000000, 6551.00, 0.66732, '2012-05-04'),
(1588, 3, 23, 600, 277018.00, 1.00000, 4.00000, 106.00000000, 9960.00, 0.58967, '2012-05-05'),
(1589, 3, 23, 600, 9964447.00, 1.00000, 2.00000, 60.00000000, 7821.00, 0.97236, '2012-05-06'),
(1590, 3, 23, 600, 1865813.00, 1.00000, 1.00000, 105.00000000, 1279.00, 0.49702, '2012-05-07'),
(1591, 3, 23, 600, 2959086.00, 1.00000, 3.00000, 54.00000000, 9666.00, 0.49705, '2012-05-08'),
(1592, 3, 23, 600, 8673112.00, 1.00000, 1.00000, 69.00000000, 9413.00, 0.24690, '2012-05-09'),
(1593, 3, 23, 600, 7513997.00, 1.00000, 1.00000, 71.00000000, 3492.00, 0.32995, '2012-05-10'),
(1594, 3, 23, 600, 2450087.00, 1.00000, 2.00000, 108.00000000, 4685.00, 0.94789, '2012-05-11'),
(1595, 3, 23, 600, 7213393.00, 1.00000, 1.00000, 69.00000000, 84.00, 0.40854, '2012-05-12'),
(1596, 3, 23, 600, 1882685.00, 1.00000, 1.00000, 63.00000000, 4723.00, 0.10686, '2012-05-13'),
(1597, 3, 23, 600, 6900782.00, 1.00000, 1.00000, 78.00000000, 5544.00, 0.68007, '2012-05-14'),
(1598, 3, 23, 600, 1211220.00, 1.00000, 4.00000, 77.00000000, 3204.00, 0.17752, '2012-05-15'),
(1599, 3, 23, 600, 5807761.00, 1.00000, 1.00000, 90.00000000, 2494.00, 0.83307, '2012-05-16'),
(1600, 3, 23, 600, 9402607.00, 1.00000, 2.00000, 113.00000000, 1407.00, 0.32446, '2012-05-17'),
(1601, 3, 23, 600, 5881312.00, 1.00000, 3.00000, 77.00000000, 6454.00, 0.14713, '2012-05-18'),
(1602, 3, 23, 600, 930283.00, 1.00000, 3.00000, 62.00000000, 4047.00, 0.27079, '2012-05-19'),
(1603, 3, 23, 600, 4533153.00, 1.00000, 4.00000, 56.00000000, 6465.00, 0.30667, '2012-05-20'),
(1604, 3, 23, 600, 1056917.00, 1.00000, 2.00000, 81.00000000, 96.00, 0.27563, '2012-05-21'),
(1605, 3, 23, 600, 4130775.00, 1.00000, 1.00000, 85.00000000, 1181.00, 0.54367, '2012-05-22'),
(1606, 3, 23, 600, 4939513.00, 1.00000, 3.00000, 97.00000000, 7392.00, 0.14560, '2012-05-23'),
(1607, 3, 23, 600, 2747273.00, 1.00000, 2.00000, 76.00000000, 3961.00, 0.45542, '2012-05-24'),
(1608, 3, 23, 600, 7785623.00, 1.00000, 3.00000, 90.00000000, 3582.00, 0.54410, '2012-05-25'),
(1609, 3, 23, 600, 5660949.00, 1.00000, 2.00000, 74.00000000, 3772.00, 0.22771, '2012-05-26'),
(1610, 3, 23, 600, 2605068.00, 1.00000, 3.00000, 71.00000000, 2594.00, 0.70296, '2012-05-27'),
(1611, 3, 23, 600, 2753909.00, 1.00000, 3.00000, 85.00000000, 1606.00, 0.19856, '2012-05-28'),
(1612, 3, 23, 600, 9203009.00, 1.00000, 4.00000, 76.00000000, 5445.00, 0.60441, '2012-05-29'),
(1613, 3, 23, 600, 1308945.00, 1.00000, 2.00000, 97.00000000, 9215.00, 0.74270, '2012-05-30'),
(1614, 3, 23, 600, 958601.00, 1.00000, 4.00000, 53.00000000, 4400.00, 0.97800, '2012-05-31'),
(1615, 3, 23, 600, 2815593.00, 1.00000, 2.00000, 83.00000000, 4961.00, 0.20462, '2012-06-01'),
(1616, 3, 23, 600, 3086191.00, 1.00000, 4.00000, 95.00000000, 9065.00, 0.56531, '2012-06-02'),
(1617, 3, 23, 600, 1230682.00, 1.00000, 1.00000, 54.00000000, 7930.00, 0.88842, '2012-06-03');
INSERT INTO `app_holdperf` (`id`, `holding_id`, `holding_category_id`, `month_id`, `nav`, `interest_rate`, `performance`, `current_price`, `no_of_units`, `weight`, `value_date`) VALUES
(1618, 3, 23, 600, 6406831.00, 1.00000, 3.00000, 103.00000000, 7225.00, 0.91936, '2012-06-04'),
(1619, 3, 23, 600, 881357.00, 1.00000, 4.00000, 86.00000000, 4151.00, 0.37790, '2012-06-05'),
(1620, 3, 23, 600, 3734447.00, 1.00000, 2.00000, 82.00000000, 3910.00, 0.91155, '2012-06-06'),
(1621, 3, 23, 600, 9976487.00, 1.00000, 4.00000, 96.00000000, 5864.00, 0.59542, '2012-06-07'),
(1622, 3, 23, 600, 1325313.00, 1.00000, 3.00000, 52.00000000, 3871.00, 0.68150, '2012-06-08'),
(1623, 3, 23, 600, 862563.00, 1.00000, 3.00000, 76.00000000, 902.00, 0.66824, '2012-06-09'),
(1624, 3, 23, 600, 3344717.00, 1.00000, 1.00000, 70.00000000, 8111.00, 0.51732, '2012-06-10'),
(1625, 3, 23, 600, 4340079.00, 1.00000, 1.00000, 114.00000000, 1912.00, 0.48360, '2012-06-11'),
(1626, 3, 23, 600, 626573.00, 1.00000, 3.00000, 90.00000000, 185.00, 0.48129, '2012-06-12'),
(1627, 3, 23, 600, 707364.00, 1.00000, 1.00000, 113.00000000, 7153.00, 0.63218, '2012-06-13'),
(1628, 3, 23, 600, 3923778.00, 1.00000, 1.00000, 105.00000000, 4035.00, 0.70021, '2012-06-14'),
(1629, 3, 23, 600, 752401.00, 1.00000, 3.00000, 61.00000000, 5135.00, 0.46026, '2012-06-15'),
(1630, 3, 23, 600, 5189649.00, 1.00000, 1.00000, 50.00000000, 7409.00, 0.47027, '2012-06-16'),
(1631, 3, 23, 600, 7308317.00, 1.00000, 2.00000, 75.00000000, 7088.00, 0.19268, '2012-06-17'),
(1632, 3, 23, 600, 8084873.00, 1.00000, 2.00000, 96.00000000, 1414.00, 0.37441, '2012-06-18'),
(1633, 3, 23, 600, 8663341.00, 1.00000, 3.00000, 112.00000000, 1955.00, 0.50782, '2012-06-19'),
(1634, 3, 23, 600, 3913579.00, 1.00000, 4.00000, 77.00000000, 8761.00, 0.49066, '2012-06-20'),
(1635, 3, 23, 600, 7995168.00, 1.00000, 1.00000, 78.00000000, 8266.00, 0.15918, '2012-06-21'),
(1636, 3, 23, 600, 2033071.00, 1.00000, 2.00000, 68.00000000, 7250.00, 0.59965, '2012-06-22'),
(1637, 3, 23, 600, 2810196.00, 1.00000, 4.00000, 89.00000000, 8397.00, 0.23264, '2012-06-23'),
(1638, 3, 23, 600, 3045902.00, 1.00000, 3.00000, 81.00000000, 5910.00, 0.99477, '2012-06-24'),
(1639, 3, 23, 600, 3183496.00, 1.00000, 4.00000, 107.00000000, 278.00, 0.86991, '2012-06-25'),
(1640, 3, 23, 600, 5021020.00, 1.00000, 3.00000, 79.00000000, 9484.00, 0.50761, '2012-06-26'),
(1641, 3, 23, 600, 9989013.00, 1.00000, 3.00000, 63.00000000, 3380.00, 0.50873, '2012-06-27'),
(1642, 3, 23, 600, 5011649.00, 1.00000, 3.00000, 108.00000000, 567.00, 0.79982, '2012-06-28'),
(1643, 3, 23, 600, 9582763.00, 1.00000, 4.00000, 73.00000000, 5555.00, 0.28960, '2012-06-29'),
(1644, 3, 23, 600, 4892743.00, 1.00000, 3.00000, 101.00000000, 5991.00, 0.61715, '2012-06-30'),
(1645, 3, 23, 600, 6451640.00, 1.00000, 2.00000, 119.00000000, 7928.00, 0.38578, '2012-07-01'),
(1646, 3, 23, 600, 7249662.00, 1.00000, 1.00000, 70.00000000, 3386.00, 0.95148, '2012-07-02'),
(1647, 3, 23, 600, 3108459.00, 1.00000, 1.00000, 90.00000000, 7765.00, 0.54728, '2012-07-03'),
(1648, 3, 23, 600, 4084524.00, 1.00000, 2.00000, 89.00000000, 1395.00, 0.39662, '2012-07-04'),
(1649, 3, 23, 600, 4677591.00, 1.00000, 2.00000, 71.00000000, 2846.00, 0.36639, '2012-07-05'),
(1650, 3, 23, 600, 9717750.00, 1.00000, 2.00000, 56.00000000, 6644.00, 0.52174, '2012-07-06'),
(1651, 3, 23, 600, 9007252.00, 1.00000, 2.00000, 62.00000000, 7458.00, 0.68873, '2012-07-07'),
(1652, 3, 23, 600, 6008924.00, 1.00000, 4.00000, 86.00000000, 3946.00, 0.61355, '2012-07-08'),
(1653, 3, 23, 600, 675975.00, 1.00000, 4.00000, 110.00000000, 337.00, 0.23452, '2012-07-09'),
(1654, 3, 23, 600, 5627732.00, 1.00000, 1.00000, 84.00000000, 4980.00, 0.26092, '2012-07-10'),
(1655, 3, 23, 600, 2059054.00, 1.00000, 1.00000, 105.00000000, 4779.00, 0.35162, '2012-07-11'),
(1656, 3, 23, 600, 4748307.00, 1.00000, 1.00000, 95.00000000, 5899.00, 0.31750, '2012-07-12'),
(1657, 3, 23, 600, 2207289.00, 1.00000, 3.00000, 71.00000000, 529.00, 0.57170, '2012-07-13'),
(1658, 3, 23, 600, 5422972.00, 1.00000, 1.00000, 67.00000000, 1422.00, 0.66989, '2012-07-14'),
(1659, 3, 23, 600, 604589.00, 1.00000, 4.00000, 92.00000000, 8515.00, 0.69006, '2012-07-15'),
(1660, 3, 23, 600, 3899240.00, 1.00000, 4.00000, 95.00000000, 5218.00, 0.70101, '2012-07-16'),
(1661, 3, 23, 600, 3269163.00, 1.00000, 2.00000, 95.00000000, 9421.00, 0.13987, '2012-07-17'),
(1662, 3, 23, 600, 5016801.00, 1.00000, 3.00000, 118.00000000, 4907.00, 0.50019, '2012-07-18'),
(1663, 3, 23, 600, 3483255.00, 1.00000, 1.00000, 115.00000000, 4551.00, 0.14758, '2012-07-19'),
(1664, 3, 23, 600, 3826881.00, 1.00000, 4.00000, 95.00000000, 1102.00, 0.20510, '2012-07-20'),
(1665, 3, 23, 600, 9315115.00, 1.00000, 3.00000, 88.00000000, 4742.00, 0.65000, '2012-07-21'),
(1666, 3, 23, 600, 7496094.00, 1.00000, 3.00000, 62.00000000, 8660.00, 0.65025, '2012-07-22'),
(1667, 3, 23, 600, 8306564.00, 1.00000, 4.00000, 108.00000000, 6338.00, 0.25907, '2012-07-23'),
(1668, 3, 23, 600, 9394589.00, 1.00000, 3.00000, 68.00000000, 1390.00, 0.76859, '2012-07-24'),
(1669, 3, 23, 600, 3555092.00, 1.00000, 4.00000, 114.00000000, 6001.00, 0.51940, '2012-07-25'),
(1670, 3, 23, 600, 8721937.00, 1.00000, 1.00000, 99.00000000, 7361.00, 0.23013, '2012-07-26'),
(1671, 3, 23, 600, 5156611.00, 1.00000, 3.00000, 106.00000000, 6936.00, 0.78675, '2012-07-27'),
(1672, 3, 23, 600, 7439791.00, 1.00000, 4.00000, 77.00000000, 6201.00, 0.42643, '2012-07-28'),
(1673, 3, 23, 600, 2341381.00, 1.00000, 3.00000, 115.00000000, 4180.00, 0.81214, '2012-07-29'),
(1674, 3, 23, 600, 2574072.00, 1.00000, 2.00000, 73.00000000, 7155.00, 0.63385, '2012-07-30'),
(1675, 3, 23, 600, 3098961.00, 1.00000, 4.00000, 117.00000000, 5575.00, 0.34341, '2012-07-31'),
(1676, 3, 23, 600, 8614063.00, 1.00000, 2.00000, 92.00000000, 8647.00, 0.64754, '2012-08-01'),
(1677, 3, 23, 600, 5740589.00, 1.00000, 3.00000, 84.00000000, 2700.00, 0.80235, '2012-08-02'),
(1678, 3, 23, 600, 3629542.00, 1.00000, 3.00000, 80.00000000, 1557.00, 0.94376, '2012-08-03'),
(1679, 3, 23, 600, 6457668.00, 1.00000, 1.00000, 58.00000000, 1373.00, 0.22467, '2012-08-04'),
(1680, 3, 23, 600, 2952860.00, 1.00000, 4.00000, 102.00000000, 45.00, 0.98293, '2012-08-05'),
(1681, 3, 23, 600, 4749868.00, 1.00000, 3.00000, 118.00000000, 9582.00, 0.55812, '2012-08-06'),
(1682, 3, 23, 600, 6575927.00, 1.00000, 4.00000, 96.00000000, 8126.00, 0.19486, '2012-08-07'),
(1683, 3, 23, 600, 7559075.00, 1.00000, 4.00000, 86.00000000, 2000.00, 0.19232, '2012-08-08'),
(1684, 3, 23, 600, 4353766.00, 1.00000, 3.00000, 94.00000000, 3266.00, 0.49688, '2012-08-09'),
(1685, 3, 23, 600, 555131.00, 1.00000, 4.00000, 63.00000000, 1927.00, 0.80022, '2012-08-10'),
(1686, 3, 23, 600, 9036006.00, 1.00000, 4.00000, 100.00000000, 13.00, 0.17423, '2012-08-11'),
(1687, 3, 23, 600, 3984987.00, 1.00000, 3.00000, 71.00000000, 3425.00, 0.38303, '2012-08-12'),
(1688, 3, 23, 600, 7324895.00, 1.00000, 1.00000, 98.00000000, 9974.00, 0.92978, '2012-08-13'),
(1689, 3, 23, 600, 3393700.00, 1.00000, 4.00000, 119.00000000, 9077.00, 0.63111, '2012-08-14'),
(1690, 3, 23, 600, 3631575.00, 1.00000, 2.00000, 114.00000000, 4342.00, 0.85655, '2012-08-15'),
(1691, 3, 23, 600, 1763622.00, 1.00000, 2.00000, 104.00000000, 9832.00, 0.43550, '2012-08-16'),
(1692, 3, 23, 600, 1529796.00, 1.00000, 4.00000, 81.00000000, 3563.00, 0.93160, '2012-08-17'),
(1693, 3, 23, 600, 6051758.00, 1.00000, 2.00000, 57.00000000, 1859.00, 0.68571, '2012-08-18'),
(1694, 3, 23, 600, 8324021.00, 1.00000, 2.00000, 52.00000000, 5357.00, 0.91649, '2012-08-19'),
(1695, 3, 23, 600, 4291926.00, 1.00000, 3.00000, 91.00000000, 5905.00, 0.89421, '2012-08-20'),
(1696, 3, 23, 600, 9852842.00, 1.00000, 1.00000, 54.00000000, 5294.00, 0.12178, '2012-08-21'),
(1697, 3, 23, 600, 2515103.00, 1.00000, 3.00000, 81.00000000, 9093.00, 0.12004, '2012-08-22'),
(1698, 3, 23, 600, 1894486.00, 1.00000, 4.00000, 70.00000000, 9137.00, 0.50373, '2012-08-23'),
(1699, 3, 23, 600, 8122620.00, 1.00000, 2.00000, 81.00000000, 7280.00, 0.89959, '2012-08-24'),
(1700, 3, 23, 600, 4940387.00, 1.00000, 4.00000, 73.00000000, 5640.00, 0.50410, '2012-08-25'),
(1701, 3, 23, 600, 5125913.00, 1.00000, 2.00000, 53.00000000, 3746.00, 0.31326, '2012-08-26'),
(1702, 3, 23, 600, 481850.00, 1.00000, 1.00000, 64.00000000, 8825.00, 0.35970, '2012-08-27'),
(1703, 3, 23, 600, 9618200.00, 1.00000, 4.00000, 65.00000000, 5076.00, 0.17375, '2012-08-28'),
(1704, 3, 23, 600, 9663419.00, 1.00000, 2.00000, 61.00000000, 3998.00, 0.95546, '2012-08-29'),
(1705, 3, 23, 600, 9002063.00, 1.00000, 1.00000, 93.00000000, 5273.00, 0.76658, '2012-08-30'),
(1706, 3, 23, 600, 3876630.00, 1.00000, 2.00000, 61.00000000, 2262.00, 0.46766, '2012-08-31'),
(1707, 3, 23, 600, 7907808.00, 1.00000, 4.00000, 82.00000000, 9901.00, 0.52979, '2012-09-01'),
(1708, 3, 23, 600, 8316593.00, 1.00000, 2.00000, 84.00000000, 526.00, 0.63380, '2012-09-02'),
(1709, 3, 23, 600, 2424559.00, 1.00000, 4.00000, 108.00000000, 8295.00, 0.85582, '2012-09-03'),
(1710, 3, 23, 600, 7869021.00, 1.00000, 2.00000, 90.00000000, 526.00, 0.58350, '2012-09-04'),
(1711, 3, 23, 600, 6919467.00, 1.00000, 1.00000, 50.00000000, 8087.00, 0.45078, '2012-09-05'),
(1712, 3, 23, 600, 2132601.00, 1.00000, 4.00000, 119.00000000, 7696.00, 0.70824, '2012-09-06'),
(1713, 3, 23, 600, 8766909.00, 1.00000, 2.00000, 65.00000000, 6279.00, 0.27859, '2012-09-07'),
(1714, 3, 23, 600, 2925390.00, 1.00000, 4.00000, 85.00000000, 6952.00, 0.82520, '2012-09-08'),
(1715, 3, 23, 600, 9084251.00, 1.00000, 1.00000, 79.00000000, 339.00, 0.73905, '2012-09-09'),
(1716, 3, 23, 600, 5628182.00, 1.00000, 1.00000, 64.00000000, 2696.00, 0.50421, '2012-09-10'),
(1717, 3, 23, 600, 5188663.00, 1.00000, 1.00000, 80.00000000, 3809.00, 0.77614, '2012-09-11'),
(1718, 3, 23, 600, 1800269.00, 1.00000, 3.00000, 65.00000000, 4606.00, 0.70468, '2012-09-12'),
(1719, 3, 23, 600, 8583835.00, 1.00000, 3.00000, 54.00000000, 9514.00, 0.43260, '2012-09-13'),
(1720, 3, 23, 600, 3135851.00, 1.00000, 3.00000, 51.00000000, 6710.00, 0.98412, '2012-09-14'),
(1721, 3, 23, 600, 7283475.00, 1.00000, 2.00000, 56.00000000, 4901.00, 0.15858, '2012-09-15'),
(1722, 3, 23, 600, 8187107.00, 1.00000, 1.00000, 95.00000000, 4104.00, 0.21737, '2012-09-16'),
(1723, 3, 23, 600, 8824810.00, 1.00000, 4.00000, 62.00000000, 8694.00, 0.42832, '2012-09-17'),
(1724, 3, 23, 600, 6078083.00, 1.00000, 1.00000, 71.00000000, 9898.00, 0.89889, '2012-09-18'),
(1725, 3, 23, 600, 791037.00, 1.00000, 4.00000, 96.00000000, 3606.00, 0.79425, '2012-09-19'),
(1726, 3, 23, 600, 3849899.00, 1.00000, 2.00000, 84.00000000, 6383.00, 0.84983, '2012-09-20'),
(1727, 3, 23, 600, 9225837.00, 1.00000, 4.00000, 55.00000000, 8823.00, 0.61154, '2012-09-21'),
(1728, 3, 23, 600, 6200881.00, 1.00000, 1.00000, 116.00000000, 9856.00, 0.66646, '2012-09-22'),
(1729, 3, 23, 600, 1860717.00, 1.00000, 3.00000, 81.00000000, 5189.00, 0.30069, '2012-09-23'),
(1730, 3, 23, 600, 6418075.00, 1.00000, 4.00000, 77.00000000, 8325.00, 0.79152, '2012-09-24'),
(1731, 3, 23, 600, 5183464.00, 1.00000, 3.00000, 60.00000000, 691.00, 0.95379, '2012-09-25'),
(1732, 3, 23, 600, 2420380.00, 1.00000, 3.00000, 117.00000000, 720.00, 0.94551, '2012-09-26'),
(1733, 3, 23, 600, 7920578.00, 1.00000, 3.00000, 101.00000000, 2737.00, 0.35384, '2012-09-27'),
(1734, 3, 23, 600, 6669238.00, 1.00000, 3.00000, 64.00000000, 2187.00, 0.39380, '2012-09-28'),
(1735, 3, 23, 600, 2372937.00, 1.00000, 2.00000, 71.00000000, 9591.00, 0.24067, '2012-09-29'),
(1736, 3, 23, 600, 113022.00, 1.00000, 4.00000, 60.00000000, 5276.00, 0.50763, '2012-09-30'),
(1737, 3, 23, 600, 6280758.00, 1.00000, 1.00000, 103.00000000, 1541.00, 0.54827, '2012-10-01'),
(1738, 3, 23, 600, 5573337.00, 1.00000, 3.00000, 77.00000000, 9332.00, 0.90405, '2012-10-02'),
(1739, 3, 23, 600, 9642854.00, 1.00000, 2.00000, 99.00000000, 487.00, 0.22078, '2012-10-03'),
(1740, 3, 23, 600, 6308772.00, 1.00000, 3.00000, 61.00000000, 6133.00, 0.86442, '2012-10-04'),
(1741, 3, 23, 600, 8553039.00, 1.00000, 1.00000, 72.00000000, 1116.00, 0.95619, '2012-10-05'),
(1742, 3, 23, 600, 2033285.00, 1.00000, 4.00000, 101.00000000, 1657.00, 0.51410, '2012-10-06'),
(1743, 3, 23, 600, 6891375.00, 1.00000, 2.00000, 56.00000000, 1352.00, 0.22603, '2012-10-07'),
(1744, 3, 23, 600, 756842.00, 1.00000, 4.00000, 109.00000000, 4804.00, 0.81619, '2012-10-08'),
(1745, 3, 23, 600, 9233982.00, 1.00000, 2.00000, 54.00000000, 494.00, 0.55776, '2012-10-09'),
(1746, 3, 23, 600, 5469319.00, 1.00000, 3.00000, 88.00000000, 9665.00, 0.62694, '2012-10-10'),
(1747, 3, 23, 600, 1289967.00, 1.00000, 3.00000, 59.00000000, 913.00, 0.48695, '2012-10-11'),
(1748, 3, 23, 600, 5118354.00, 1.00000, 3.00000, 60.00000000, 4182.00, 0.60495, '2012-10-12'),
(1749, 3, 23, 600, 6892526.00, 1.00000, 4.00000, 85.00000000, 3242.00, 0.61978, '2012-10-13'),
(1750, 3, 23, 600, 8148929.00, 1.00000, 1.00000, 95.00000000, 8409.00, 0.79080, '2012-10-14'),
(1751, 3, 23, 600, 137959.00, 1.00000, 1.00000, 70.00000000, 6565.00, 0.88430, '2012-10-15'),
(1752, 3, 23, 600, 9908588.00, 1.00000, 3.00000, 69.00000000, 5761.00, 0.33319, '2012-10-16'),
(1753, 3, 23, 600, 8722216.00, 1.00000, 1.00000, 103.00000000, 2409.00, 0.37550, '2012-10-17'),
(1754, 3, 23, 600, 7745194.00, 1.00000, 4.00000, 57.00000000, 3401.00, 0.32136, '2012-10-18'),
(1755, 3, 23, 600, 4423660.00, 1.00000, 1.00000, 71.00000000, 7526.00, 0.78557, '2012-10-19'),
(1756, 3, 23, 600, 5992265.00, 1.00000, 3.00000, 59.00000000, 2861.00, 0.39791, '2012-10-20'),
(1757, 3, 23, 600, 7510763.00, 1.00000, 1.00000, 89.00000000, 4308.00, 0.99349, '2012-10-21'),
(1758, 3, 23, 600, 9244075.00, 1.00000, 3.00000, 65.00000000, 6173.00, 0.98517, '2012-10-22'),
(1759, 3, 23, 600, 3197976.00, 1.00000, 2.00000, 112.00000000, 8616.00, 0.19507, '2012-10-23'),
(1760, 3, 23, 600, 7217952.00, 1.00000, 3.00000, 97.00000000, 653.00, 0.61640, '2012-10-24'),
(1761, 3, 23, 600, 6616299.00, 1.00000, 2.00000, 51.00000000, 5066.00, 0.70350, '2012-10-25'),
(1762, 3, 23, 600, 2170924.00, 1.00000, 4.00000, 94.00000000, 382.00, 0.79028, '2012-10-26'),
(1763, 3, 23, 600, 8888151.00, 1.00000, 4.00000, 102.00000000, 6115.00, 0.94638, '2012-10-27'),
(1764, 3, 23, 600, 5931718.00, 1.00000, 1.00000, 97.00000000, 4063.00, 0.15990, '2012-10-28'),
(1765, 3, 23, 600, 2250842.00, 1.00000, 1.00000, 81.00000000, 2050.00, 0.82248, '2012-10-29'),
(1766, 3, 23, 600, 9854146.00, 1.00000, 2.00000, 112.00000000, 9554.00, 0.72038, '2012-10-30'),
(1767, 3, 23, 600, 533266.00, 1.00000, 2.00000, 101.00000000, 899.00, 0.12500, '2012-10-31'),
(1768, 3, 23, 600, 9191197.00, 1.00000, 2.00000, 92.00000000, 1104.00, 0.24600, '2012-11-01'),
(1769, 3, 23, 600, 8435081.00, 1.00000, 3.00000, 73.00000000, 273.00, 0.95727, '2012-11-02'),
(1770, 3, 23, 600, 4170784.00, 1.00000, 4.00000, 87.00000000, 7733.00, 0.73542, '2012-11-03'),
(1771, 3, 23, 600, 815492.00, 1.00000, 3.00000, 54.00000000, 3853.00, 0.84380, '2012-11-04'),
(1772, 3, 23, 600, 8109837.00, 1.00000, 4.00000, 113.00000000, 6561.00, 0.36187, '2012-11-05'),
(1773, 3, 23, 600, 288673.00, 1.00000, 2.00000, 92.00000000, 5949.00, 0.70511, '2012-11-06'),
(1774, 3, 23, 600, 8824577.00, 1.00000, 2.00000, 109.00000000, 3414.00, 0.95313, '2012-11-07'),
(1775, 3, 23, 600, 6503625.00, 1.00000, 1.00000, 96.00000000, 2038.00, 0.10262, '2012-11-08'),
(1776, 3, 23, 600, 5392919.00, 1.00000, 2.00000, 104.00000000, 299.00, 0.70795, '2012-11-09'),
(1777, 3, 23, 600, 8460723.00, 1.00000, 1.00000, 74.00000000, 7840.00, 0.97365, '2012-11-10'),
(1778, 3, 23, 600, 3412488.00, 1.00000, 4.00000, 113.00000000, 8114.00, 0.91185, '2012-11-11'),
(1779, 3, 23, 600, 7433187.00, 1.00000, 2.00000, 98.00000000, 1188.00, 0.34961, '2012-11-12'),
(1780, 3, 23, 600, 1744465.00, 1.00000, 3.00000, 104.00000000, 8306.00, 0.42599, '2012-11-13'),
(1781, 3, 23, 600, 8983275.00, 1.00000, 3.00000, 50.00000000, 502.00, 0.84490, '2012-11-14'),
(1782, 3, 23, 600, 139544.00, 1.00000, 1.00000, 67.00000000, 1141.00, 0.24037, '2012-11-15'),
(1783, 3, 23, 600, 7563406.00, 1.00000, 4.00000, 57.00000000, 8475.00, 0.64818, '2012-11-16'),
(1784, 3, 23, 600, 3710369.00, 1.00000, 2.00000, 51.00000000, 8314.00, 0.62384, '2012-11-17'),
(1785, 3, 23, 600, 6181450.00, 1.00000, 2.00000, 98.00000000, 3700.00, 0.90330, '2012-11-18'),
(1786, 3, 23, 600, 1821784.00, 1.00000, 1.00000, 75.00000000, 4907.00, 0.81160, '2012-11-19'),
(1787, 3, 23, 600, 4948521.00, 1.00000, 2.00000, 118.00000000, 6299.00, 0.20199, '2012-11-20'),
(1788, 3, 23, 600, 4021106.00, 1.00000, 4.00000, 113.00000000, 9416.00, 0.51838, '2012-11-21'),
(1789, 3, 23, 600, 3491941.00, 1.00000, 3.00000, 75.00000000, 4969.00, 0.88774, '2012-11-22'),
(1790, 3, 23, 600, 1899864.00, 1.00000, 4.00000, 94.00000000, 2229.00, 0.44854, '2012-11-23'),
(1791, 3, 23, 600, 1730505.00, 1.00000, 1.00000, 74.00000000, 7077.00, 0.58827, '2012-11-24'),
(1792, 3, 23, 600, 2242340.00, 1.00000, 1.00000, 62.00000000, 3508.00, 0.93640, '2012-11-25'),
(1793, 3, 23, 600, 4269630.00, 1.00000, 1.00000, 106.00000000, 5020.00, 0.50655, '2012-11-26'),
(1794, 3, 23, 600, 466509.00, 1.00000, 3.00000, 56.00000000, 2788.00, 0.27330, '2012-11-27'),
(1795, 3, 23, 600, 8647538.00, 1.00000, 1.00000, 118.00000000, 4974.00, 0.87275, '2012-11-28'),
(1796, 3, 23, 600, 9680229.00, 1.00000, 3.00000, 52.00000000, 4052.00, 0.21990, '2012-11-29'),
(1797, 3, 23, 600, 1007993.00, 1.00000, 4.00000, 76.00000000, 9254.00, 0.18101, '2012-11-30'),
(1798, 3, 23, 600, 9405732.00, 1.00000, 2.00000, 70.00000000, 4587.00, 0.53965, '2012-12-01'),
(1799, 3, 23, 600, 3729488.00, 1.00000, 3.00000, 99.00000000, 6684.00, 0.43340, '2012-12-02'),
(1800, 3, 23, 600, 789269.00, 1.00000, 3.00000, 104.00000000, 1197.00, 0.20156, '2012-12-03'),
(1801, 3, 23, 600, 1433564.00, 1.00000, 2.00000, 54.00000000, 7005.00, 0.72223, '2012-12-04'),
(1802, 3, 23, 600, 7899205.00, 1.00000, 4.00000, 64.00000000, 2687.00, 0.17403, '2012-12-05'),
(1803, 3, 23, 600, 9974531.00, 1.00000, 3.00000, 88.00000000, 5215.00, 0.87491, '2012-12-06'),
(1804, 3, 23, 600, 8269376.00, 1.00000, 2.00000, 64.00000000, 4031.00, 0.41730, '2012-12-07'),
(1805, 3, 23, 600, 9970358.00, 1.00000, 4.00000, 101.00000000, 171.00, 0.71053, '2012-12-08'),
(1806, 3, 23, 600, 8964030.00, 1.00000, 2.00000, 116.00000000, 2602.00, 0.33700, '2012-12-09'),
(1807, 3, 23, 600, 5809854.00, 1.00000, 2.00000, 115.00000000, 9630.00, 0.17293, '2012-12-10'),
(1808, 3, 23, 600, 7739456.00, 1.00000, 4.00000, 99.00000000, 7205.00, 0.12738, '2012-12-11'),
(1809, 3, 23, 600, 1571176.00, 1.00000, 2.00000, 106.00000000, 4397.00, 0.46024, '2012-12-12'),
(1810, 3, 23, 600, 5617721.00, 1.00000, 1.00000, 62.00000000, 7150.00, 0.84200, '2012-12-13'),
(1811, 3, 23, 600, 2297854.00, 1.00000, 2.00000, 75.00000000, 3331.00, 0.34681, '2012-12-14'),
(1812, 3, 23, 600, 5973699.00, 1.00000, 1.00000, 106.00000000, 5340.00, 0.47377, '2012-12-15'),
(1813, 3, 23, 600, 5500217.00, 1.00000, 4.00000, 56.00000000, 7077.00, 0.42684, '2012-12-16'),
(1814, 3, 23, 600, 2577620.00, 1.00000, 4.00000, 108.00000000, 6199.00, 0.27837, '2012-12-17'),
(1815, 3, 23, 600, 650193.00, 1.00000, 3.00000, 64.00000000, 9423.00, 0.98561, '2012-12-18'),
(1816, 3, 23, 600, 8889300.00, 1.00000, 1.00000, 50.00000000, 2477.00, 0.41247, '2012-12-19'),
(1817, 3, 23, 600, 2281244.00, 1.00000, 1.00000, 97.00000000, 1682.00, 0.83670, '2012-12-20'),
(1818, 3, 23, 600, 8234658.00, 1.00000, 1.00000, 91.00000000, 4637.00, 0.40775, '2012-12-21'),
(1819, 3, 23, 600, 4840956.00, 1.00000, 3.00000, 65.00000000, 2816.00, 0.35270, '2012-12-22'),
(1820, 3, 23, 600, 3317372.00, 1.00000, 4.00000, 54.00000000, 3786.00, 0.80377, '2012-12-23'),
(1821, 3, 23, 600, 5844838.00, 1.00000, 3.00000, 61.00000000, 2238.00, 0.39081, '2012-12-24'),
(1822, 3, 23, 600, 4153183.00, 1.00000, 1.00000, 111.00000000, 573.00, 0.32756, '2012-12-25'),
(1823, 3, 23, 600, 5025687.00, 1.00000, 1.00000, 73.00000000, 533.00, 0.15138, '2012-12-26'),
(1824, 3, 23, 600, 5678106.00, 1.00000, 3.00000, 65.00000000, 166.00, 0.32953, '2012-12-27'),
(1825, 3, 23, 600, 8219574.00, 1.00000, 2.00000, 100.00000000, 5785.00, 0.18009, '2012-12-28'),
(1826, 3, 23, 600, 5836145.00, 1.00000, 3.00000, 92.00000000, 1801.00, 0.16343, '2012-12-29'),
(1827, 3, 23, 600, 7225418.00, 1.00000, 1.00000, 103.00000000, 5592.00, 0.80674, '2012-12-30'),
(1828, 3, 23, 600, 8533943.00, 1.00000, 1.00000, 96.00000000, 6184.00, 0.86898, '2012-12-31'),
(1829, 3, 23, 600, 334378.00, 1.00000, 2.00000, 119.00000000, 5181.00, 0.53100, '2013-01-01'),
(1830, 3, 23, 600, 5979147.00, 1.00000, 2.00000, 106.00000000, 9963.00, 0.18370, '2013-01-02'),
(1831, 3, 23, 600, 1837713.00, 1.00000, 3.00000, 68.00000000, 8389.00, 0.48964, '2013-01-03'),
(1832, 3, 23, 600, 8391874.00, 1.00000, 4.00000, 56.00000000, 1736.00, 0.58826, '2013-01-04'),
(1833, 3, 23, 600, 6834609.00, 1.00000, 3.00000, 75.00000000, 6119.00, 0.50433, '2013-01-05'),
(1834, 3, 23, 600, 3065912.00, 1.00000, 2.00000, 92.00000000, 7826.00, 0.22093, '2013-01-06'),
(1835, 3, 23, 600, 3560780.00, 1.00000, 1.00000, 102.00000000, 8976.00, 0.61059, '2013-01-07'),
(1836, 3, 23, 600, 7034384.00, 1.00000, 4.00000, 111.00000000, 9124.00, 0.96440, '2013-01-08'),
(1837, 3, 23, 600, 1711573.00, 1.00000, 4.00000, 100.00000000, 5086.00, 0.79420, '2013-01-09'),
(1838, 3, 23, 600, 7147868.00, 1.00000, 1.00000, 98.00000000, 4279.00, 0.61977, '2013-01-10'),
(1839, 3, 23, 600, 9302304.00, 1.00000, 1.00000, 86.00000000, 2193.00, 0.34130, '2013-01-11'),
(1840, 3, 23, 600, 5144580.00, 1.00000, 4.00000, 109.00000000, 6724.00, 0.97044, '2013-01-12'),
(1841, 3, 23, 600, 9119030.00, 1.00000, 1.00000, 89.00000000, 9399.00, 0.84437, '2013-01-13'),
(1842, 3, 23, 600, 1687744.00, 1.00000, 2.00000, 91.00000000, 682.00, 0.64698, '2013-01-14'),
(1843, 3, 23, 600, 6630593.00, 1.00000, 1.00000, 109.00000000, 625.00, 0.55655, '2013-01-15'),
(1844, 3, 23, 600, 9430509.00, 1.00000, 4.00000, 93.00000000, 3971.00, 0.48454, '2013-01-16'),
(1845, 3, 23, 600, 8580527.00, 1.00000, 2.00000, 89.00000000, 8446.00, 0.66141, '2013-01-17'),
(1846, 3, 23, 600, 3067996.00, 1.00000, 2.00000, 64.00000000, 5314.00, 0.94731, '2013-01-18'),
(1847, 3, 23, 600, 665861.00, 1.00000, 1.00000, 113.00000000, 6469.00, 0.78633, '2013-01-19'),
(1848, 3, 23, 600, 3288531.00, 1.00000, 2.00000, 98.00000000, 888.00, 0.35750, '2013-01-20'),
(1849, 3, 23, 600, 3687136.00, 1.00000, 3.00000, 80.00000000, 8795.00, 0.72660, '2013-01-21'),
(1850, 3, 23, 600, 7126052.00, 1.00000, 1.00000, 75.00000000, 2804.00, 0.17300, '2013-01-22'),
(1851, 3, 23, 600, 353171.00, 1.00000, 1.00000, 59.00000000, 5080.00, 0.20454, '2013-01-23'),
(1852, 3, 23, 600, 6736194.00, 1.00000, 2.00000, 94.00000000, 9070.00, 0.97328, '2013-01-24'),
(1853, 3, 23, 600, 6671771.00, 1.00000, 1.00000, 59.00000000, 8072.00, 0.85627, '2013-01-25'),
(1854, 3, 23, 600, 2737470.00, 1.00000, 4.00000, 91.00000000, 331.00, 0.68255, '2013-01-26'),
(1855, 3, 23, 600, 3455525.00, 1.00000, 4.00000, 104.00000000, 1555.00, 0.89121, '2013-01-27'),
(1856, 3, 23, 600, 263016.00, 1.00000, 2.00000, 76.00000000, 7295.00, 0.36987, '2013-01-28'),
(1857, 3, 23, 600, 5976497.00, 1.00000, 2.00000, 94.00000000, 8657.00, 0.41111, '2013-01-29'),
(1858, 3, 23, 600, 1450812.00, 1.00000, 1.00000, 73.00000000, 838.00, 0.94778, '2013-01-30'),
(1859, 3, 23, 600, 4167286.00, 1.00000, 4.00000, 109.00000000, 8538.00, 0.96896, '2013-01-31'),
(1860, 3, 23, 600, 2759211.00, 1.00000, 2.00000, 118.00000000, 9265.00, 0.59446, '2013-02-01'),
(1861, 3, 23, 600, 171429.00, 1.00000, 4.00000, 83.00000000, 5400.00, 0.81657, '2013-02-02'),
(1862, 3, 23, 600, 7105010.00, 1.00000, 3.00000, 94.00000000, 3404.00, 0.90517, '2013-02-03'),
(1863, 3, 23, 600, 7219060.00, 1.00000, 1.00000, 109.00000000, 3650.00, 0.39435, '2013-02-04'),
(1864, 3, 23, 600, 5834180.00, 1.00000, 1.00000, 80.00000000, 2351.00, 0.69095, '2013-02-05'),
(1865, 3, 23, 600, 4281110.00, 1.00000, 2.00000, 60.00000000, 7211.00, 0.16194, '2013-02-06'),
(1866, 3, 23, 600, 5388500.00, 1.00000, 4.00000, 111.00000000, 1163.00, 0.92398, '2013-02-07'),
(1867, 3, 23, 600, 4422065.00, 1.00000, 3.00000, 117.00000000, 2867.00, 0.74029, '2013-02-08'),
(1868, 3, 23, 600, 3807988.00, 1.00000, 1.00000, 64.00000000, 1211.00, 0.44263, '2013-02-09'),
(1869, 3, 23, 600, 8754184.00, 1.00000, 2.00000, 79.00000000, 9051.00, 0.32605, '2013-02-10'),
(1870, 3, 23, 600, 2690307.00, 1.00000, 3.00000, 104.00000000, 4675.00, 0.23661, '2013-02-11'),
(1871, 3, 23, 600, 3383416.00, 1.00000, 4.00000, 93.00000000, 139.00, 0.54896, '2013-02-12'),
(1872, 3, 23, 600, 1217977.00, 1.00000, 2.00000, 53.00000000, 5970.00, 0.56570, '2013-02-13'),
(1873, 3, 23, 600, 7625429.00, 1.00000, 4.00000, 94.00000000, 4086.00, 0.87485, '2013-02-14'),
(1874, 3, 23, 600, 6461880.00, 1.00000, 1.00000, 57.00000000, 5424.00, 0.79651, '2013-02-15'),
(1875, 3, 23, 600, 4797642.00, 1.00000, 4.00000, 109.00000000, 6359.00, 0.24350, '2013-02-16'),
(1876, 3, 23, 600, 9724485.00, 1.00000, 3.00000, 96.00000000, 4148.00, 0.94805, '2013-02-17'),
(1877, 3, 23, 600, 8726640.00, 1.00000, 4.00000, 50.00000000, 7738.00, 0.72836, '2013-02-18'),
(1878, 3, 23, 600, 7069077.00, 1.00000, 4.00000, 60.00000000, 8130.00, 0.52723, '2013-02-19'),
(1879, 3, 23, 600, 9951807.00, 1.00000, 2.00000, 52.00000000, 416.00, 0.75787, '2013-02-20'),
(1880, 3, 23, 600, 1213083.00, 1.00000, 2.00000, 50.00000000, 3265.00, 0.13974, '2013-02-21'),
(1881, 3, 23, 600, 5653170.00, 1.00000, 1.00000, 119.00000000, 1638.00, 0.22547, '2013-02-22'),
(1882, 3, 23, 600, 4220683.00, 1.00000, 4.00000, 114.00000000, 2211.00, 0.63524, '2013-02-23'),
(1883, 3, 23, 600, 1291896.00, 1.00000, 4.00000, 89.00000000, 4721.00, 0.37455, '2013-02-24'),
(1884, 3, 23, 600, 6672448.00, 1.00000, 4.00000, 119.00000000, 2460.00, 0.41887, '2013-02-25'),
(1885, 3, 23, 600, 7200818.00, 1.00000, 1.00000, 51.00000000, 250.00, 0.81623, '2013-02-26'),
(1886, 3, 23, 600, 3051601.00, 1.00000, 3.00000, 61.00000000, 8578.00, 0.67270, '2013-02-27'),
(1887, 3, 23, 600, 1810399.00, 1.00000, 2.00000, 97.00000000, 9149.00, 0.38828, '2013-02-28'),
(1888, 3, 23, 600, 3568118.00, 1.00000, 2.00000, 87.00000000, 6518.00, 0.56668, '2013-03-01'),
(1889, 3, 23, 600, 9352807.00, 1.00000, 1.00000, 50.00000000, 6838.00, 0.74919, '2013-03-02'),
(1890, 3, 23, 600, 521571.00, 1.00000, 4.00000, 106.00000000, 5556.00, 0.39869, '2013-03-03'),
(1891, 3, 23, 600, 7348270.00, 1.00000, 3.00000, 62.00000000, 9908.00, 0.69352, '2013-03-04'),
(1892, 3, 23, 600, 3516637.00, 1.00000, 2.00000, 100.00000000, 8399.00, 0.26152, '2013-03-05'),
(1893, 3, 23, 600, 9700978.00, 1.00000, 1.00000, 113.00000000, 849.00, 0.47380, '2013-03-06'),
(1894, 3, 23, 600, 6774665.00, 1.00000, 1.00000, 110.00000000, 8364.00, 0.29910, '2013-03-07'),
(1895, 3, 23, 600, 3607177.00, 1.00000, 4.00000, 70.00000000, 1484.00, 0.29339, '2013-03-08'),
(1896, 3, 23, 600, 257039.00, 1.00000, 4.00000, 72.00000000, 1251.00, 0.21770, '2013-03-09'),
(1897, 3, 23, 600, 1986693.00, 1.00000, 2.00000, 94.00000000, 9028.00, 0.35538, '2013-03-10'),
(1898, 3, 23, 600, 5201223.00, 1.00000, 3.00000, 102.00000000, 9987.00, 0.27390, '2013-03-11'),
(1899, 3, 23, 600, 1106718.00, 1.00000, 4.00000, 96.00000000, 7447.00, 0.59286, '2013-03-12'),
(1900, 3, 23, 600, 1467677.00, 1.00000, 1.00000, 63.00000000, 7277.00, 0.65543, '2013-03-13'),
(1901, 3, 23, 600, 7993999.00, 1.00000, 1.00000, 101.00000000, 1078.00, 0.48727, '2013-03-14'),
(1902, 3, 23, 600, 4250041.00, 1.00000, 2.00000, 52.00000000, 923.00, 0.40800, '2013-03-15'),
(1903, 3, 23, 600, 5114340.00, 1.00000, 3.00000, 101.00000000, 6576.00, 0.75602, '2013-03-16'),
(1904, 3, 23, 600, 2668875.00, 1.00000, 4.00000, 55.00000000, 928.00, 0.33904, '2013-03-17'),
(1905, 3, 23, 600, 971839.00, 1.00000, 1.00000, 68.00000000, 8977.00, 0.59446, '2013-03-18'),
(1906, 3, 23, 600, 9097231.00, 1.00000, 3.00000, 93.00000000, 3778.00, 0.87737, '2013-03-19'),
(1907, 3, 23, 600, 931342.00, 1.00000, 1.00000, 110.00000000, 3886.00, 0.83732, '2013-03-20'),
(1908, 3, 23, 600, 5428489.00, 1.00000, 2.00000, 76.00000000, 5914.00, 0.29646, '2013-03-21'),
(1909, 3, 23, 600, 7934691.00, 1.00000, 1.00000, 95.00000000, 9593.00, 0.47886, '2013-03-22'),
(1910, 3, 23, 600, 3989958.00, 1.00000, 1.00000, 114.00000000, 293.00, 0.43712, '2013-03-23'),
(1911, 3, 23, 600, 1040788.00, 1.00000, 3.00000, 94.00000000, 2290.00, 0.38481, '2013-03-24'),
(1912, 3, 23, 600, 1653061.00, 1.00000, 4.00000, 89.00000000, 7276.00, 0.27254, '2013-03-25'),
(1913, 3, 23, 600, 3414446.00, 1.00000, 2.00000, 105.00000000, 8989.00, 0.48627, '2013-03-26'),
(1914, 3, 23, 600, 1926012.00, 1.00000, 2.00000, 58.00000000, 442.00, 0.19863, '2013-03-27'),
(1915, 3, 23, 600, 4226577.00, 1.00000, 3.00000, 116.00000000, 3150.00, 0.36859, '2013-03-28'),
(1916, 3, 23, 600, 546684.00, 1.00000, 2.00000, 118.00000000, 851.00, 0.25747, '2013-03-29'),
(1917, 3, 23, 600, 9732232.00, 1.00000, 2.00000, 113.00000000, 5431.00, 0.32842, '2013-03-30'),
(1918, 3, 23, 600, 5816420.00, 1.00000, 1.00000, 92.00000000, 8207.00, 0.95822, '2013-03-31'),
(1919, 3, 23, 600, 8190178.00, 1.00000, 3.00000, 106.00000000, 2786.00, 0.46269, '2013-04-01'),
(1920, 3, 23, 600, 4671671.00, 1.00000, 3.00000, 102.00000000, 5721.00, 0.71221, '2013-04-02'),
(1921, 3, 23, 600, 8161247.00, 1.00000, 3.00000, 89.00000000, 5801.00, 0.59701, '2013-04-03'),
(1922, 3, 23, 600, 9646278.00, 1.00000, 4.00000, 95.00000000, 3052.00, 0.70020, '2013-04-04'),
(1923, 3, 23, 600, 5528601.00, 1.00000, 4.00000, 82.00000000, 1781.00, 0.38208, '2013-04-05'),
(1924, 3, 23, 600, 9354708.00, 1.00000, 2.00000, 109.00000000, 7889.00, 0.29100, '2013-04-06'),
(1925, 3, 23, 600, 6487559.00, 1.00000, 2.00000, 52.00000000, 1396.00, 0.36038, '2013-04-07'),
(1926, 3, 23, 600, 9716571.00, 1.00000, 4.00000, 113.00000000, 2591.00, 0.55932, '2013-04-08'),
(1927, 3, 23, 600, 9194048.00, 1.00000, 2.00000, 100.00000000, 8985.00, 0.14696, '2013-04-09'),
(1928, 3, 23, 600, 732325.00, 1.00000, 2.00000, 95.00000000, 8772.00, 0.41928, '2013-04-10'),
(1929, 3, 23, 600, 6811415.00, 1.00000, 4.00000, 117.00000000, 4517.00, 0.45400, '2013-04-11'),
(1930, 3, 23, 600, 344247.00, 1.00000, 1.00000, 71.00000000, 5503.00, 0.21642, '2013-04-12'),
(1931, 3, 23, 600, 6595461.00, 1.00000, 4.00000, 51.00000000, 1956.00, 0.86520, '2013-04-13'),
(1932, 3, 23, 600, 5952684.00, 1.00000, 3.00000, 90.00000000, 8912.00, 0.64685, '2013-04-14'),
(1933, 3, 23, 600, 8986354.00, 1.00000, 1.00000, 116.00000000, 4472.00, 0.98439, '2013-04-15'),
(1934, 3, 23, 600, 8911116.00, 1.00000, 3.00000, 56.00000000, 6037.00, 0.99327, '2013-04-16'),
(1935, 3, 23, 600, 2572149.00, 1.00000, 3.00000, 86.00000000, 7630.00, 0.98393, '2013-04-17'),
(1936, 3, 23, 600, 3272199.00, 1.00000, 2.00000, 55.00000000, 1786.00, 0.14122, '2013-04-18'),
(1937, 3, 23, 600, 8289716.00, 1.00000, 4.00000, 84.00000000, 4375.00, 0.46921, '2013-04-19'),
(1938, 3, 23, 600, 9662934.00, 1.00000, 1.00000, 79.00000000, 8276.00, 0.16907, '2013-04-20'),
(1939, 3, 23, 600, 6794428.00, 1.00000, 4.00000, 75.00000000, 1175.00, 0.86768, '2013-04-21'),
(1940, 3, 23, 600, 2497105.00, 1.00000, 4.00000, 105.00000000, 8522.00, 0.44176, '2013-04-22'),
(1941, 3, 23, 600, 6701566.00, 1.00000, 4.00000, 91.00000000, 2031.00, 0.92243, '2013-04-23'),
(1942, 3, 23, 600, 2734757.00, 1.00000, 4.00000, 119.00000000, 4350.00, 0.68596, '2013-04-24'),
(1943, 3, 23, 600, 3497175.00, 1.00000, 2.00000, 89.00000000, 5302.00, 0.57103, '2013-04-25'),
(1944, 3, 23, 600, 8053650.00, 1.00000, 3.00000, 63.00000000, 8737.00, 0.61871, '2013-04-26'),
(1945, 3, 23, 600, 3160666.00, 1.00000, 2.00000, 109.00000000, 9567.00, 0.58404, '2013-04-27'),
(1946, 3, 23, 600, 6778477.00, 1.00000, 4.00000, 96.00000000, 6057.00, 0.91842, '2013-04-28'),
(1947, 3, 23, 600, 3141432.00, 1.00000, 4.00000, 110.00000000, 666.00, 0.17419, '2013-04-29'),
(1948, 3, 23, 600, 3785249.00, 1.00000, 1.00000, 69.00000000, 7428.00, 0.86522, '2013-04-30'),
(1949, 3, 23, 600, 5916131.00, 1.00000, 2.00000, 77.00000000, 6923.00, 0.82103, '2013-05-01'),
(1950, 3, 23, 600, 2681428.00, 1.00000, 3.00000, 72.00000000, 281.00, 0.82125, '2013-05-02'),
(1951, 3, 23, 600, 6728958.00, 1.00000, 2.00000, 69.00000000, 5925.00, 0.34953, '2013-05-03'),
(1952, 3, 23, 600, 7848956.00, 1.00000, 4.00000, 74.00000000, 2142.00, 0.79917, '2013-05-04'),
(1953, 3, 23, 600, 1326163.00, 1.00000, 4.00000, 106.00000000, 6921.00, 0.28847, '2013-05-05'),
(1954, 3, 23, 600, 5078998.00, 1.00000, 1.00000, 54.00000000, 1188.00, 0.93760, '2013-05-06'),
(1955, 3, 23, 600, 4864488.00, 1.00000, 2.00000, 105.00000000, 9743.00, 0.26600, '2013-05-07'),
(1956, 3, 23, 600, 943757.00, 1.00000, 1.00000, 70.00000000, 7950.00, 0.90629, '2013-05-08'),
(1957, 3, 23, 600, 4155718.00, 1.00000, 4.00000, 117.00000000, 7162.00, 0.17346, '2013-05-09'),
(1958, 3, 23, 600, 2431360.00, 1.00000, 2.00000, 52.00000000, 3218.00, 0.63880, '2013-05-10'),
(1959, 3, 23, 600, 1114061.00, 1.00000, 2.00000, 78.00000000, 417.00, 0.43895, '2013-05-11'),
(1960, 3, 23, 600, 1926882.00, 1.00000, 2.00000, 79.00000000, 6699.00, 0.44679, '2013-05-12'),
(1961, 3, 23, 600, 2672125.00, 1.00000, 2.00000, 77.00000000, 6885.00, 0.16960, '2013-05-13'),
(1962, 3, 23, 600, 8891297.00, 1.00000, 4.00000, 53.00000000, 2825.00, 0.17238, '2013-05-14'),
(1963, 3, 23, 600, 5836923.00, 1.00000, 3.00000, 65.00000000, 2484.00, 0.33721, '2013-05-15'),
(1964, 3, 23, 600, 1658135.00, 1.00000, 1.00000, 114.00000000, 1660.00, 0.44200, '2013-05-16'),
(1965, 3, 23, 600, 8764356.00, 1.00000, 3.00000, 57.00000000, 1093.00, 0.31205, '2013-05-17'),
(1966, 3, 23, 600, 3527245.00, 1.00000, 4.00000, 119.00000000, 3795.00, 0.72210, '2013-05-18'),
(1967, 3, 23, 600, 9129347.00, 1.00000, 4.00000, 110.00000000, 349.00, 0.31855, '2013-05-19'),
(1968, 3, 23, 600, 8838520.00, 1.00000, 4.00000, 64.00000000, 1040.00, 0.43012, '2013-05-20'),
(1969, 3, 23, 600, 8176838.00, 1.00000, 4.00000, 82.00000000, 2759.00, 0.35659, '2013-05-21'),
(1970, 3, 23, 600, 2913266.00, 1.00000, 1.00000, 109.00000000, 4574.00, 0.73677, '2013-05-22'),
(1971, 3, 23, 600, 4867583.00, 1.00000, 2.00000, 52.00000000, 101.00, 0.60761, '2013-05-23'),
(1972, 3, 23, 600, 6642685.00, 1.00000, 2.00000, 84.00000000, 7015.00, 0.27635, '2013-05-24'),
(1973, 3, 23, 600, 1104531.00, 1.00000, 2.00000, 92.00000000, 4451.00, 0.68401, '2013-05-25'),
(1974, 3, 23, 600, 9621037.00, 1.00000, 3.00000, 93.00000000, 7590.00, 0.65828, '2013-05-26'),
(1975, 3, 23, 600, 7776595.00, 1.00000, 3.00000, 109.00000000, 2643.00, 0.38423, '2013-05-27'),
(1976, 3, 23, 600, 1515954.00, 1.00000, 2.00000, 60.00000000, 4113.00, 0.22118, '2013-05-28'),
(1977, 3, 23, 600, 1015637.00, 1.00000, 1.00000, 88.00000000, 7656.00, 0.81560, '2013-05-29'),
(1978, 3, 23, 600, 4367372.00, 1.00000, 2.00000, 52.00000000, 8630.00, 0.81418, '2013-05-30'),
(1979, 3, 23, 600, 2883838.00, 1.00000, 1.00000, 111.00000000, 3415.00, 0.61381, '2013-05-31'),
(1980, 3, 23, 600, 3691759.00, 1.00000, 1.00000, 81.00000000, 2849.00, 0.26099, '2013-06-01'),
(1981, 3, 23, 600, 6815816.00, 1.00000, 2.00000, 80.00000000, 1915.00, 0.92265, '2013-06-02'),
(1982, 3, 23, 600, 1711565.00, 1.00000, 1.00000, 63.00000000, 8931.00, 0.30761, '2013-06-03'),
(1983, 3, 23, 600, 8124914.00, 1.00000, 1.00000, 61.00000000, 128.00, 0.98680, '2013-06-04'),
(1984, 3, 23, 600, 1368086.00, 1.00000, 2.00000, 109.00000000, 1745.00, 0.54191, '2013-06-05'),
(1985, 3, 23, 600, 3563868.00, 1.00000, 3.00000, 110.00000000, 6610.00, 0.79333, '2013-06-06'),
(1986, 3, 23, 600, 7071205.00, 1.00000, 1.00000, 79.00000000, 8510.00, 0.46500, '2013-06-07'),
(1987, 3, 23, 600, 3731951.00, 1.00000, 4.00000, 80.00000000, 9152.00, 0.66090, '2013-06-08'),
(1988, 3, 23, 600, 6443817.00, 1.00000, 4.00000, 96.00000000, 7950.00, 0.48958, '2013-06-09'),
(1989, 3, 23, 600, 7066138.00, 1.00000, 2.00000, 118.00000000, 3120.00, 0.55480, '2013-06-10'),
(1990, 3, 23, 600, 3386228.00, 1.00000, 1.00000, 67.00000000, 2096.00, 0.54927, '2013-06-11'),
(1991, 3, 23, 600, 854449.00, 1.00000, 2.00000, 88.00000000, 2294.00, 0.92050, '2013-06-12'),
(1992, 3, 23, 600, 2529390.00, 1.00000, 3.00000, 74.00000000, 9595.00, 0.89280, '2013-06-13'),
(1993, 3, 23, 600, 5174044.00, 1.00000, 4.00000, 59.00000000, 4653.00, 0.60100, '2013-06-14'),
(1994, 3, 23, 600, 4472634.00, 1.00000, 1.00000, 107.00000000, 9447.00, 0.37004, '2013-06-15'),
(1995, 3, 23, 600, 3816039.00, 1.00000, 3.00000, 104.00000000, 9029.00, 0.15720, '2013-06-16'),
(1996, 3, 23, 600, 5525062.00, 1.00000, 1.00000, 113.00000000, 7936.00, 0.99110, '2013-06-17'),
(1997, 3, 23, 600, 9997070.00, 1.00000, 2.00000, 108.00000000, 8208.00, 0.41032, '2013-06-18'),
(1998, 3, 23, 600, 9036892.00, 1.00000, 1.00000, 52.00000000, 1691.00, 0.85557, '2013-06-19'),
(1999, 3, 23, 600, 2539009.00, 1.00000, 2.00000, 101.00000000, 5562.00, 0.62144, '2013-06-20'),
(2000, 3, 23, 600, 1636284.00, 1.00000, 3.00000, 95.00000000, 2305.00, 0.62652, '2013-06-21'),
(2001, 3, 23, 600, 924163.00, 1.00000, 3.00000, 106.00000000, 2753.00, 0.79807, '2013-06-22'),
(2002, 3, 23, 600, 256107.00, 1.00000, 3.00000, 91.00000000, 7313.00, 0.98102, '2013-06-23'),
(2003, 3, 23, 600, 679529.00, 1.00000, 4.00000, 86.00000000, 5931.00, 0.66119, '2013-06-24'),
(2004, 3, 23, 600, 8499944.00, 1.00000, 1.00000, 84.00000000, 6245.00, 0.89015, '2013-06-25'),
(2005, 3, 23, 600, 582382.00, 1.00000, 4.00000, 106.00000000, 9776.00, 0.36146, '2013-06-26'),
(2006, 3, 23, 600, 4461375.00, 1.00000, 3.00000, 107.00000000, 6814.00, 0.26649, '2013-06-27'),
(2007, 3, 23, 600, 6762473.00, 1.00000, 4.00000, 71.00000000, 7865.00, 0.92448, '2013-06-28'),
(2008, 3, 23, 600, 4890384.00, 1.00000, 3.00000, 100.00000000, 3243.00, 0.66512, '2013-06-29'),
(2009, 3, 23, 600, 2948389.00, 1.00000, 2.00000, 51.00000000, 4455.00, 0.94554, '2013-06-30'),
(2010, 3, 23, 600, 8196846.00, 1.00000, 3.00000, 101.00000000, 2016.00, 0.14640, '2013-07-01'),
(2011, 3, 23, 600, 4159320.00, 1.00000, 4.00000, 77.00000000, 3950.00, 0.66820, '2013-07-02'),
(2012, 3, 23, 600, 2885300.00, 1.00000, 3.00000, 85.00000000, 970.00, 0.71954, '2013-07-03'),
(2013, 3, 23, 600, 2208016.00, 1.00000, 1.00000, 54.00000000, 2206.00, 0.39484, '2013-07-04'),
(2014, 3, 23, 600, 3559937.00, 1.00000, 4.00000, 50.00000000, 3356.00, 0.48777, '2013-07-05'),
(2015, 3, 23, 600, 6267356.00, 1.00000, 3.00000, 59.00000000, 5246.00, 0.15540, '2013-07-06'),
(2016, 3, 23, 600, 7782418.00, 1.00000, 3.00000, 104.00000000, 5251.00, 0.39270, '2013-07-07'),
(2017, 3, 23, 600, 4686918.00, 1.00000, 3.00000, 70.00000000, 191.00, 0.23325, '2013-07-08'),
(2018, 3, 23, 600, 2386051.00, 1.00000, 4.00000, 104.00000000, 5596.00, 0.43570, '2013-07-09'),
(2019, 3, 23, 600, 7486224.00, 1.00000, 4.00000, 113.00000000, 7545.00, 0.92290, '2013-07-10'),
(2020, 3, 23, 600, 7079976.00, 1.00000, 4.00000, 88.00000000, 4045.00, 0.11744, '2013-07-11'),
(2021, 3, 23, 600, 5255560.00, 1.00000, 2.00000, 89.00000000, 2071.00, 0.27496, '2013-07-12'),
(2022, 3, 23, 600, 4242236.00, 1.00000, 4.00000, 51.00000000, 3808.00, 0.44744, '2013-07-13'),
(2023, 3, 23, 600, 1232630.00, 1.00000, 3.00000, 59.00000000, 7930.00, 0.56851, '2013-07-14'),
(2024, 3, 23, 600, 3126479.00, 1.00000, 4.00000, 71.00000000, 6330.00, 0.49321, '2013-07-15'),
(2025, 3, 23, 600, 9144255.00, 1.00000, 1.00000, 105.00000000, 9104.00, 0.41208, '2013-07-16'),
(2026, 3, 23, 600, 5366625.00, 1.00000, 4.00000, 72.00000000, 8290.00, 0.91225, '2013-07-17'),
(2027, 3, 23, 600, 6906599.00, 1.00000, 1.00000, 70.00000000, 9707.00, 0.18345, '2013-07-18'),
(2028, 3, 23, 600, 5283363.00, 1.00000, 4.00000, 77.00000000, 9786.00, 0.97396, '2013-07-19'),
(2029, 3, 23, 600, 7035086.00, 1.00000, 1.00000, 67.00000000, 531.00, 0.93467, '2013-07-20'),
(2030, 3, 23, 600, 8840311.00, 1.00000, 2.00000, 106.00000000, 5061.00, 0.61400, '2013-07-21'),
(2031, 3, 23, 600, 4014485.00, 1.00000, 4.00000, 63.00000000, 7774.00, 0.74611, '2013-07-22'),
(2032, 3, 23, 600, 9308545.00, 1.00000, 1.00000, 55.00000000, 8525.00, 0.25287, '2013-07-23'),
(2033, 3, 23, 600, 7526066.00, 1.00000, 2.00000, 90.00000000, 7355.00, 0.33970, '2013-07-24'),
(2034, 3, 23, 600, 8402685.00, 1.00000, 2.00000, 60.00000000, 6254.00, 0.70120, '2013-07-25'),
(2035, 3, 23, 600, 8718024.00, 1.00000, 1.00000, 90.00000000, 5819.00, 0.40328, '2013-07-26'),
(2036, 3, 23, 600, 9707987.00, 1.00000, 1.00000, 57.00000000, 6133.00, 0.81709, '2013-07-27'),
(2037, 3, 23, 600, 8655191.00, 1.00000, 2.00000, 76.00000000, 4458.00, 0.42117, '2013-07-28'),
(2038, 3, 23, 600, 1013401.00, 1.00000, 1.00000, 78.00000000, 743.00, 0.68239, '2013-07-29'),
(2039, 3, 23, 600, 578330.00, 1.00000, 3.00000, 90.00000000, 52.00, 0.27462, '2013-07-30'),
(2040, 3, 23, 600, 1359581.00, 1.00000, 2.00000, 79.00000000, 1752.00, 0.50828, '2013-07-31'),
(2041, 3, 23, 600, 4047792.00, 1.00000, 1.00000, 114.00000000, 5359.00, 0.99557, '2013-08-01'),
(2042, 3, 23, 600, 9455929.00, 1.00000, 3.00000, 85.00000000, 9911.00, 0.41180, '2013-08-02'),
(2043, 3, 23, 600, 8162809.00, 1.00000, 2.00000, 87.00000000, 9309.00, 0.58235, '2013-08-03'),
(2044, 3, 23, 600, 6628277.00, 1.00000, 4.00000, 64.00000000, 2046.00, 0.76380, '2013-08-04'),
(2045, 3, 23, 600, 2088139.00, 1.00000, 2.00000, 50.00000000, 8442.00, 0.28300, '2013-08-05'),
(2046, 3, 23, 600, 688409.00, 1.00000, 4.00000, 115.00000000, 2565.00, 0.17179, '2013-08-06'),
(2047, 3, 23, 600, 1311475.00, 1.00000, 2.00000, 67.00000000, 7392.00, 0.22440, '2013-08-07'),
(2048, 3, 23, 600, 1796761.00, 1.00000, 1.00000, 59.00000000, 3178.00, 0.52570, '2013-08-08'),
(2049, 3, 23, 600, 6296996.00, 1.00000, 1.00000, 91.00000000, 1354.00, 0.54503, '2013-08-09'),
(2050, 3, 23, 600, 9095267.00, 1.00000, 3.00000, 93.00000000, 2056.00, 0.19994, '2013-08-10'),
(2051, 3, 23, 600, 8324222.00, 1.00000, 2.00000, 62.00000000, 841.00, 0.59707, '2013-08-11'),
(2052, 3, 23, 600, 3834361.00, 1.00000, 3.00000, 93.00000000, 1367.00, 0.14532, '2013-08-12'),
(2053, 3, 23, 600, 2204354.00, 1.00000, 4.00000, 103.00000000, 1131.00, 0.71710, '2013-08-13'),
(2054, 3, 23, 600, 9360641.00, 1.00000, 2.00000, 55.00000000, 6923.00, 0.52929, '2013-08-14'),
(2055, 3, 23, 600, 4596691.00, 1.00000, 1.00000, 83.00000000, 2551.00, 0.91485, '2013-08-15'),
(2056, 3, 23, 600, 8788604.00, 1.00000, 3.00000, 110.00000000, 7191.00, 0.31883, '2013-08-16'),
(2057, 3, 23, 600, 9991381.00, 1.00000, 4.00000, 108.00000000, 1803.00, 0.11722, '2013-08-17'),
(2058, 3, 23, 600, 3387554.00, 1.00000, 4.00000, 52.00000000, 14.00, 0.57921, '2013-08-18'),
(2059, 3, 23, 600, 4411838.00, 1.00000, 1.00000, 116.00000000, 5104.00, 0.15630, '2013-08-19'),
(2060, 3, 23, 600, 3576924.00, 1.00000, 1.00000, 100.00000000, 1357.00, 0.15672, '2013-08-20'),
(2061, 3, 23, 600, 1217399.00, 1.00000, 1.00000, 85.00000000, 9096.00, 0.75792, '2013-08-21'),
(2062, 3, 23, 600, 8150304.00, 1.00000, 4.00000, 105.00000000, 6537.00, 0.62448, '2013-08-22'),
(2063, 3, 23, 600, 6481123.00, 1.00000, 3.00000, 58.00000000, 2982.00, 0.86813, '2013-08-23'),
(2064, 3, 23, 600, 4579693.00, 1.00000, 3.00000, 53.00000000, 4188.00, 0.18877, '2013-08-24'),
(2065, 3, 23, 600, 651652.00, 1.00000, 2.00000, 84.00000000, 2305.00, 0.56595, '2013-08-25'),
(2066, 3, 23, 600, 203162.00, 1.00000, 4.00000, 61.00000000, 3396.00, 0.63129, '2013-08-26'),
(2067, 3, 23, 600, 6378450.00, 1.00000, 1.00000, 64.00000000, 2298.00, 0.64624, '2013-08-27'),
(2068, 3, 23, 600, 1535356.00, 1.00000, 1.00000, 50.00000000, 1183.00, 0.55169, '2013-08-28'),
(2069, 3, 23, 600, 3763156.00, 1.00000, 1.00000, 117.00000000, 2719.00, 0.63806, '2013-08-29'),
(2070, 3, 23, 600, 8933644.00, 1.00000, 2.00000, 94.00000000, 2928.00, 0.10437, '2013-08-30'),
(2071, 3, 23, 600, 4078917.00, 1.00000, 3.00000, 56.00000000, 9859.00, 0.26657, '2013-08-31'),
(2072, 3, 23, 600, 2496939.00, 1.00000, 4.00000, 96.00000000, 6245.00, 0.95599, '2013-09-01'),
(2073, 3, 23, 600, 3828557.00, 1.00000, 4.00000, 63.00000000, 3781.00, 0.40576, '2013-09-02'),
(2074, 3, 23, 600, 4072912.00, 1.00000, 1.00000, 64.00000000, 6865.00, 0.19737, '2013-09-03'),
(2075, 3, 23, 600, 9370903.00, 1.00000, 1.00000, 114.00000000, 3652.00, 0.62440, '2013-09-04'),
(2076, 3, 23, 600, 639986.00, 1.00000, 1.00000, 114.00000000, 2162.00, 0.28686, '2013-09-05'),
(2077, 3, 23, 600, 2231817.00, 1.00000, 1.00000, 68.00000000, 3760.00, 0.59717, '2013-09-06'),
(2078, 3, 23, 600, 7165772.00, 1.00000, 2.00000, 96.00000000, 5968.00, 0.20211, '2013-09-07'),
(2079, 3, 23, 600, 7819098.00, 1.00000, 2.00000, 56.00000000, 5136.00, 0.43470, '2013-09-08'),
(2080, 3, 23, 600, 1294517.00, 1.00000, 4.00000, 89.00000000, 9386.00, 0.97058, '2013-09-09'),
(2081, 3, 23, 600, 6135464.00, 1.00000, 3.00000, 112.00000000, 6657.00, 0.96083, '2013-09-10'),
(2082, 3, 23, 600, 5934207.00, 1.00000, 3.00000, 55.00000000, 7825.00, 0.20282, '2013-09-11'),
(2083, 3, 23, 600, 285754.00, 1.00000, 2.00000, 76.00000000, 7993.00, 0.51040, '2013-09-12'),
(2084, 3, 23, 600, 1552942.00, 1.00000, 1.00000, 118.00000000, 1418.00, 0.81375, '2013-09-13'),
(2085, 3, 23, 600, 4640671.00, 1.00000, 4.00000, 99.00000000, 8984.00, 0.42076, '2013-09-14'),
(2086, 3, 23, 600, 4420603.00, 1.00000, 2.00000, 110.00000000, 2484.00, 0.62667, '2013-09-15'),
(2087, 3, 23, 600, 913973.00, 1.00000, 1.00000, 92.00000000, 4631.00, 0.41600, '2013-09-16'),
(2088, 3, 23, 600, 8407556.00, 1.00000, 1.00000, 72.00000000, 6834.00, 0.42714, '2013-09-17'),
(2089, 3, 23, 600, 8265610.00, 1.00000, 3.00000, 57.00000000, 1810.00, 0.11017, '2013-09-18'),
(2090, 3, 23, 600, 5210397.00, 1.00000, 4.00000, 74.00000000, 1786.00, 0.95954, '2013-09-19'),
(2091, 3, 23, 600, 3317528.00, 1.00000, 1.00000, 94.00000000, 9244.00, 0.30282, '2013-09-20'),
(2092, 3, 23, 600, 4195058.00, 1.00000, 2.00000, 86.00000000, 2620.00, 0.54107, '2013-09-21'),
(2093, 3, 23, 600, 1044696.00, 1.00000, 2.00000, 58.00000000, 5207.00, 0.23539, '2013-09-22'),
(2094, 3, 23, 600, 5797407.00, 1.00000, 3.00000, 55.00000000, 4607.00, 0.52985, '2013-09-23'),
(2095, 3, 23, 600, 1445435.00, 1.00000, 1.00000, 119.00000000, 8900.00, 0.17257, '2013-09-24'),
(2096, 3, 23, 600, 8255045.00, 1.00000, 2.00000, 92.00000000, 4585.00, 0.59732, '2013-09-25'),
(2097, 3, 23, 600, 8509571.00, 1.00000, 3.00000, 104.00000000, 6383.00, 0.65777, '2013-09-26'),
(2098, 3, 23, 600, 8625151.00, 1.00000, 1.00000, 81.00000000, 938.00, 0.62058, '2013-09-27'),
(2099, 3, 23, 600, 4727793.00, 1.00000, 4.00000, 109.00000000, 2567.00, 0.96122, '2013-09-28'),
(2100, 3, 23, 600, 3210215.00, 1.00000, 2.00000, 110.00000000, 5351.00, 0.59367, '2013-09-29'),
(2101, 3, 23, 600, 216331.00, 1.00000, 1.00000, 94.00000000, 5138.00, 0.61286, '2013-09-30'),
(2102, 3, 23, 600, 7651743.00, 1.00000, 2.00000, 115.00000000, 3858.00, 0.81853, '2013-10-01'),
(2103, 3, 23, 600, 9892007.00, 1.00000, 1.00000, 73.00000000, 57.00, 0.92988, '2013-10-02'),
(2104, 3, 23, 600, 6248936.00, 1.00000, 3.00000, 88.00000000, 9260.00, 0.80829, '2013-10-03'),
(2105, 3, 23, 600, 1069624.00, 1.00000, 4.00000, 75.00000000, 296.00, 0.23702, '2013-10-04'),
(2106, 3, 23, 600, 8172701.00, 1.00000, 2.00000, 51.00000000, 5776.00, 0.80641, '2013-10-05'),
(2107, 3, 23, 600, 2641435.00, 1.00000, 4.00000, 111.00000000, 1355.00, 0.15647, '2013-10-06'),
(2108, 3, 23, 600, 4505208.00, 1.00000, 1.00000, 71.00000000, 9410.00, 0.96966, '2013-10-07'),
(2109, 3, 23, 600, 2867567.00, 1.00000, 3.00000, 64.00000000, 3538.00, 0.22691, '2013-10-08'),
(2110, 3, 23, 600, 2603383.00, 1.00000, 4.00000, 86.00000000, 5550.00, 0.88017, '2013-10-09'),
(2111, 3, 23, 600, 8019307.00, 1.00000, 2.00000, 62.00000000, 1261.00, 0.18432, '2013-10-10'),
(2112, 3, 23, 600, 7682829.00, 1.00000, 3.00000, 110.00000000, 9373.00, 0.32900, '2013-10-11'),
(2113, 3, 23, 600, 2477139.00, 1.00000, 1.00000, 60.00000000, 1175.00, 0.65550, '2013-10-12'),
(2114, 3, 23, 600, 2772082.00, 1.00000, 2.00000, 77.00000000, 4934.00, 0.34150, '2013-10-13'),
(2115, 3, 23, 600, 2672814.00, 1.00000, 3.00000, 50.00000000, 4182.00, 0.78902, '2013-10-14'),
(2116, 3, 23, 600, 4703334.00, 1.00000, 3.00000, 66.00000000, 6845.00, 0.65840, '2013-10-15'),
(2117, 3, 23, 600, 539299.00, 1.00000, 3.00000, 59.00000000, 3822.00, 0.34741, '2013-10-16'),
(2118, 3, 23, 600, 4796793.00, 1.00000, 1.00000, 98.00000000, 2410.00, 0.18847, '2013-10-17'),
(2119, 3, 23, 600, 2306329.00, 1.00000, 3.00000, 96.00000000, 2424.00, 0.92481, '2013-10-18'),
(2120, 3, 23, 600, 3457809.00, 1.00000, 3.00000, 93.00000000, 4714.00, 0.33357, '2013-10-19'),
(2121, 3, 23, 600, 3338459.00, 1.00000, 4.00000, 76.00000000, 5226.00, 0.78921, '2013-10-20'),
(2122, 3, 23, 600, 2016565.00, 1.00000, 3.00000, 83.00000000, 3161.00, 0.47070, '2013-10-21'),
(2123, 3, 23, 600, 5396405.00, 1.00000, 2.00000, 52.00000000, 8856.00, 0.15580, '2013-10-22'),
(2124, 3, 23, 600, 5524299.00, 1.00000, 4.00000, 89.00000000, 35.00, 0.42662, '2013-10-23'),
(2125, 3, 23, 600, 1176877.00, 1.00000, 2.00000, 113.00000000, 804.00, 0.68808, '2013-10-24'),
(2126, 3, 23, 600, 3025842.00, 1.00000, 2.00000, 95.00000000, 9309.00, 0.68553, '2013-10-25'),
(2127, 3, 23, 600, 5139729.00, 1.00000, 4.00000, 114.00000000, 3460.00, 0.69266, '2013-10-26'),
(2128, 3, 23, 600, 5399401.00, 1.00000, 4.00000, 113.00000000, 1243.00, 0.64415, '2013-10-27'),
(2129, 3, 23, 600, 3239320.00, 1.00000, 2.00000, 61.00000000, 6071.00, 0.50929, '2013-10-28'),
(2130, 3, 23, 600, 1118457.00, 1.00000, 1.00000, 113.00000000, 9838.00, 0.50399, '2013-10-29'),
(2131, 3, 23, 600, 8458942.00, 1.00000, 1.00000, 85.00000000, 9746.00, 0.67150, '2013-10-30'),
(2132, 3, 23, 600, 5717121.00, 1.00000, 2.00000, 71.00000000, 9449.00, 0.54854, '2013-10-31'),
(2133, 3, 23, 600, 8015730.00, 1.00000, 3.00000, 61.00000000, 7225.00, 0.27762, '2013-11-01'),
(2134, 3, 23, 600, 2202676.00, 1.00000, 2.00000, 117.00000000, 7487.00, 0.78508, '2013-11-02'),
(2135, 3, 23, 600, 4345582.00, 1.00000, 3.00000, 53.00000000, 7800.00, 0.81125, '2013-11-03'),
(2136, 3, 23, 600, 5198882.00, 1.00000, 4.00000, 77.00000000, 3385.00, 0.31801, '2013-11-04'),
(2137, 3, 23, 600, 6857915.00, 1.00000, 1.00000, 107.00000000, 125.00, 0.34522, '2013-11-05'),
(2138, 3, 23, 600, 9639387.00, 1.00000, 1.00000, 71.00000000, 3131.00, 0.18049, '2013-11-06'),
(2139, 3, 23, 600, 4167604.00, 1.00000, 2.00000, 73.00000000, 2287.00, 0.34597, '2013-11-07'),
(2140, 3, 23, 600, 1399819.00, 1.00000, 4.00000, 59.00000000, 6233.00, 0.77642, '2013-11-08'),
(2141, 3, 23, 600, 5652855.00, 1.00000, 2.00000, 95.00000000, 1314.00, 0.35714, '2013-11-09'),
(2142, 3, 23, 600, 7163434.00, 1.00000, 3.00000, 96.00000000, 3692.00, 0.61421, '2013-11-10'),
(2143, 3, 23, 600, 1776401.00, 1.00000, 1.00000, 88.00000000, 7183.00, 0.42364, '2013-11-11'),
(2144, 3, 23, 600, 1146111.00, 1.00000, 1.00000, 81.00000000, 4219.00, 0.16011, '2013-11-12'),
(2145, 3, 23, 600, 9634382.00, 1.00000, 4.00000, 92.00000000, 4621.00, 0.38240, '2013-11-13'),
(2146, 3, 23, 600, 6583394.00, 1.00000, 2.00000, 61.00000000, 9718.00, 0.48721, '2013-11-14'),
(2147, 3, 23, 600, 9346482.00, 1.00000, 4.00000, 71.00000000, 2145.00, 0.21691, '2013-11-15'),
(2148, 3, 23, 600, 313307.00, 1.00000, 3.00000, 73.00000000, 7861.00, 0.51518, '2013-11-16'),
(2149, 3, 23, 600, 8474476.00, 1.00000, 3.00000, 102.00000000, 1270.00, 0.79695, '2013-11-17'),
(2150, 3, 23, 600, 8195364.00, 1.00000, 1.00000, 70.00000000, 2200.00, 0.89298, '2013-11-18'),
(2151, 3, 23, 600, 4074769.00, 1.00000, 1.00000, 63.00000000, 7104.00, 0.60245, '2013-11-19'),
(2152, 3, 23, 600, 1161072.00, 1.00000, 2.00000, 77.00000000, 7392.00, 0.13861, '2013-11-20');
INSERT INTO `app_holdperf` (`id`, `holding_id`, `holding_category_id`, `month_id`, `nav`, `interest_rate`, `performance`, `current_price`, `no_of_units`, `weight`, `value_date`) VALUES
(2153, 3, 23, 600, 5368932.00, 1.00000, 2.00000, 103.00000000, 8807.00, 0.70011, '2013-11-21'),
(2154, 3, 23, 600, 8826130.00, 1.00000, 4.00000, 109.00000000, 6328.00, 0.51924, '2013-11-22'),
(2155, 3, 23, 600, 1356713.00, 1.00000, 2.00000, 61.00000000, 2968.00, 0.29547, '2013-11-23'),
(2156, 3, 23, 600, 1655423.00, 1.00000, 4.00000, 118.00000000, 8035.00, 0.31220, '2013-11-24'),
(2157, 3, 23, 600, 4236246.00, 1.00000, 4.00000, 112.00000000, 6404.00, 0.53097, '2013-11-25'),
(2158, 3, 23, 600, 1603016.00, 1.00000, 3.00000, 57.00000000, 3622.00, 0.60839, '2013-11-26'),
(2159, 3, 23, 600, 292110.00, 1.00000, 3.00000, 114.00000000, 7857.00, 0.77390, '2013-11-27'),
(2160, 3, 23, 600, 3063350.00, 1.00000, 3.00000, 90.00000000, 6211.00, 0.39301, '2013-11-28'),
(2161, 3, 23, 600, 8884288.00, 1.00000, 1.00000, 94.00000000, 5554.00, 0.88291, '2013-11-29'),
(2162, 3, 23, 600, 3557094.00, 1.00000, 3.00000, 65.00000000, 256.00, 0.57560, '2013-11-30'),
(2163, 3, 23, 600, 7727971.00, 1.00000, 2.00000, 62.00000000, 923.00, 0.93564, '2013-12-01'),
(2164, 3, 23, 600, 740424.00, 1.00000, 2.00000, 54.00000000, 6602.00, 0.11192, '2013-12-02'),
(2165, 3, 23, 600, 5071864.00, 1.00000, 3.00000, 75.00000000, 7014.00, 0.42553, '2013-12-03'),
(2166, 3, 23, 600, 3373112.00, 1.00000, 3.00000, 113.00000000, 7526.00, 0.56746, '2013-12-04'),
(2167, 3, 23, 600, 2527002.00, 1.00000, 1.00000, 73.00000000, 4998.00, 0.22283, '2013-12-05'),
(2168, 3, 23, 600, 7265993.00, 1.00000, 2.00000, 102.00000000, 7831.00, 0.20120, '2013-12-06'),
(2169, 3, 23, 600, 3770105.00, 1.00000, 4.00000, 117.00000000, 7604.00, 0.18669, '2013-12-07'),
(2170, 3, 23, 600, 8969590.00, 1.00000, 3.00000, 75.00000000, 3511.00, 0.13520, '2013-12-08'),
(2171, 3, 23, 600, 2686045.00, 1.00000, 2.00000, 59.00000000, 2013.00, 0.70482, '2013-12-09'),
(2172, 3, 23, 600, 6420424.00, 1.00000, 4.00000, 92.00000000, 7833.00, 0.25750, '2013-12-10'),
(2173, 3, 23, 600, 4382349.00, 1.00000, 3.00000, 101.00000000, 5665.00, 0.32082, '2013-12-11'),
(2174, 3, 23, 600, 1268316.00, 1.00000, 3.00000, 93.00000000, 6410.00, 0.38601, '2013-12-12'),
(2175, 3, 23, 600, 1207193.00, 1.00000, 3.00000, 98.00000000, 8587.00, 0.76346, '2013-12-13'),
(2176, 3, 23, 600, 7855114.00, 1.00000, 4.00000, 110.00000000, 2998.00, 0.92834, '2013-12-14'),
(2177, 3, 23, 600, 4139576.00, 1.00000, 3.00000, 52.00000000, 9803.00, 0.14552, '2013-12-15'),
(2178, 3, 23, 600, 8375621.00, 1.00000, 1.00000, 68.00000000, 2403.00, 0.93931, '2013-12-16'),
(2179, 3, 23, 600, 3418866.00, 1.00000, 1.00000, 52.00000000, 8635.00, 0.74492, '2013-12-17'),
(2180, 3, 23, 600, 3682442.00, 1.00000, 4.00000, 55.00000000, 3645.00, 0.59753, '2013-12-18'),
(2181, 3, 23, 600, 8154894.00, 1.00000, 2.00000, 64.00000000, 9100.00, 0.98443, '2013-12-19'),
(2182, 3, 23, 600, 2865348.00, 1.00000, 1.00000, 110.00000000, 5701.00, 0.78600, '2013-12-20'),
(2183, 3, 23, 600, 8105929.00, 1.00000, 4.00000, 85.00000000, 109.00, 0.27470, '2013-12-21'),
(2184, 3, 23, 600, 8537112.00, 1.00000, 3.00000, 87.00000000, 5603.00, 0.97460, '2013-12-22'),
(2185, 3, 23, 600, 2156146.00, 1.00000, 2.00000, 109.00000000, 8539.00, 0.78662, '2013-12-23'),
(2186, 3, 23, 600, 1838681.00, 1.00000, 3.00000, 60.00000000, 1463.00, 0.84063, '2013-12-24'),
(2187, 3, 23, 600, 3487486.00, 1.00000, 3.00000, 91.00000000, 5444.00, 0.70282, '2013-12-25'),
(2188, 3, 23, 600, 3404678.00, 1.00000, 3.00000, 92.00000000, 6630.00, 0.55030, '2013-12-26'),
(2189, 3, 23, 600, 2770635.00, 1.00000, 1.00000, 115.00000000, 3051.00, 0.30804, '2013-12-27'),
(2190, 3, 23, 600, 2747837.00, 1.00000, 1.00000, 101.00000000, 7891.00, 0.71678, '2013-12-28'),
(2191, 3, 23, 600, 196316.00, 1.00000, 3.00000, 67.00000000, 1975.00, 0.45172, '2013-12-29'),
(2192, 3, 23, 600, 4417193.00, 1.00000, 4.00000, 65.00000000, 6027.00, 0.20436, '2013-12-30'),
(2193, 3, 23, 600, 7798903.00, 1.00000, 1.00000, 80.00000000, 6968.00, 0.21674, '2013-12-31');

-- --------------------------------------------------------

--
-- Table structure for table `app_holdperfmonth`
--

CREATE TABLE IF NOT EXISTS `app_holdperfmonth` (
  `id` int(11) NOT NULL AUTO_INCREMENT,
  `fund_id` int(11) NOT NULL,
  `holding_id` int(11) NOT NULL,
  `holding_category_id` int(11) DEFAULT NULL,
  `si` decimal(4,2) NOT NULL,
  `ytd` decimal(4,2) NOT NULL,
  `performance` decimal(4,2) NOT NULL,
  `nav` decimal(20,5) NOT NULL,
  `weight` decimal(20,5) NOT NULL,
  `value_date` date NOT NULL,
  `inflow_euro` decimal(20,2) NOT NULL,
  `inflow_dollar` decimal(20,2) NOT NULL,
  `outflow_euro` decimal(20,2) NOT NULL,
  `outflow_dollar` decimal(20,2) NOT NULL,
  `delta_valuation` decimal(20,2) NOT NULL,
  `delta_flow` decimal(20,2) NOT NULL,
  `cash_flow` decimal(20,2) NOT NULL,
  `expense` decimal(20,2) NOT NULL,
  `irr` decimal(20,2) NOT NULL,
  `drawdown` decimal(15,5) NOT NULL,
  `distribution` decimal(15,5) NOT NULL,
  `residual_commit` decimal(15,5) NOT NULL,
  `valuation` decimal(15,5) NOT NULL,
  `net_movement` decimal(15,5) NOT NULL,
  `total_value` decimal(15,5) NOT NULL,
  `proceed` decimal(15,5) NOT NULL,
  `commit` decimal(15,5) NOT NULL,
  `various` decimal(15,5) NOT NULL,
  PRIMARY KEY (`id`),
  KEY `app_holdperfmonth_10400ffb` (`fund_id`),
  KEY `app_holdperfmonth_460919ce` (`holding_id`),
  KEY `app_holdperfmonth_4ebfd118` (`holding_category_id`)
) ENGINE=InnoDB  DEFAULT CHARSET=utf8 AUTO_INCREMENT=601 ;

--
-- Dumping data for table `app_holdperfmonth`
--

INSERT INTO `app_holdperfmonth` (`id`, `fund_id`, `holding_id`, `holding_category_id`, `si`, `ytd`, `performance`, `nav`, `weight`, `value_date`, `inflow_euro`, `inflow_dollar`, `outflow_euro`, `outflow_dollar`, `delta_valuation`, `delta_flow`, `cash_flow`, `expense`, `irr`, `drawdown`, `distribution`, `residual_commit`, `valuation`, `net_movement`, `total_value`, `proceed`, `commit`, `various`) VALUES
(1, 1, 1, NULL, 6.00, 2.00, 3.00, 818129.00000, 0.19455, '2012-01-01', 69639.00, 25220.00, 91790.00, 97138.00, 53721.00, 36491.00, 37144.00, 88522.00, 54613.00, 6745.00000, 35726.00000, 84384.00000, 19807.00000, 8554.00000, 59051.00000, 86955.00000, 74386.00000, 9558.00000),
(2, 1, 2, NULL, 8.00, 2.00, 4.00, 775644.00000, 0.66701, '2012-01-01', 52563.00, 50604.00, 68494.00, 3626.00, 37557.00, 13206.00, 9607.00, 93037.00, 17953.00, 76482.00000, 47007.00000, 72078.00000, 83115.00000, 38809.00000, 25954.00000, 81105.00000, 6063.00000, 73956.00000),
(3, 1, 3, NULL, 2.00, 6.00, 4.00, 522637.00000, 0.43665, '2012-01-01', 7688.00, 99073.00, 37207.00, 54523.00, 51592.00, 90105.00, 36427.00, 77874.00, 17061.00, 77759.00000, 92408.00000, 22842.00000, 67010.00000, 15310.00000, 56430.00000, 78394.00000, 82629.00000, 97169.00000),
(4, 1, 1, 1, 6.00, 6.00, 6.00, 1525114.00000, 0.74257, '2012-01-01', 60923.00, 68015.00, 91717.00, 51236.00, 11952.00, 63900.00, 21696.00, 18214.00, 42196.00, 84649.00000, 54530.00000, 23374.00000, 64469.00000, 4832.00000, 84747.00000, 2009.00000, 30404.00000, 13840.00000),
(5, 1, 1, 2, 6.00, 1.00, 8.00, 763289.00000, 0.65885, '2012-01-01', 38324.00, 9904.00, 34932.00, 21559.00, 89469.00, 72974.00, 54098.00, 56913.00, 70537.00, 45991.00000, 50095.00000, 53366.00000, 39197.00000, 99296.00000, 50891.00000, 40834.00000, 31672.00000, 68329.00000),
(6, 1, 1, 3, 5.00, 8.00, 5.00, 9404746.00000, 0.45107, '2012-01-01', 26093.00, 96833.00, 57151.00, 20503.00, 95603.00, 29283.00, 95645.00, 68170.00, 99591.00, 90552.00000, 18604.00000, 37487.00000, 61023.00000, 12572.00000, 93957.00000, 4929.00000, 49432.00000, 10819.00000),
(7, 1, 1, 4, 5.00, 3.00, 7.00, 535272.00000, 0.81085, '2012-01-01', 89569.00, 95913.00, 36821.00, 25644.00, 50207.00, 21633.00, 65271.00, 69180.00, 10002.00, 2382.00000, 43923.00000, 13765.00000, 8923.00000, 42531.00000, 97293.00000, 51827.00000, 85153.00000, 63948.00000),
(8, 1, 1, 5, 4.00, 6.00, 8.00, 5316934.00000, 0.83479, '2012-01-01', 93161.00, 93988.00, 89738.00, 88268.00, 82774.00, 33563.00, 11219.00, 61793.00, 19795.00, 7579.00000, 51686.00000, 98615.00000, 83390.00000, 91574.00000, 60028.00000, 42745.00000, 30819.00000, 90334.00000),
(9, 1, 1, 6, 2.00, 1.00, 8.00, 921993.00000, 0.78228, '2012-01-01', 15938.00, 24673.00, 1078.00, 21466.00, 76913.00, 63018.00, 38070.00, 52419.00, 98936.00, 46816.00000, 65942.00000, 97114.00000, 36195.00000, 46182.00000, 86124.00000, 25295.00000, 40192.00000, 93261.00000),
(10, 1, 1, 8, 8.00, 3.00, 6.00, 7960580.00000, 0.75080, '2012-01-01', 80789.00, 14620.00, 30895.00, 17857.00, 12735.00, 28501.00, 74765.00, 19021.00, 26456.00, 77559.00000, 445.00000, 50022.00000, 43667.00000, 61063.00000, 72548.00000, 48847.00000, 19784.00000, 16092.00000),
(11, 1, 1, 9, 8.00, 5.00, 6.00, 7548274.00000, 0.31827, '2012-01-01', 61439.00, 96810.00, 97402.00, 64407.00, 13975.00, 73042.00, 99117.00, 99782.00, 63318.00, 28227.00000, 20308.00000, 39492.00000, 80625.00000, 66185.00000, 88388.00000, 5909.00000, 66291.00000, 72924.00000),
(12, 1, 1, 10, 7.00, 1.00, 8.00, 498841.00000, 0.33039, '2012-01-01', 64451.00, 40063.00, 74982.00, 67171.00, 91637.00, 40100.00, 82464.00, 31561.00, 46780.00, 90654.00000, 94232.00000, 64465.00000, 57442.00000, 61949.00000, 69655.00000, 50960.00000, 88657.00000, 39225.00000),
(13, 1, 1, 11, 8.00, 3.00, 7.00, 1100692.00000, 0.20689, '2012-01-01', 5140.00, 22776.00, 64662.00, 9841.00, 7889.00, 65062.00, 42817.00, 11215.00, 24358.00, 35946.00000, 26629.00000, 6103.00000, 54269.00000, 66354.00000, 75052.00000, 83719.00000, 97619.00000, 17665.00000),
(14, 1, 1, 12, 7.00, 8.00, 7.00, 2629694.00000, 0.21214, '2012-01-01', 19329.00, 71153.00, 94726.00, 95032.00, 26518.00, 12847.00, 94386.00, 71339.00, 27099.00, 55939.00000, 27718.00000, 14232.00000, 36663.00000, 74354.00000, 5296.00000, 78234.00000, 55224.00000, 9795.00000),
(15, 1, 1, 13, 2.00, 2.00, 4.00, 6721220.00000, 0.39861, '2012-01-01', 35761.00, 99242.00, 71036.00, 31184.00, 22873.00, 68649.00, 77004.00, 21503.00, 14685.00, 32574.00000, 88375.00000, 69380.00000, 85961.00000, 46552.00000, 69956.00000, 42427.00000, 4932.00000, 86541.00000),
(16, 1, 1, 14, 3.00, 1.00, 6.00, 9971205.00000, 0.12820, '2012-01-01', 48152.00, 21902.00, 77195.00, 58756.00, 23160.00, 69222.00, 49077.00, 13201.00, 53940.00, 28159.00000, 50356.00000, 13206.00000, 67982.00000, 81971.00000, 58429.00000, 13613.00000, 62621.00000, 5217.00000),
(17, 1, 1, 15, 3.00, 4.00, 6.00, 1854778.00000, 0.98380, '2012-01-01', 96099.00, 68333.00, 89957.00, 9886.00, 34336.00, 98191.00, 59373.00, 8857.00, 21942.00, 16985.00000, 88859.00000, 66892.00000, 4540.00000, 53262.00000, 11309.00000, 6339.00000, 60304.00000, 90647.00000),
(18, 1, 1, 16, 7.00, 7.00, 3.00, 449256.00000, 0.66919, '2012-01-01', 82562.00, 49205.00, 22818.00, 8541.00, 12355.00, 34512.00, 43750.00, 92576.00, 11750.00, 3530.00000, 99493.00000, 61227.00000, 42072.00000, 59160.00000, 66910.00000, 12107.00000, 18734.00000, 94620.00000),
(19, 1, 1, 17, 3.00, 2.00, 2.00, 1189630.00000, 0.34640, '2012-01-01', 10372.00, 33715.00, 66549.00, 34694.00, 94440.00, 26523.00, 83174.00, 58804.00, 96060.00, 14266.00000, 91394.00000, 80069.00000, 5388.00000, 87558.00000, 86872.00000, 58231.00000, 32328.00000, 92019.00000),
(20, 1, 1, 18, 5.00, 3.00, 2.00, 8965531.00000, 0.25348, '2012-01-01', 90227.00, 48660.00, 58780.00, 29330.00, 45541.00, 3711.00, 52684.00, 30502.00, 88347.00, 66728.00000, 50286.00000, 7973.00000, 12717.00000, 56000.00000, 68552.00000, 19838.00000, 98197.00000, 9193.00000),
(21, 1, 1, 19, 8.00, 4.00, 5.00, 569627.00000, 0.49629, '2012-01-01', 77106.00, 84282.00, 7147.00, 66185.00, 58488.00, 38798.00, 8027.00, 39082.00, 20174.00, 86622.00000, 25861.00000, 46438.00000, 35041.00000, 34443.00000, 18566.00000, 82785.00000, 41068.00000, 18069.00000),
(22, 1, 1, 20, 8.00, 4.00, 7.00, 6398847.00000, 0.51507, '2012-01-01', 71756.00, 53806.00, 28486.00, 27806.00, 39276.00, 52078.00, 47761.00, 11967.00, 38798.00, 79624.00000, 53045.00000, 47652.00000, 336.00000, 63191.00000, 89567.00000, 80264.00000, 74935.00000, 65688.00000),
(23, 1, 1, 21, 1.00, 2.00, 4.00, 8203539.00000, 0.88596, '2012-01-01', 48209.00, 32526.00, 79721.00, 7927.00, 23717.00, 45670.00, 9170.00, 63796.00, 30349.00, 6491.00000, 40078.00000, 7746.00000, 34032.00000, 26645.00000, 90646.00000, 51636.00000, 1682.00000, 35145.00000),
(24, 1, 1, 22, 2.00, 5.00, 4.00, 3687128.00000, 0.59402, '2012-01-01', 61267.00, 27759.00, 52391.00, 30954.00, 58640.00, 1076.00, 97749.00, 69355.00, 13159.00, 89195.00000, 89171.00000, 72566.00000, 77796.00000, 5782.00000, 21170.00000, 19769.00000, 85294.00000, 16749.00000),
(25, 1, 1, 23, 7.00, 4.00, 3.00, 3927365.00000, 0.37672, '2012-01-01', 59788.00, 99140.00, 46400.00, 80199.00, 55919.00, 11346.00, 18805.00, 41510.00, 79589.00, 83237.00000, 90299.00000, 83446.00000, 99496.00000, 14993.00000, 46996.00000, 49067.00000, 16016.00000, 43714.00000),
(26, 1, 1, NULL, 8.00, 7.00, 7.00, 300952.00000, 0.77704, '2012-02-01', 34756.00, 65513.00, 10864.00, 5433.00, 35388.00, 90218.00, 93115.00, 23118.00, 59186.00, 94693.00000, 9341.00000, 64332.00000, 7196.00000, 62999.00000, 61350.00000, 93149.00000, 42015.00000, 62833.00000),
(27, 1, 2, NULL, 3.00, 7.00, 1.00, 382757.00000, 0.59604, '2012-02-01', 51601.00, 60721.00, 30195.00, 27662.00, 63723.00, 95050.00, 60922.00, 87851.00, 75063.00, 8802.00000, 20909.00000, 99758.00000, 85119.00000, 98820.00000, 9550.00000, 76268.00000, 8816.00000, 82369.00000),
(28, 1, 3, NULL, 3.00, 1.00, 5.00, 655461.00000, 0.63933, '2012-02-01', 5809.00, 72858.00, 55834.00, 38223.00, 38147.00, 57165.00, 15535.00, 2115.00, 39485.00, 33601.00000, 78517.00000, 99560.00000, 18126.00000, 90265.00000, 85985.00000, 25698.00000, 12935.00000, 33172.00000),
(29, 1, 1, 1, 6.00, 1.00, 6.00, 2424575.00000, 0.92903, '2012-02-01', 30486.00, 9400.00, 52543.00, 12727.00, 5791.00, 57643.00, 42150.00, 98146.00, 50535.00, 38012.00000, 50361.00000, 70646.00000, 72389.00000, 35951.00000, 76454.00000, 81089.00000, 41692.00000, 39589.00000),
(30, 1, 1, 2, 2.00, 3.00, 1.00, 7033485.00000, 0.26463, '2012-02-01', 65279.00, 72486.00, 55466.00, 48182.00, 86710.00, 56255.00, 23053.00, 58751.00, 38337.00, 18203.00000, 9301.00000, 1766.00000, 1204.00000, 8157.00000, 88931.00000, 13120.00000, 1007.00000, 96396.00000),
(31, 1, 1, 3, 2.00, 6.00, 5.00, 5102553.00000, 0.11691, '2012-02-01', 34299.00, 7550.00, 4593.00, 41797.00, 2766.00, 52851.00, 14839.00, 69007.00, 88949.00, 47984.00000, 77414.00000, 45786.00000, 31571.00000, 77922.00000, 21731.00000, 62143.00000, 48834.00000, 38650.00000),
(32, 1, 1, 4, 2.00, 8.00, 7.00, 5903222.00000, 0.65093, '2012-02-01', 31860.00, 69122.00, 76858.00, 70568.00, 59499.00, 95034.00, 14901.00, 81349.00, 43713.00, 99637.00000, 70764.00000, 67494.00000, 85589.00000, 70813.00000, 14827.00000, 28532.00000, 7365.00000, 61363.00000),
(33, 1, 1, 5, 8.00, 4.00, 2.00, 7967368.00000, 0.20416, '2012-02-01', 71989.00, 46319.00, 7697.00, 49175.00, 85452.00, 40280.00, 48045.00, 38617.00, 52883.00, 14990.00000, 26002.00000, 26112.00000, 60631.00000, 66900.00000, 6290.00000, 92266.00000, 49179.00000, 4682.00000),
(34, 1, 1, 6, 4.00, 3.00, 5.00, 3886263.00000, 0.96315, '2012-02-01', 56265.00, 99140.00, 13841.00, 83824.00, 62444.00, 94812.00, 9694.00, 90102.00, 42466.00, 9085.00000, 39077.00000, 5030.00000, 23378.00000, 89189.00000, 36096.00000, 75494.00000, 45375.00000, 45936.00000),
(35, 1, 1, 8, 3.00, 4.00, 3.00, 276365.00000, 0.79272, '2012-02-01', 17951.00, 76230.00, 8784.00, 41409.00, 50835.00, 45939.00, 14668.00, 75643.00, 53699.00, 61117.00000, 20518.00000, 21555.00000, 52377.00000, 78746.00000, 61394.00000, 44094.00000, 64221.00000, 28974.00000),
(36, 1, 1, 9, 8.00, 5.00, 7.00, 109228.00000, 0.54910, '2012-02-01', 18084.00, 94706.00, 63009.00, 93075.00, 90626.00, 273.00, 31594.00, 92873.00, 97074.00, 35794.00000, 93774.00000, 48346.00000, 78422.00000, 16448.00000, 95597.00000, 78962.00000, 61191.00000, 98173.00000),
(37, 1, 1, 10, 8.00, 3.00, 2.00, 2616780.00000, 0.68686, '2012-02-01', 66746.00, 3428.00, 66714.00, 61159.00, 85860.00, 88293.00, 12816.00, 70722.00, 45744.00, 16476.00000, 68385.00000, 38800.00000, 77612.00000, 22388.00000, 62029.00000, 14316.00000, 40523.00000, 47150.00000),
(38, 1, 1, 11, 6.00, 8.00, 2.00, 597477.00000, 0.75563, '2012-02-01', 68710.00, 36066.00, 76618.00, 94767.00, 80339.00, 56821.00, 46554.00, 16438.00, 96341.00, 42335.00000, 30194.00000, 98773.00000, 71925.00000, 41571.00000, 61841.00000, 85478.00000, 25513.00000, 83575.00000),
(39, 1, 1, 12, 5.00, 7.00, 1.00, 1966480.00000, 0.15580, '2012-02-01', 75187.00, 12873.00, 47518.00, 64474.00, 1740.00, 16969.00, 13590.00, 15353.00, 61354.00, 82085.00000, 58424.00000, 51891.00000, 22906.00000, 91586.00000, 99441.00000, 53626.00000, 49087.00000, 31150.00000),
(40, 1, 1, 13, 1.00, 1.00, 3.00, 1594170.00000, 0.56133, '2012-02-01', 50142.00, 99307.00, 7190.00, 89052.00, 49214.00, 92034.00, 24929.00, 17545.00, 97904.00, 68304.00000, 94317.00000, 45067.00000, 37248.00000, 28233.00000, 22548.00000, 67586.00000, 93565.00000, 64008.00000),
(41, 1, 1, 14, 2.00, 2.00, 5.00, 5284906.00000, 0.95977, '2012-02-01', 31211.00, 89190.00, 22318.00, 23008.00, 59477.00, 72889.00, 26244.00, 18689.00, 25360.00, 48514.00000, 80024.00000, 29339.00000, 74498.00000, 8253.00000, 99866.00000, 83282.00000, 78805.00000, 22428.00000),
(42, 1, 1, 15, 6.00, 4.00, 8.00, 7711060.00000, 0.23396, '2012-02-01', 59421.00, 96058.00, 43717.00, 59885.00, 56171.00, 46002.00, 13445.00, 50771.00, 98176.00, 71822.00000, 79637.00000, 52487.00000, 26409.00000, 9837.00000, 87949.00000, 47800.00000, 55885.00000, 92279.00000),
(43, 1, 1, 16, 1.00, 1.00, 7.00, 1367083.00000, 0.92179, '2012-02-01', 88719.00, 51590.00, 45041.00, 73860.00, 12494.00, 67686.00, 58427.00, 15463.00, 29539.00, 98426.00000, 20439.00000, 3502.00000, 48168.00000, 27505.00000, 12295.00000, 80136.00000, 53112.00000, 63912.00000),
(44, 1, 1, 17, 6.00, 5.00, 8.00, 1196200.00000, 0.77167, '2012-02-01', 13625.00, 22624.00, 49157.00, 14661.00, 82956.00, 67201.00, 45085.00, 99507.00, 2180.00, 81401.00000, 94681.00000, 3622.00000, 44638.00000, 73288.00000, 91210.00000, 47147.00000, 14095.00000, 90070.00000),
(45, 1, 1, 18, 6.00, 8.00, 1.00, 7975446.00000, 0.21150, '2012-02-01', 83349.00, 59658.00, 47577.00, 65482.00, 56361.00, 33096.00, 60910.00, 437.00, 44938.00, 33770.00000, 26266.00000, 18317.00000, 71021.00000, 77500.00000, 93038.00000, 62024.00000, 69221.00000, 86412.00000),
(46, 1, 1, 19, 5.00, 8.00, 3.00, 5751234.00000, 0.90315, '2012-02-01', 9261.00, 4506.00, 97162.00, 67077.00, 39392.00, 28449.00, 46644.00, 79866.00, 2320.00, 82706.00000, 18503.00000, 76208.00000, 35048.00000, 20052.00000, 75817.00000, 63488.00000, 41095.00000, 9452.00000),
(47, 1, 1, 20, 4.00, 2.00, 4.00, 5631572.00000, 0.29575, '2012-02-01', 17085.00, 83760.00, 91108.00, 81866.00, 50776.00, 26975.00, 46882.00, 35954.00, 77732.00, 54403.00000, 16344.00000, 73661.00000, 43645.00000, 89100.00000, 68618.00000, 23790.00000, 68414.00000, 43527.00000),
(48, 1, 1, 21, 2.00, 7.00, 5.00, 2728615.00000, 0.89437, '2012-02-01', 5448.00, 6898.00, 22670.00, 55043.00, 76571.00, 55047.00, 97500.00, 72349.00, 58697.00, 27523.00000, 38321.00000, 71410.00000, 16999.00000, 38699.00000, 22434.00000, 27310.00000, 65711.00000, 98066.00000),
(49, 1, 1, 22, 5.00, 5.00, 5.00, 8511196.00000, 0.96051, '2012-02-01', 49046.00, 19285.00, 89926.00, 32243.00, 48426.00, 8815.00, 22753.00, 29699.00, 8866.00, 85538.00000, 11066.00000, 67520.00000, 5491.00000, 93636.00000, 32592.00000, 5215.00000, 1765.00000, 38763.00000),
(50, 1, 1, 23, 6.00, 5.00, 6.00, 485105.00000, 0.62560, '2012-02-01', 89580.00, 42787.00, 73743.00, 6883.00, 72243.00, 6033.00, 81783.00, 91035.00, 27175.00, 84587.00000, 44790.00000, 783.00000, 86422.00000, 77139.00000, 57870.00000, 20866.00000, 12944.00000, 2891.00000),
(51, 1, 1, NULL, 6.00, 4.00, 8.00, 901031.00000, 0.30622, '2012-03-01', 64489.00, 48719.00, 8329.00, 45323.00, 76433.00, 17786.00, 71739.00, 1980.00, 44951.00, 54559.00000, 2272.00000, 84130.00000, 85620.00000, 90352.00000, 6640.00000, 67200.00000, 18298.00000, 11091.00000),
(52, 1, 2, NULL, 2.00, 5.00, 6.00, 322318.00000, 0.68267, '2012-03-01', 51766.00, 65152.00, 57058.00, 51189.00, 45020.00, 15048.00, 10933.00, 91834.00, 55901.00, 61770.00000, 21905.00000, 10408.00000, 24615.00000, 92318.00000, 75798.00000, 39800.00000, 96287.00000, 28565.00000),
(53, 1, 3, NULL, 5.00, 6.00, 2.00, 451845.00000, 0.19411, '2012-03-01', 61134.00, 33402.00, 77936.00, 67395.00, 12739.00, 79504.00, 19565.00, 39695.00, 31921.00, 42943.00000, 36274.00000, 26661.00000, 20157.00000, 14003.00000, 1751.00000, 59730.00000, 24332.00000, 18693.00000),
(54, 1, 1, 1, 7.00, 6.00, 3.00, 966402.00000, 0.64336, '2012-03-01', 24781.00, 14809.00, 94410.00, 2341.00, 71540.00, 52289.00, 30915.00, 27858.00, 24065.00, 71399.00000, 83850.00000, 64440.00000, 73582.00000, 83799.00000, 23487.00000, 42940.00000, 83932.00000, 18978.00000),
(55, 1, 1, 2, 7.00, 7.00, 7.00, 420522.00000, 0.99481, '2012-03-01', 15202.00, 95097.00, 14418.00, 31160.00, 5698.00, 83841.00, 62810.00, 2122.00, 17726.00, 50467.00000, 51385.00000, 17766.00000, 68103.00000, 98499.00000, 35191.00000, 14788.00000, 68508.00000, 42736.00000),
(56, 1, 1, 3, 3.00, 3.00, 4.00, 6097134.00000, 0.94846, '2012-03-01', 77636.00, 84453.00, 53044.00, 82841.00, 17782.00, 33103.00, 3393.00, 81231.00, 4152.00, 45445.00000, 82919.00000, 84926.00000, 65619.00000, 18497.00000, 5531.00000, 22717.00000, 98391.00000, 48475.00000),
(57, 1, 1, 4, 7.00, 1.00, 7.00, 8580478.00000, 0.13434, '2012-03-01', 92342.00, 35329.00, 85020.00, 25900.00, 74315.00, 55919.00, 85245.00, 55212.00, 27362.00, 93979.00000, 77440.00000, 69506.00000, 98630.00000, 21315.00000, 11219.00000, 72627.00000, 93155.00000, 80565.00000),
(58, 1, 1, 5, 1.00, 1.00, 2.00, 3328820.00000, 0.29409, '2012-03-01', 49784.00, 88809.00, 54013.00, 89973.00, 6025.00, 61137.00, 60045.00, 1788.00, 64642.00, 5845.00000, 7953.00000, 83284.00000, 52498.00000, 50570.00000, 26041.00000, 85397.00000, 42404.00000, 14519.00000),
(59, 1, 1, 6, 6.00, 7.00, 7.00, 8641613.00000, 0.35016, '2012-03-01', 34733.00, 82026.00, 94970.00, 15190.00, 84282.00, 68941.00, 95953.00, 33406.00, 38507.00, 87920.00000, 18166.00000, 24861.00000, 65703.00000, 26192.00000, 55228.00000, 83191.00000, 36976.00000, 32581.00000),
(60, 1, 1, 8, 8.00, 4.00, 2.00, 7731977.00000, 0.78285, '2012-03-01', 92663.00, 6000.00, 6491.00, 8363.00, 95453.00, 9893.00, 40567.00, 30716.00, 7515.00, 66007.00000, 91412.00000, 19754.00000, 59825.00000, 88249.00000, 79992.00000, 42942.00000, 14748.00000, 11844.00000),
(61, 1, 1, 9, 5.00, 5.00, 2.00, 6230776.00000, 0.71400, '2012-03-01', 64133.00, 82892.00, 43289.00, 38415.00, 29436.00, 79276.00, 5444.00, 95421.00, 70573.00, 7422.00000, 9162.00000, 86494.00000, 41918.00000, 6443.00000, 39310.00000, 69707.00000, 94599.00000, 90591.00000),
(62, 1, 1, 10, 6.00, 3.00, 4.00, 8196238.00000, 0.68757, '2012-03-01', 61726.00, 89375.00, 80881.00, 24579.00, 24534.00, 35825.00, 95000.00, 29671.00, 20119.00, 80946.00000, 90692.00000, 7947.00000, 57603.00000, 22415.00000, 80336.00000, 71115.00000, 36391.00000, 30614.00000),
(63, 1, 1, 11, 8.00, 1.00, 3.00, 3323157.00000, 0.45587, '2012-03-01', 47105.00, 18349.00, 49515.00, 36873.00, 75727.00, 59305.00, 70704.00, 79332.00, 57567.00, 13313.00000, 99591.00000, 88868.00000, 24743.00000, 53840.00000, 2831.00000, 3386.00000, 21267.00000, 42259.00000),
(64, 1, 1, 12, 8.00, 8.00, 2.00, 8677202.00000, 0.15606, '2012-03-01', 36353.00, 92795.00, 38886.00, 80359.00, 26174.00, 63084.00, 82516.00, 23946.00, 16212.00, 51505.00000, 47893.00000, 84352.00000, 80338.00000, 28212.00000, 16384.00000, 46151.00000, 58500.00000, 19557.00000),
(65, 1, 1, 13, 6.00, 8.00, 7.00, 3369858.00000, 0.87170, '2012-03-01', 96758.00, 93294.00, 68400.00, 25064.00, 52811.00, 98508.00, 55247.00, 44068.00, 21778.00, 45885.00000, 5600.00000, 42657.00000, 15444.00000, 63506.00000, 18967.00000, 20260.00000, 18993.00000, 58744.00000),
(66, 1, 1, 14, 3.00, 3.00, 2.00, 9456800.00000, 0.85642, '2012-03-01', 30316.00, 38122.00, 90872.00, 66787.00, 47463.00, 36815.00, 19769.00, 57249.00, 65221.00, 11980.00000, 83043.00000, 80692.00000, 66928.00000, 89651.00000, 58314.00000, 77157.00000, 29261.00000, 19745.00000),
(67, 1, 1, 15, 7.00, 6.00, 6.00, 9795305.00000, 0.11108, '2012-03-01', 97843.00, 16172.00, 63618.00, 27478.00, 98049.00, 97837.00, 41421.00, 84478.00, 91685.00, 35294.00000, 31932.00000, 26081.00000, 40436.00000, 24695.00000, 83111.00000, 89501.00000, 56227.00000, 98738.00000),
(68, 1, 1, 16, 4.00, 5.00, 7.00, 2504679.00000, 0.33086, '2012-03-01', 83159.00, 7973.00, 99165.00, 9820.00, 58555.00, 9492.00, 43130.00, 80396.00, 86452.00, 19001.00000, 7790.00000, 83493.00000, 46046.00000, 87137.00000, 93205.00000, 75620.00000, 67939.00000, 36894.00000),
(69, 1, 1, 17, 5.00, 3.00, 8.00, 8486799.00000, 0.94241, '2012-03-01', 22782.00, 47120.00, 69750.00, 93389.00, 44356.00, 52357.00, 15844.00, 81929.00, 16785.00, 88274.00000, 27223.00000, 6434.00000, 54832.00000, 65197.00000, 11694.00000, 90942.00000, 25556.00000, 55481.00000),
(70, 1, 1, 18, 3.00, 2.00, 2.00, 3534382.00000, 0.75602, '2012-03-01', 91547.00, 60317.00, 58698.00, 93899.00, 12203.00, 22180.00, 86500.00, 88034.00, 66066.00, 69632.00000, 74342.00000, 62103.00000, 900.00000, 41493.00000, 53541.00000, 74871.00000, 28591.00000, 62408.00000),
(71, 1, 1, 19, 4.00, 4.00, 8.00, 3644415.00000, 0.45501, '2012-03-01', 54575.00, 29155.00, 9175.00, 3150.00, 95037.00, 24275.00, 42015.00, 16172.00, 74160.00, 69341.00000, 42298.00000, 25315.00000, 11427.00000, 41569.00000, 37827.00000, 94915.00000, 69483.00000, 32657.00000),
(72, 1, 1, 20, 2.00, 8.00, 3.00, 7405833.00000, 0.64781, '2012-03-01', 91919.00, 44480.00, 50947.00, 29176.00, 60109.00, 13683.00, 8228.00, 3961.00, 59677.00, 31937.00000, 35446.00000, 46949.00000, 67774.00000, 35443.00000, 8721.00000, 760.00000, 21824.00000, 51168.00000),
(73, 1, 1, 21, 8.00, 8.00, 3.00, 9132503.00000, 0.81638, '2012-03-01', 16757.00, 97653.00, 69269.00, 51426.00, 29217.00, 28852.00, 16628.00, 5516.00, 17809.00, 56119.00000, 3604.00000, 42148.00000, 48971.00000, 14481.00000, 70247.00000, 33110.00000, 39143.00000, 27076.00000),
(74, 1, 1, 22, 8.00, 5.00, 5.00, 6259204.00000, 0.17564, '2012-03-01', 31603.00, 8671.00, 32875.00, 94166.00, 43131.00, 88823.00, 12657.00, 60743.00, 9294.00, 99927.00000, 66649.00000, 9376.00000, 24191.00000, 38106.00000, 71816.00000, 47042.00000, 76277.00000, 12510.00000),
(75, 1, 1, 23, 8.00, 2.00, 8.00, 240770.00000, 0.70978, '2012-03-01', 25355.00, 32337.00, 89940.00, 53380.00, 3471.00, 85495.00, 35377.00, 52704.00, 28682.00, 68201.00000, 24289.00000, 14806.00000, 52002.00000, 58891.00000, 55201.00000, 63200.00000, 70972.00000, 12407.00000),
(76, 1, 1, NULL, 1.00, 7.00, 8.00, 619856.00000, 0.52636, '2012-04-01', 21681.00, 58823.00, 12116.00, 35031.00, 49589.00, 10625.00, 79788.00, 61040.00, 3492.00, 83852.00000, 32206.00000, 22075.00000, 63635.00000, 27019.00000, 42484.00000, 28397.00000, 31226.00000, 53648.00000),
(77, 1, 2, NULL, 3.00, 2.00, 6.00, 748472.00000, 0.45297, '2012-04-01', 28605.00, 21305.00, 58643.00, 59502.00, 51685.00, 29735.00, 68649.00, 54592.00, 44860.00, 29097.00000, 45341.00000, 41717.00000, 99611.00000, 43978.00000, 49025.00000, 21743.00000, 20380.00000, 31041.00000),
(78, 1, 3, NULL, 4.00, 8.00, 7.00, 621204.00000, 0.40463, '2012-04-01', 96457.00, 69780.00, 99647.00, 9523.00, 87055.00, 56475.00, 54617.00, 17808.00, 22457.00, 24212.00000, 86884.00000, 28722.00000, 87869.00000, 59745.00000, 40608.00000, 17973.00000, 71016.00000, 25479.00000),
(79, 1, 1, 1, 7.00, 6.00, 8.00, 7857565.00000, 0.37974, '2012-04-01', 65053.00, 14302.00, 53919.00, 8164.00, 54726.00, 8351.00, 69263.00, 70327.00, 22294.00, 5357.00000, 30653.00000, 8077.00000, 88159.00000, 5852.00000, 54672.00000, 49575.00000, 68077.00000, 20114.00000),
(80, 1, 1, 2, 4.00, 1.00, 1.00, 3927443.00000, 0.85469, '2012-04-01', 10248.00, 85097.00, 27368.00, 67042.00, 99212.00, 68518.00, 76805.00, 46705.00, 17228.00, 61920.00000, 67013.00000, 58953.00000, 11119.00000, 73970.00000, 42979.00000, 95155.00000, 97161.00000, 50318.00000),
(81, 1, 1, 3, 6.00, 4.00, 5.00, 7822953.00000, 0.17398, '2012-04-01', 39816.00, 4395.00, 38329.00, 87442.00, 10502.00, 76128.00, 66903.00, 11902.00, 71171.00, 7801.00000, 56999.00000, 67181.00000, 85098.00000, 16899.00000, 19228.00000, 30628.00000, 86848.00000, 21117.00000),
(82, 1, 1, 4, 4.00, 4.00, 5.00, 2814593.00000, 0.45589, '2012-04-01', 59198.00, 1053.00, 57092.00, 76052.00, 50161.00, 18872.00, 65403.00, 93881.00, 63716.00, 33246.00000, 42240.00000, 72389.00000, 34286.00000, 38120.00000, 71805.00000, 88218.00000, 93339.00000, 74537.00000),
(83, 1, 1, 5, 3.00, 2.00, 6.00, 5589873.00000, 0.36173, '2012-04-01', 92134.00, 97874.00, 43305.00, 90499.00, 9167.00, 14427.00, 73626.00, 52780.00, 21744.00, 88878.00000, 50454.00000, 51427.00000, 77691.00000, 55495.00000, 2577.00000, 16463.00000, 65508.00000, 70015.00000),
(84, 1, 1, 6, 3.00, 4.00, 1.00, 571615.00000, 0.51180, '2012-04-01', 52338.00, 37627.00, 70367.00, 59220.00, 92880.00, 2122.00, 41388.00, 72308.00, 76072.00, 72664.00000, 94737.00000, 79863.00000, 16828.00000, 22308.00000, 64426.00000, 98827.00000, 3854.00000, 55549.00000),
(85, 1, 1, 8, 5.00, 8.00, 4.00, 8291621.00000, 0.88261, '2012-04-01', 51382.00, 78347.00, 96166.00, 88371.00, 98744.00, 56181.00, 53473.00, 22361.00, 24842.00, 12909.00000, 97498.00000, 15994.00000, 22019.00000, 64176.00000, 46551.00000, 74222.00000, 90366.00000, 67397.00000),
(86, 1, 1, 9, 2.00, 4.00, 5.00, 7352253.00000, 0.70758, '2012-04-01', 48234.00, 80967.00, 81557.00, 17899.00, 66074.00, 8177.00, 52108.00, 94028.00, 73491.00, 29592.00000, 47129.00000, 89878.00000, 69376.00000, 39343.00000, 17115.00000, 68232.00000, 84052.00000, 89162.00000),
(87, 1, 1, 10, 8.00, 1.00, 5.00, 562779.00000, 0.85851, '2012-04-01', 69958.00, 32841.00, 37010.00, 16715.00, 64767.00, 13347.00, 84967.00, 61539.00, 55932.00, 71184.00000, 81087.00000, 51611.00000, 75579.00000, 32075.00000, 31922.00000, 56923.00000, 62411.00000, 33935.00000),
(88, 1, 1, 11, 3.00, 2.00, 8.00, 904652.00000, 0.89098, '2012-04-01', 23958.00, 37857.00, 5009.00, 4494.00, 79803.00, 55704.00, 7742.00, 91979.00, 23866.00, 80223.00000, 49679.00000, 1897.00000, 204.00000, 70430.00000, 98449.00000, 71474.00000, 35132.00000, 79331.00000),
(89, 1, 1, 12, 2.00, 1.00, 4.00, 5570447.00000, 0.44389, '2012-04-01', 70763.00, 84174.00, 94873.00, 84232.00, 32764.00, 29356.00, 40395.00, 93311.00, 22125.00, 93591.00000, 53728.00000, 82304.00000, 70702.00000, 7401.00000, 40915.00000, 21693.00000, 29686.00000, 52019.00000),
(90, 1, 1, 13, 5.00, 4.00, 1.00, 7160326.00000, 0.76508, '2012-04-01', 17107.00, 22254.00, 45972.00, 39802.00, 37211.00, 76635.00, 45238.00, 99542.00, 48604.00, 4878.00000, 53070.00000, 43891.00000, 26913.00000, 77119.00000, 40864.00000, 94466.00000, 44911.00000, 24492.00000),
(91, 1, 1, 14, 8.00, 3.00, 8.00, 9971870.00000, 0.51797, '2012-04-01', 2346.00, 88337.00, 67825.00, 99688.00, 1483.00, 65222.00, 32359.00, 60601.00, 5302.00, 50444.00000, 2595.00000, 30828.00000, 44551.00000, 51112.00000, 79017.00000, 71114.00000, 80296.00000, 17202.00000),
(92, 1, 1, 15, 1.00, 7.00, 6.00, 4228643.00000, 0.44041, '2012-04-01', 4624.00, 12406.00, 89454.00, 78373.00, 47028.00, 92595.00, 47461.00, 90452.00, 79512.00, 6632.00000, 96916.00000, 48563.00000, 39038.00000, 62478.00000, 66547.00000, 9751.00000, 21210.00000, 50759.00000),
(93, 1, 1, 16, 4.00, 6.00, 4.00, 7956177.00000, 0.42721, '2012-04-01', 54155.00, 10402.00, 78802.00, 45491.00, 7813.00, 13002.00, 8611.00, 97025.00, 96085.00, 93941.00000, 25883.00000, 26642.00000, 32048.00000, 53413.00000, 63428.00000, 64141.00000, 13593.00000, 45777.00000),
(94, 1, 1, 17, 7.00, 4.00, 8.00, 528530.00000, 0.40186, '2012-04-01', 46163.00, 54982.00, 54858.00, 98472.00, 17830.00, 62887.00, 60310.00, 8789.00, 3903.00, 56432.00000, 121.00000, 58211.00000, 98517.00000, 64357.00000, 60856.00000, 76277.00000, 39049.00000, 55827.00000),
(95, 1, 1, 18, 3.00, 2.00, 1.00, 5735981.00000, 0.79900, '2012-04-01', 68325.00, 50972.00, 2950.00, 99011.00, 26018.00, 59337.00, 30434.00, 52906.00, 37145.00, 90926.00000, 34154.00000, 56113.00000, 10859.00000, 62308.00000, 59468.00000, 86608.00000, 86468.00000, 20958.00000),
(96, 1, 1, 19, 8.00, 4.00, 6.00, 6380372.00000, 0.31391, '2012-04-01', 89892.00, 94790.00, 55497.00, 21942.00, 29542.00, 97455.00, 30235.00, 18738.00, 11109.00, 84094.00000, 23820.00000, 61155.00000, 97071.00000, 40009.00000, 95855.00000, 28045.00000, 43830.00000, 81981.00000),
(97, 1, 1, 20, 4.00, 3.00, 7.00, 400298.00000, 0.47894, '2012-04-01', 15960.00, 4929.00, 67873.00, 90939.00, 87970.00, 89581.00, 89123.00, 8725.00, 60462.00, 28730.00000, 34969.00000, 6744.00000, 42935.00000, 62847.00000, 79090.00000, 11579.00000, 34884.00000, 51507.00000),
(98, 1, 1, 21, 2.00, 6.00, 3.00, 687434.00000, 0.17981, '2012-04-01', 44043.00, 82194.00, 54538.00, 72443.00, 32288.00, 11008.00, 36848.00, 55612.00, 67287.00, 7324.00000, 72946.00000, 75659.00000, 77074.00000, 746.00000, 88392.00000, 66066.00000, 24016.00000, 21715.00000),
(99, 1, 1, 22, 6.00, 2.00, 8.00, 3328958.00000, 0.28607, '2012-04-01', 33564.00, 9973.00, 34321.00, 90412.00, 94615.00, 41760.00, 56976.00, 27101.00, 26030.00, 86703.00000, 86587.00000, 39989.00000, 30890.00000, 67652.00000, 36370.00000, 94.00000, 39220.00000, 82445.00000),
(100, 1, 1, 23, 2.00, 2.00, 6.00, 3410856.00000, 0.99390, '2012-04-01', 61138.00, 1081.00, 48560.00, 18629.00, 36914.00, 14469.00, 32932.00, 87651.00, 50643.00, 30287.00000, 71173.00000, 66105.00000, 86943.00000, 7576.00000, 19137.00000, 52143.00000, 83776.00000, 57270.00000),
(101, 1, 1, NULL, 7.00, 2.00, 3.00, 514431.00000, 0.18117, '2012-05-01', 61513.00, 10487.00, 38562.00, 51063.00, 25507.00, 50904.00, 34168.00, 6002.00, 14341.00, 4233.00000, 40992.00000, 1779.00000, 19603.00000, 89161.00000, 3808.00000, 50402.00000, 50955.00000, 57183.00000),
(102, 1, 2, NULL, 4.00, 4.00, 6.00, 173257.00000, 0.82906, '2012-05-01', 26154.00, 69122.00, 71323.00, 22270.00, 33461.00, 56727.00, 94496.00, 20358.00, 33644.00, 66150.00000, 71101.00000, 94109.00000, 7384.00000, 37869.00000, 92658.00000, 14184.00000, 82918.00000, 30751.00000),
(103, 1, 3, NULL, 1.00, 2.00, 6.00, 243024.00000, 0.44194, '2012-05-01', 49219.00, 61645.00, 78296.00, 53733.00, 67645.00, 2201.00, 47794.00, 65225.00, 67518.00, 69917.00000, 7365.00000, 44475.00000, 24713.00000, 98616.00000, 99991.00000, 74806.00000, 36881.00000, 697.00000),
(104, 1, 1, 1, 4.00, 4.00, 4.00, 5597325.00000, 0.50490, '2012-05-01', 98320.00, 70640.00, 43287.00, 19063.00, 87768.00, 51471.00, 92248.00, 28723.00, 31450.00, 74816.00000, 55331.00000, 99600.00000, 15502.00000, 70314.00000, 9094.00000, 96546.00000, 14069.00000, 25468.00000),
(105, 1, 1, 2, 1.00, 7.00, 7.00, 2119358.00000, 0.66494, '2012-05-01', 96826.00, 99312.00, 65167.00, 56896.00, 79788.00, 80017.00, 48448.00, 72912.00, 45107.00, 71316.00000, 2393.00000, 37783.00000, 30374.00000, 51194.00000, 51777.00000, 43605.00000, 1389.00000, 51908.00000),
(106, 1, 1, 3, 1.00, 2.00, 5.00, 5314244.00000, 0.79649, '2012-05-01', 94976.00, 74333.00, 5909.00, 40862.00, 19638.00, 91478.00, 11356.00, 71098.00, 98124.00, 42814.00000, 77192.00000, 68555.00000, 30221.00000, 63556.00000, 6514.00000, 22641.00000, 31805.00000, 94182.00000),
(107, 1, 1, 4, 3.00, 2.00, 6.00, 6956967.00000, 0.55178, '2012-05-01', 67587.00, 59665.00, 41018.00, 40460.00, 36927.00, 4301.00, 29781.00, 84533.00, 71239.00, 96649.00000, 60083.00000, 4470.00000, 19006.00000, 23509.00000, 73904.00000, 77181.00000, 75460.00000, 73590.00000),
(108, 1, 1, 5, 5.00, 1.00, 4.00, 8406213.00000, 0.88136, '2012-05-01', 14588.00, 26703.00, 67371.00, 9479.00, 38245.00, 75644.00, 51201.00, 16932.00, 70579.00, 36527.00000, 52176.00000, 40628.00000, 63968.00000, 12031.00000, 41788.00000, 55479.00000, 39788.00000, 73801.00000),
(109, 1, 1, 6, 3.00, 7.00, 2.00, 3811256.00000, 0.29620, '2012-05-01', 85685.00, 208.00, 26653.00, 13974.00, 15177.00, 27793.00, 57.00, 99076.00, 32698.00, 18545.00000, 7794.00000, 15576.00000, 23284.00000, 96743.00000, 85402.00000, 30439.00000, 53818.00000, 82553.00000),
(110, 1, 1, 8, 7.00, 8.00, 5.00, 1614432.00000, 0.45884, '2012-05-01', 97891.00, 17037.00, 41078.00, 90813.00, 11427.00, 85326.00, 64917.00, 77898.00, 41958.00, 37832.00000, 19124.00000, 95498.00000, 83544.00000, 94065.00000, 7435.00000, 52438.00000, 20548.00000, 80690.00000),
(111, 1, 1, 9, 7.00, 2.00, 2.00, 5788980.00000, 0.68026, '2012-05-01', 51258.00, 34267.00, 31184.00, 36827.00, 3951.00, 79035.00, 53118.00, 85564.00, 49598.00, 56630.00000, 19996.00000, 7611.00000, 60483.00000, 9112.00000, 2588.00000, 92981.00000, 71254.00000, 8570.00000),
(112, 1, 1, 10, 3.00, 8.00, 8.00, 3563000.00000, 0.20017, '2012-05-01', 10770.00, 42733.00, 81396.00, 15672.00, 2442.00, 25771.00, 70659.00, 82578.00, 16503.00, 32590.00000, 9590.00000, 99810.00000, 4039.00000, 2608.00000, 37879.00000, 2350.00000, 33075.00000, 23583.00000),
(113, 1, 1, 11, 6.00, 6.00, 1.00, 5130378.00000, 0.86337, '2012-05-01', 31881.00, 38286.00, 2797.00, 42928.00, 94481.00, 71266.00, 8509.00, 89387.00, 40952.00, 58539.00000, 33304.00000, 27058.00000, 22162.00000, 83430.00000, 78976.00000, 86259.00000, 14621.00000, 57598.00000),
(114, 1, 1, 12, 6.00, 1.00, 6.00, 4966054.00000, 0.60707, '2012-05-01', 95608.00, 73965.00, 77965.00, 41151.00, 64126.00, 21781.00, 42451.00, 79402.00, 87013.00, 99324.00000, 73600.00000, 23719.00000, 85296.00000, 76203.00000, 41604.00000, 72108.00000, 91436.00000, 73070.00000),
(115, 1, 1, 13, 6.00, 1.00, 4.00, 2842628.00000, 0.85884, '2012-05-01', 91672.00, 11943.00, 95243.00, 36277.00, 68265.00, 57776.00, 88885.00, 17079.00, 72129.00, 5679.00000, 38396.00000, 32584.00000, 96804.00000, 60856.00000, 40940.00000, 34731.00000, 11944.00000, 64821.00000),
(116, 1, 1, 14, 4.00, 7.00, 7.00, 265198.00000, 0.13296, '2012-05-01', 46400.00, 88573.00, 93167.00, 99984.00, 43644.00, 22659.00, 50429.00, 91367.00, 45570.00, 82238.00000, 25330.00000, 63563.00000, 36889.00000, 96746.00000, 7757.00000, 89596.00000, 81097.00000, 15390.00000),
(117, 1, 1, 15, 6.00, 6.00, 2.00, 8282878.00000, 0.61192, '2012-05-01', 9568.00, 98248.00, 15403.00, 53926.00, 9761.00, 7316.00, 49323.00, 92902.00, 21694.00, 22870.00000, 96585.00000, 70119.00000, 64708.00000, 7314.00000, 22779.00000, 89636.00000, 66772.00000, 85720.00000),
(118, 1, 1, 16, 1.00, 7.00, 5.00, 3778943.00000, 0.24857, '2012-05-01', 1046.00, 92417.00, 71519.00, 62249.00, 92487.00, 97543.00, 34599.00, 28991.00, 80570.00, 94701.00000, 61213.00000, 47708.00000, 62869.00000, 35960.00000, 4161.00000, 89660.00000, 7243.00000, 9904.00000),
(119, 1, 1, 17, 2.00, 1.00, 7.00, 7676492.00000, 0.61728, '2012-05-01', 53900.00, 10746.00, 96836.00, 46314.00, 46943.00, 91565.00, 6536.00, 84555.00, 85009.00, 19101.00000, 55855.00000, 92078.00000, 81009.00000, 6987.00000, 32796.00000, 89608.00000, 62864.00000, 88206.00000),
(120, 1, 1, 18, 5.00, 3.00, 4.00, 4689438.00000, 0.58224, '2012-05-01', 72994.00, 29581.00, 85651.00, 17528.00, 20959.00, 80332.00, 71720.00, 74661.00, 44046.00, 51745.00000, 89490.00000, 46771.00000, 956.00000, 71750.00000, 26681.00000, 66444.00000, 79302.00000, 63044.00000),
(121, 1, 1, 19, 5.00, 8.00, 8.00, 9033829.00000, 0.63050, '2012-05-01', 88502.00, 51644.00, 12559.00, 68441.00, 55592.00, 51667.00, 53513.00, 77513.00, 11013.00, 55080.00000, 60169.00000, 16737.00000, 49274.00000, 5213.00000, 26299.00000, 71238.00000, 52422.00000, 95327.00000),
(122, 1, 1, 20, 3.00, 5.00, 8.00, 5730206.00000, 0.37495, '2012-05-01', 16376.00, 78904.00, 34281.00, 50103.00, 37519.00, 64121.00, 93024.00, 82031.00, 22549.00, 6525.00000, 21729.00000, 27169.00000, 23894.00000, 55771.00000, 34791.00000, 43151.00000, 74003.00000, 36699.00000),
(123, 1, 1, 21, 6.00, 1.00, 6.00, 8870085.00000, 0.22455, '2012-05-01', 24480.00, 58784.00, 3962.00, 14097.00, 72834.00, 92608.00, 62907.00, 52749.00, 14415.00, 89614.00000, 47415.00000, 27421.00000, 96934.00000, 83592.00000, 11763.00000, 82565.00000, 8507.00000, 58581.00000),
(124, 1, 1, 22, 8.00, 8.00, 4.00, 8278603.00000, 0.70825, '2012-05-01', 35727.00, 75751.00, 3036.00, 12103.00, 24278.00, 79575.00, 79502.00, 59119.00, 92373.00, 31220.00000, 48710.00000, 5510.00000, 19311.00000, 8640.00000, 55362.00000, 53487.00000, 88793.00000, 77960.00000),
(125, 1, 1, 23, 3.00, 5.00, 6.00, 3717060.00000, 0.15915, '2012-05-01', 95778.00, 93285.00, 95029.00, 35974.00, 62478.00, 46993.00, 40649.00, 17429.00, 60992.00, 90568.00000, 84155.00000, 44732.00000, 76735.00000, 21041.00000, 18700.00000, 43137.00000, 46878.00000, 42256.00000),
(126, 1, 1, NULL, 6.00, 7.00, 4.00, 777846.00000, 0.33967, '2012-06-01', 48168.00, 71004.00, 51758.00, 29400.00, 51022.00, 7071.00, 79710.00, 90986.00, 99338.00, 33029.00000, 9603.00000, 3776.00000, 5765.00000, 54687.00000, 19721.00000, 20863.00000, 62063.00000, 49360.00000),
(127, 1, 2, NULL, 3.00, 4.00, 1.00, 897582.00000, 0.20471, '2012-06-01', 92090.00, 61993.00, 74719.00, 78551.00, 74021.00, 16275.00, 6067.00, 59627.00, 70004.00, 42283.00000, 568.00000, 40912.00000, 43975.00000, 51422.00000, 54219.00000, 74290.00000, 89455.00000, 31270.00000),
(128, 1, 3, NULL, 5.00, 7.00, 4.00, 534772.00000, 0.29008, '2012-06-01', 54187.00, 12486.00, 23638.00, 19988.00, 78058.00, 56397.00, 15613.00, 87704.00, 20950.00, 75163.00000, 42167.00000, 86183.00000, 67655.00000, 14744.00000, 56007.00000, 58629.00000, 56266.00000, 84324.00000),
(129, 1, 1, 1, 5.00, 1.00, 8.00, 8408156.00000, 0.34300, '2012-06-01', 29297.00, 86562.00, 10204.00, 42126.00, 50135.00, 34565.00, 11003.00, 64545.00, 96281.00, 20464.00000, 180.00000, 86981.00000, 10055.00000, 48355.00000, 60909.00000, 89162.00000, 51409.00000, 99970.00000),
(130, 1, 1, 2, 7.00, 2.00, 6.00, 1947973.00000, 0.73527, '2012-06-01', 21740.00, 24809.00, 39392.00, 40311.00, 47015.00, 63485.00, 90440.00, 91635.00, 95022.00, 17834.00000, 12019.00000, 40077.00000, 8270.00000, 25376.00000, 45362.00000, 12071.00000, 10570.00000, 57639.00000),
(131, 1, 1, 3, 6.00, 5.00, 4.00, 569759.00000, 0.20572, '2012-06-01', 68741.00, 27820.00, 59669.00, 80191.00, 47432.00, 99981.00, 49149.00, 9544.00, 54716.00, 21418.00000, 53342.00000, 19171.00000, 11183.00000, 90278.00000, 74144.00000, 63217.00000, 22101.00000, 53361.00000),
(132, 1, 1, 4, 1.00, 8.00, 7.00, 311478.00000, 0.40941, '2012-06-01', 76105.00, 5260.00, 28585.00, 94213.00, 59211.00, 33801.00, 79328.00, 4539.00, 67773.00, 67741.00000, 33593.00000, 52593.00000, 43236.00000, 50024.00000, 82945.00000, 7110.00000, 55859.00000, 72902.00000),
(133, 1, 1, 5, 8.00, 5.00, 3.00, 9585977.00000, 0.72033, '2012-06-01', 98456.00, 88086.00, 32048.00, 18707.00, 69856.00, 50928.00, 67280.00, 32243.00, 94043.00, 82630.00000, 48492.00000, 93497.00000, 15576.00000, 40922.00000, 92732.00000, 22903.00000, 89347.00000, 79201.00000),
(134, 1, 1, 6, 3.00, 6.00, 4.00, 2030561.00000, 0.91275, '2012-06-01', 1231.00, 76346.00, 85080.00, 9292.00, 18130.00, 72001.00, 99705.00, 93166.00, 15485.00, 68863.00000, 83583.00000, 61156.00000, 25213.00000, 863.00000, 65890.00000, 91886.00000, 9057.00000, 49426.00000),
(135, 1, 1, 8, 6.00, 4.00, 4.00, 8665358.00000, 0.75231, '2012-06-01', 51813.00, 64524.00, 32286.00, 78304.00, 72422.00, 65642.00, 37492.00, 35383.00, 43880.00, 60366.00000, 70828.00000, 72162.00000, 84782.00000, 72711.00000, 67665.00000, 18162.00000, 45440.00000, 14366.00000),
(136, 1, 1, 9, 7.00, 7.00, 5.00, 7914583.00000, 0.46394, '2012-06-01', 86139.00, 68159.00, 6838.00, 75453.00, 51992.00, 22063.00, 34241.00, 71345.00, 86163.00, 37899.00000, 2498.00000, 3319.00000, 39528.00000, 89028.00000, 41651.00000, 46733.00000, 64981.00000, 26337.00000),
(137, 1, 1, 10, 1.00, 4.00, 1.00, 7947261.00000, 0.17580, '2012-06-01', 26489.00, 66151.00, 24132.00, 27952.00, 99259.00, 68216.00, 13666.00, 12649.00, 67930.00, 56530.00000, 45175.00000, 11593.00000, 17362.00000, 15388.00000, 46768.00000, 95588.00000, 77639.00000, 57100.00000),
(138, 1, 1, 11, 4.00, 5.00, 8.00, 9031541.00000, 0.53200, '2012-06-01', 20084.00, 62067.00, 7758.00, 64201.00, 8807.00, 13481.00, 60333.00, 89214.00, 77474.00, 16877.00000, 79739.00000, 78355.00000, 86862.00000, 62158.00000, 41127.00000, 61513.00000, 95937.00000, 58067.00000),
(139, 1, 1, 12, 1.00, 4.00, 8.00, 764166.00000, 0.52983, '2012-06-01', 5721.00, 26617.00, 18178.00, 4985.00, 58778.00, 2655.00, 72740.00, 36290.00, 1542.00, 65625.00000, 71920.00000, 73258.00000, 77547.00000, 78731.00000, 12454.00000, 56900.00000, 77510.00000, 81428.00000),
(140, 1, 1, 13, 2.00, 4.00, 5.00, 2075497.00000, 0.97205, '2012-06-01', 52757.00, 32431.00, 60895.00, 24516.00, 26321.00, 86844.00, 42541.00, 83665.00, 73521.00, 20079.00000, 24642.00000, 90762.00000, 29671.00000, 92761.00000, 4176.00000, 21248.00000, 72358.00000, 99227.00000),
(141, 1, 1, 14, 7.00, 7.00, 7.00, 5359850.00000, 0.10008, '2012-06-01', 73583.00, 42397.00, 63732.00, 60288.00, 3533.00, 84333.00, 58823.00, 71684.00, 24909.00, 8042.00000, 29186.00000, 49789.00000, 28039.00000, 56381.00000, 9201.00000, 20446.00000, 94119.00000, 90051.00000),
(142, 1, 1, 15, 1.00, 5.00, 6.00, 8973501.00000, 0.11476, '2012-06-01', 88980.00, 76537.00, 857.00, 56136.00, 47222.00, 5812.00, 36794.00, 95505.00, 29355.00, 79018.00000, 45376.00000, 10688.00000, 14371.00000, 93168.00000, 85543.00000, 83519.00000, 54676.00000, 9838.00000),
(143, 1, 1, 16, 6.00, 2.00, 5.00, 8433982.00000, 0.43449, '2012-06-01', 17253.00, 26284.00, 66317.00, 57723.00, 50753.00, 32808.00, 10518.00, 68762.00, 69039.00, 74579.00000, 20130.00000, 97920.00000, 9353.00000, 19933.00000, 35979.00000, 83313.00000, 72741.00000, 68537.00000),
(144, 1, 1, 17, 8.00, 3.00, 5.00, 419588.00000, 0.75852, '2012-06-01', 91286.00, 72730.00, 54026.00, 12256.00, 90613.00, 26139.00, 37841.00, 76637.00, 1793.00, 1815.00000, 24953.00000, 40031.00000, 76679.00000, 62455.00000, 6237.00000, 80562.00000, 83212.00000, 92611.00000),
(145, 1, 1, 18, 3.00, 2.00, 4.00, 1188379.00000, 0.58302, '2012-06-01', 92937.00, 59953.00, 6459.00, 14487.00, 9479.00, 49552.00, 25474.00, 74460.00, 489.00, 61564.00000, 21664.00000, 19151.00000, 20353.00000, 26235.00000, 15191.00000, 12580.00000, 67925.00000, 77086.00000),
(146, 1, 1, 19, 3.00, 4.00, 3.00, 252763.00000, 0.25793, '2012-06-01', 72200.00, 59505.00, 7838.00, 22284.00, 49030.00, 68543.00, 11869.00, 87064.00, 72293.00, 26225.00000, 34093.00000, 17862.00000, 44914.00000, 35283.00000, 19011.00000, 39170.00000, 59483.00000, 74198.00000),
(147, 1, 1, 20, 8.00, 7.00, 3.00, 4787335.00000, 0.17361, '2012-06-01', 19991.00, 90557.00, 12709.00, 4965.00, 32156.00, 48533.00, 2900.00, 17939.00, 82086.00, 81020.00000, 9800.00000, 40310.00000, 54601.00000, 70452.00000, 31091.00000, 58599.00000, 75731.00000, 38141.00000),
(148, 1, 1, 21, 7.00, 8.00, 7.00, 5339122.00000, 0.47215, '2012-06-01', 31074.00, 59280.00, 39364.00, 83305.00, 80497.00, 91453.00, 5272.00, 23397.00, 28304.00, 67072.00000, 86359.00000, 65575.00000, 67254.00000, 55306.00000, 5838.00000, 98169.00000, 7748.00000, 41651.00000),
(149, 1, 1, 22, 4.00, 4.00, 5.00, 4238653.00000, 0.14168, '2012-06-01', 85376.00, 55992.00, 65296.00, 72121.00, 49801.00, 31035.00, 87623.00, 82209.00, 90365.00, 5268.00000, 963.00000, 81201.00000, 97935.00000, 50328.00000, 97257.00000, 56254.00000, 70348.00000, 62092.00000),
(150, 1, 1, 23, 6.00, 7.00, 6.00, 3455207.00000, 0.35235, '2012-06-01', 65414.00, 45519.00, 22689.00, 79810.00, 52263.00, 48486.00, 91542.00, 78188.00, 86028.00, 32495.00000, 81495.00000, 25679.00000, 58850.00000, 76121.00000, 39152.00000, 8130.00000, 94158.00000, 32383.00000),
(151, 1, 1, NULL, 3.00, 6.00, 8.00, 300080.00000, 0.51160, '2012-07-01', 49902.00, 85100.00, 22965.00, 20112.00, 63509.00, 31390.00, 2159.00, 67967.00, 11479.00, 5281.00000, 96585.00000, 58623.00000, 4736.00000, 28556.00000, 31244.00000, 8999.00000, 1743.00000, 5199.00000),
(152, 1, 2, NULL, 8.00, 4.00, 5.00, 156296.00000, 0.71422, '2012-07-01', 72835.00, 24415.00, 11809.00, 25225.00, 88655.00, 38951.00, 77338.00, 38091.00, 74879.00, 415.00000, 85734.00000, 45965.00000, 1160.00000, 98081.00000, 30212.00000, 74839.00000, 43244.00000, 81282.00000),
(153, 1, 3, NULL, 6.00, 8.00, 1.00, 801953.00000, 0.75169, '2012-07-01', 18279.00, 8456.00, 18624.00, 28842.00, 44186.00, 82760.00, 53856.00, 46659.00, 62116.00, 97045.00000, 22906.00000, 33148.00000, 86278.00000, 89923.00000, 31370.00000, 24951.00000, 93735.00000, 52809.00000),
(154, 1, 1, 1, 1.00, 4.00, 6.00, 2435375.00000, 0.83276, '2012-07-01', 66910.00, 72304.00, 60219.00, 94274.00, 54736.00, 64657.00, 51129.00, 87908.00, 97260.00, 49643.00000, 56680.00000, 12701.00000, 49456.00000, 38167.00000, 21116.00000, 54139.00000, 11242.00000, 48752.00000),
(155, 1, 1, 2, 5.00, 5.00, 2.00, 8564572.00000, 0.79483, '2012-07-01', 44705.00, 13465.00, 56958.00, 22590.00, 39730.00, 14517.00, 40449.00, 79660.00, 84178.00, 86721.00000, 65689.00000, 95124.00000, 77996.00000, 70521.00000, 40492.00000, 75017.00000, 47511.00000, 1477.00000),
(156, 1, 1, 3, 4.00, 5.00, 8.00, 9992630.00000, 0.44590, '2012-07-01', 54730.00, 1727.00, 1503.00, 47338.00, 37608.00, 11857.00, 69670.00, 87205.00, 39115.00, 1580.00000, 56851.00000, 62332.00000, 56137.00000, 45947.00000, 98077.00000, 61742.00000, 25599.00000, 13425.00000),
(157, 1, 1, 4, 8.00, 6.00, 4.00, 8998547.00000, 0.11866, '2012-07-01', 50866.00, 5353.00, 91483.00, 54241.00, 92607.00, 15858.00, 23582.00, 44485.00, 33952.00, 69446.00000, 96729.00000, 20640.00000, 90338.00000, 31433.00000, 2516.00000, 62248.00000, 6036.00000, 22812.00000),
(158, 1, 1, 5, 5.00, 1.00, 3.00, 8550042.00000, 0.66051, '2012-07-01', 26913.00, 47448.00, 43248.00, 38466.00, 76573.00, 48756.00, 12899.00, 37023.00, 870.00, 31533.00000, 25352.00000, 63011.00000, 97035.00000, 59391.00000, 55194.00000, 46684.00000, 72874.00000, 80986.00000),
(159, 1, 1, 6, 6.00, 5.00, 8.00, 2374058.00000, 0.95450, '2012-07-01', 66082.00, 37217.00, 23182.00, 26484.00, 90569.00, 54323.00, 87528.00, 91634.00, 53996.00, 3778.00000, 4681.00000, 96421.00000, 42607.00000, 6322.00000, 84736.00000, 46868.00000, 24378.00000, 71987.00000),
(160, 1, 1, 8, 1.00, 8.00, 4.00, 1268803.00000, 0.80137, '2012-07-01', 58280.00, 85552.00, 85739.00, 85315.00, 7928.00, 31888.00, 64914.00, 87670.00, 74371.00, 43990.00000, 8748.00000, 63377.00000, 5706.00000, 26555.00000, 74865.00000, 34122.00000, 26507.00000, 55958.00000),
(161, 1, 1, 9, 2.00, 7.00, 1.00, 6974749.00000, 0.72359, '2012-07-01', 40740.00, 14299.00, 3337.00, 61379.00, 92939.00, 58731.00, 63048.00, 77374.00, 46800.00, 54134.00000, 66582.00000, 48703.00000, 54113.00000, 78744.00000, 5030.00000, 23754.00000, 38511.00000, 88490.00000),
(162, 1, 1, 10, 4.00, 4.00, 7.00, 4119454.00000, 0.74160, '2012-07-01', 17465.00, 72832.00, 79985.00, 87484.00, 44901.00, 56589.00, 21679.00, 47238.00, 56729.00, 98555.00000, 1931.00000, 89748.00000, 32962.00000, 10910.00000, 28870.00000, 65461.00000, 89432.00000, 63829.00000),
(163, 1, 1, 11, 6.00, 5.00, 4.00, 2475585.00000, 0.72096, '2012-07-01', 37958.00, 37006.00, 70349.00, 401.00, 25465.00, 20701.00, 68345.00, 94683.00, 54068.00, 71880.00000, 38808.00000, 29085.00000, 78862.00000, 68177.00000, 31840.00000, 24782.00000, 94674.00000, 48172.00000),
(164, 1, 1, 12, 2.00, 2.00, 1.00, 453876.00000, 0.49754, '2012-07-01', 28614.00, 15775.00, 80964.00, 9576.00, 93332.00, 46549.00, 33013.00, 77531.00, 4410.00, 9798.00000, 80910.00000, 54756.00000, 75879.00000, 89286.00000, 24757.00000, 86918.00000, 92456.00000, 752.00000),
(165, 1, 1, 13, 8.00, 6.00, 6.00, 380444.00000, 0.92088, '2012-07-01', 97016.00, 94071.00, 81305.00, 59901.00, 64983.00, 28097.00, 56973.00, 78371.00, 63705.00, 18242.00000, 40652.00000, 56163.00000, 46513.00000, 73206.00000, 17049.00000, 86334.00000, 58576.00000, 82319.00000),
(166, 1, 1, 14, 3.00, 7.00, 1.00, 9968196.00000, 0.27594, '2012-07-01', 76530.00, 29765.00, 7975.00, 66646.00, 81988.00, 28337.00, 37877.00, 77479.00, 73280.00, 33955.00000, 99393.00000, 47738.00000, 34353.00000, 72651.00000, 78395.00000, 29923.00000, 62596.00000, 2603.00000),
(167, 1, 1, 15, 1.00, 5.00, 1.00, 983081.00000, 0.31542, '2012-07-01', 41595.00, 75644.00, 70951.00, 54487.00, 55377.00, 33703.00, 8510.00, 3310.00, 24401.00, 75960.00000, 71236.00000, 77115.00000, 83058.00000, 57373.00000, 49776.00000, 84546.00000, 10556.00000, 18368.00000),
(168, 1, 1, 16, 7.00, 8.00, 2.00, 6390367.00000, 0.39508, '2012-07-01', 88202.00, 38948.00, 90985.00, 81710.00, 49129.00, 67284.00, 95797.00, 80058.00, 51594.00, 397.00000, 70191.00000, 42310.00000, 29758.00000, 55225.00000, 20076.00000, 40616.00000, 11776.00000, 37420.00000),
(169, 1, 1, 17, 7.00, 7.00, 8.00, 8560135.00000, 0.84017, '2012-07-01', 90337.00, 29110.00, 18117.00, 88447.00, 24117.00, 13149.00, 94492.00, 65459.00, 53352.00, 25191.00000, 16716.00000, 94328.00000, 43523.00000, 22451.00000, 71927.00000, 16385.00000, 58278.00000, 26172.00000),
(170, 1, 1, 18, 2.00, 1.00, 6.00, 2130677.00000, 0.43192, '2012-07-01', 97565.00, 75103.00, 47476.00, 20648.00, 95632.00, 74761.00, 38921.00, 25837.00, 46341.00, 71309.00000, 63755.00000, 56916.00000, 15273.00000, 68767.00000, 88526.00000, 25425.00000, 10824.00000, 1526.00000),
(171, 1, 1, 19, 4.00, 8.00, 3.00, 1612489.00000, 0.18847, '2012-07-01', 66753.00, 21671.00, 27145.00, 97177.00, 56059.00, 71779.00, 89366.00, 36613.00, 82119.00, 3905.00000, 93844.00000, 40556.00000, 25667.00000, 64494.00000, 62619.00000, 48926.00000, 76134.00000, 75378.00000),
(172, 1, 1, 20, 5.00, 7.00, 2.00, 1641971.00000, 0.11310, '2012-07-01', 73879.00, 43791.00, 3299.00, 30376.00, 50209.00, 30584.00, 4141.00, 10364.00, 79729.00, 88620.00000, 90899.00000, 62494.00000, 90145.00000, 54934.00000, 10197.00000, 74911.00000, 38431.00000, 4811.00000),
(173, 1, 1, 21, 4.00, 5.00, 7.00, 8545766.00000, 0.74860, '2012-07-01', 73018.00, 83979.00, 69707.00, 77059.00, 36194.00, 75381.00, 62401.00, 88455.00, 55324.00, 47847.00000, 49152.00000, 20931.00000, 38563.00000, 94492.00000, 36367.00000, 34094.00000, 82324.00000, 7029.00000),
(174, 1, 1, 22, 7.00, 6.00, 8.00, 3260690.00000, 0.36240, '2012-07-01', 30692.00, 19281.00, 71773.00, 50158.00, 77401.00, 19176.00, 94865.00, 54871.00, 81763.00, 43582.00000, 14063.00000, 34913.00000, 69834.00000, 16102.00000, 59226.00000, 68383.00000, 96105.00000, 43309.00000),
(175, 1, 1, 23, 7.00, 6.00, 2.00, 7858041.00000, 0.34970, '2012-07-01', 86796.00, 83422.00, 12510.00, 49749.00, 21814.00, 95044.00, 78833.00, 53111.00, 39533.00, 48334.00000, 88407.00000, 46096.00000, 83728.00000, 98032.00000, 6774.00000, 76548.00000, 58996.00000, 16726.00000),
(176, 1, 1, NULL, 3.00, 1.00, 8.00, 870319.00000, 0.73960, '2012-08-01', 7949.00, 31.00, 32902.00, 6878.00, 2477.00, 49987.00, 87614.00, 73335.00, 47345.00, 53253.00000, 75700.00000, 35548.00000, 49258.00000, 97994.00000, 15553.00000, 16808.00000, 5693.00000, 19945.00000),
(177, 1, 2, NULL, 3.00, 7.00, 2.00, 223411.00000, 0.53477, '2012-08-01', 67604.00, 33572.00, 54068.00, 46777.00, 69987.00, 84961.00, 62727.00, 62030.00, 26912.00, 56991.00000, 2899.00000, 33863.00000, 34749.00000, 27045.00000, 75214.00000, 46793.00000, 71816.00000, 66369.00000),
(178, 1, 3, NULL, 2.00, 1.00, 6.00, 972913.00000, 0.13039, '2012-08-01', 12781.00, 96216.00, 71802.00, 85188.00, 43052.00, 3125.00, 5437.00, 21620.00, 90282.00, 38274.00000, 23511.00000, 89682.00000, 57309.00000, 68894.00000, 98873.00000, 13539.00000, 91495.00000, 95355.00000),
(179, 1, 1, 1, 6.00, 6.00, 7.00, 8320630.00000, 0.81796, '2012-08-01', 80450.00, 71159.00, 92535.00, 93748.00, 23046.00, 29547.00, 14247.00, 48881.00, 3697.00, 26605.00000, 92305.00000, 36461.00000, 54667.00000, 19293.00000, 76004.00000, 62779.00000, 61598.00000, 41777.00000),
(180, 1, 1, 2, 4.00, 5.00, 2.00, 2728828.00000, 0.19577, '2012-08-01', 97742.00, 24419.00, 42036.00, 44026.00, 80329.00, 88331.00, 15746.00, 40104.00, 54978.00, 7441.00000, 51779.00000, 26471.00000, 19632.00000, 20455.00000, 49938.00000, 80307.00000, 80620.00000, 89717.00000);
INSERT INTO `app_holdperfmonth` (`id`, `fund_id`, `holding_id`, `holding_category_id`, `si`, `ytd`, `performance`, `nav`, `weight`, `value_date`, `inflow_euro`, `inflow_dollar`, `outflow_euro`, `outflow_dollar`, `delta_valuation`, `delta_flow`, `cash_flow`, `expense`, `irr`, `drawdown`, `distribution`, `residual_commit`, `valuation`, `net_movement`, `total_value`, `proceed`, `commit`, `various`) VALUES
(181, 1, 1, 3, 6.00, 2.00, 4.00, 4357372.00000, 0.29860, '2012-08-01', 16450.00, 95332.00, 80112.00, 71539.00, 79144.00, 33459.00, 50566.00, 18627.00, 61862.00, 18153.00000, 23693.00000, 26840.00000, 35504.00000, 47531.00000, 96516.00000, 89747.00000, 23104.00000, 49154.00000),
(182, 1, 1, 4, 5.00, 1.00, 3.00, 1191075.00000, 0.43465, '2012-08-01', 30970.00, 36350.00, 95687.00, 57109.00, 28429.00, 79276.00, 35224.00, 33856.00, 47319.00, 40890.00000, 64878.00000, 90063.00000, 12519.00000, 855.00000, 83344.00000, 46726.00000, 78366.00000, 31663.00000),
(183, 1, 1, 5, 2.00, 3.00, 3.00, 4493125.00000, 0.23431, '2012-08-01', 81617.00, 49752.00, 13919.00, 6049.00, 7688.00, 42021.00, 41071.00, 42188.00, 62890.00, 3123.00000, 91401.00000, 99949.00000, 37935.00000, 61369.00000, 27972.00000, 70336.00000, 86507.00000, 64586.00000),
(184, 1, 1, 6, 8.00, 7.00, 6.00, 4281095.00000, 0.15220, '2012-08-01', 24867.00, 8329.00, 18527.00, 86045.00, 69939.00, 30531.00, 87212.00, 38126.00, 90677.00, 39846.00000, 46516.00000, 29582.00000, 71762.00000, 15732.00000, 6260.00000, 11388.00000, 63313.00000, 40806.00000),
(185, 1, 1, 8, 4.00, 7.00, 7.00, 1920028.00000, 0.21463, '2012-08-01', 2217.00, 15383.00, 22730.00, 5545.00, 83424.00, 81007.00, 185.00, 93904.00, 47403.00, 41274.00000, 8035.00000, 37043.00000, 21545.00000, 45749.00000, 76944.00000, 97780.00000, 50283.00000, 79642.00000),
(186, 1, 1, 9, 5.00, 2.00, 4.00, 8486823.00000, 0.26302, '2012-08-01', 8033.00, 26906.00, 3061.00, 10163.00, 84229.00, 887.00, 4079.00, 79067.00, 81996.00, 74730.00000, 81430.00000, 1380.00000, 24846.00000, 43525.00000, 81614.00000, 74191.00000, 80447.00000, 89360.00000),
(187, 1, 1, 10, 4.00, 2.00, 5.00, 1867171.00000, 0.36555, '2012-08-01', 42851.00, 29629.00, 73674.00, 18987.00, 71939.00, 72597.00, 74202.00, 86444.00, 77687.00, 49717.00000, 27923.00000, 82481.00000, 36807.00000, 75622.00000, 11624.00000, 6962.00000, 10832.00000, 77149.00000),
(188, 1, 1, 11, 8.00, 2.00, 7.00, 3196625.00000, 0.17207, '2012-08-01', 86879.00, 49277.00, 57710.00, 96479.00, 97363.00, 88309.00, 44174.00, 16086.00, 54131.00, 18821.00000, 10708.00000, 5734.00000, 68892.00000, 69410.00000, 70958.00000, 7030.00000, 85104.00000, 22701.00000),
(189, 1, 1, 12, 4.00, 2.00, 3.00, 5134823.00000, 0.43970, '2012-08-01', 76441.00, 24066.00, 58981.00, 46267.00, 18851.00, 79747.00, 56056.00, 21040.00, 33776.00, 13334.00000, 53130.00000, 38528.00000, 9518.00000, 77444.00000, 4786.00000, 56472.00000, 53077.00000, 13082.00000),
(190, 1, 1, 13, 5.00, 1.00, 8.00, 5878121.00000, 0.57567, '2012-08-01', 63676.00, 68274.00, 4699.00, 85029.00, 75575.00, 5543.00, 28711.00, 86697.00, 25210.00, 90136.00000, 40737.00000, 41380.00000, 51691.00000, 6240.00000, 34454.00000, 80258.00000, 1699.00000, 13058.00000),
(191, 1, 1, 14, 5.00, 4.00, 3.00, 4310897.00000, 0.14273, '2012-08-01', 60665.00, 74254.00, 15951.00, 67671.00, 80209.00, 11994.00, 77656.00, 63650.00, 81466.00, 95701.00000, 59452.00000, 16364.00000, 72243.00000, 50524.00000, 50261.00000, 47252.00000, 86591.00000, 58555.00000),
(192, 1, 1, 15, 1.00, 7.00, 7.00, 4084401.00000, 0.47267, '2012-08-01', 31193.00, 29604.00, 30049.00, 90504.00, 48736.00, 12717.00, 94901.00, 73947.00, 20722.00, 39796.00000, 51446.00000, 57839.00000, 34962.00000, 14826.00000, 37534.00000, 4798.00000, 45983.00000, 99945.00000),
(193, 1, 1, 16, 5.00, 6.00, 5.00, 7313351.00000, 0.69114, '2012-08-01', 46515.00, 24267.00, 25434.00, 19684.00, 32627.00, 17864.00, 19675.00, 93594.00, 62966.00, 75649.00000, 76443.00000, 62098.00000, 74976.00000, 51685.00000, 70093.00000, 13644.00000, 17141.00000, 77310.00000),
(194, 1, 1, 17, 5.00, 3.00, 6.00, 4050640.00000, 0.26426, '2012-08-01', 92262.00, 28779.00, 34243.00, 51250.00, 83138.00, 97175.00, 86890.00, 53588.00, 62512.00, 2528.00000, 84409.00000, 62780.00000, 2387.00000, 15851.00000, 56750.00000, 35704.00000, 72240.00000, 41332.00000),
(195, 1, 1, 18, 7.00, 1.00, 3.00, 3394138.00000, 0.60642, '2012-08-01', 49812.00, 1467.00, 34840.00, 50938.00, 58664.00, 2528.00, 30646.00, 55727.00, 23388.00, 61959.00000, 186.00000, 61912.00000, 67292.00000, 87725.00000, 50328.00000, 45103.00000, 38312.00000, 58769.00000),
(196, 1, 1, 19, 8.00, 5.00, 1.00, 6282944.00000, 0.36399, '2012-08-01', 65114.00, 71892.00, 80471.00, 11812.00, 52181.00, 17443.00, 69473.00, 60059.00, 3408.00, 4329.00000, 47584.00000, 5999.00000, 71416.00000, 47905.00000, 65497.00000, 40183.00000, 90931.00000, 72579.00000),
(197, 1, 1, 20, 1.00, 8.00, 3.00, 1120478.00000, 0.51596, '2012-08-01', 10807.00, 66975.00, 43920.00, 80337.00, 13603.00, 12763.00, 75401.00, 40267.00, 46542.00, 45606.00000, 78643.00000, 30085.00000, 94997.00000, 44630.00000, 27532.00000, 93459.00000, 90631.00000, 75409.00000),
(198, 1, 1, 21, 5.00, 7.00, 3.00, 5402961.00000, 0.42473, '2012-08-01', 29320.00, 71998.00, 58023.00, 10764.00, 84821.00, 79356.00, 73944.00, 64467.00, 34700.00, 58073.00000, 5347.00000, 91825.00000, 73798.00000, 63390.00000, 44899.00000, 8138.00000, 10004.00000, 78250.00000),
(199, 1, 1, 22, 1.00, 8.00, 3.00, 7593438.00000, 0.92191, '2012-08-01', 40784.00, 56712.00, 25166.00, 81621.00, 6000.00, 31087.00, 67639.00, 88785.00, 77732.00, 25890.00000, 16926.00000, 27430.00000, 98063.00000, 82258.00000, 22348.00000, 60090.00000, 13428.00000, 91117.00000),
(200, 1, 1, 23, 2.00, 1.00, 2.00, 2062460.00000, 0.49809, '2012-08-01', 93161.00, 67659.00, 39465.00, 69459.00, 51648.00, 70160.00, 48454.00, 48827.00, 97838.00, 61475.00000, 35072.00000, 39402.00000, 27480.00000, 66446.00000, 66466.00000, 98547.00000, 69303.00000, 81798.00000),
(201, 1, 1, NULL, 6.00, 3.00, 8.00, 605101.00000, 0.73206, '2012-09-01', 31977.00, 76080.00, 73331.00, 75871.00, 44440.00, 66851.00, 67422.00, 26186.00, 78987.00, 99740.00000, 47178.00000, 551.00000, 3920.00000, 26432.00000, 67464.00000, 29126.00000, 65458.00000, 92784.00000),
(202, 1, 2, NULL, 4.00, 8.00, 2.00, 990097.00000, 0.61437, '2012-09-01', 65307.00, 97881.00, 64435.00, 63395.00, 57315.00, 71589.00, 42668.00, 7918.00, 93582.00, 69738.00000, 73476.00000, 79124.00000, 6983.00000, 80546.00000, 13494.00000, 92950.00000, 64210.00000, 96799.00000),
(203, 1, 3, NULL, 3.00, 1.00, 4.00, 139714.00000, 0.36060, '2012-09-01', 89355.00, 54896.00, 26283.00, 37083.00, 32867.00, 271.00, 78696.00, 70003.00, 72832.00, 19104.00000, 62004.00000, 27102.00000, 36350.00000, 57822.00000, 34858.00000, 78910.00000, 51750.00000, 59565.00000),
(204, 1, 1, 1, 5.00, 2.00, 4.00, 9188844.00000, 0.15414, '2012-09-01', 64840.00, 96333.00, 25733.00, 8380.00, 57336.00, 21768.00, 18044.00, 74445.00, 264.00, 56463.00000, 97316.00000, 36738.00000, 20073.00000, 68528.00000, 42522.00000, 16306.00000, 6107.00000, 19807.00000),
(205, 1, 1, 2, 3.00, 1.00, 4.00, 2611964.00000, 0.49534, '2012-09-01', 64473.00, 49171.00, 6952.00, 70384.00, 72228.00, 40309.00, 19583.00, 10849.00, 12425.00, 70164.00000, 36512.00000, 4017.00000, 80121.00000, 40996.00000, 55678.00000, 82947.00000, 10816.00000, 20174.00000),
(206, 1, 1, 3, 1.00, 5.00, 8.00, 6619874.00000, 0.49672, '2012-09-01', 78016.00, 23426.00, 26568.00, 39480.00, 94725.00, 38351.00, 24098.00, 29751.00, 91038.00, 87039.00000, 96471.00000, 30551.00000, 12436.00000, 1725.00000, 66925.00000, 54377.00000, 74668.00000, 87101.00000),
(207, 1, 1, 4, 4.00, 3.00, 3.00, 3020049.00000, 0.30068, '2012-09-01', 70288.00, 31282.00, 13112.00, 19207.00, 46500.00, 66708.00, 85541.00, 25266.00, 5642.00, 7688.00000, 14644.00000, 6321.00000, 11326.00000, 68931.00000, 92705.00000, 68483.00000, 4228.00000, 42908.00000),
(208, 1, 1, 5, 8.00, 8.00, 4.00, 6403798.00000, 0.88040, '2012-09-01', 51403.00, 79742.00, 58825.00, 47340.00, 66083.00, 37063.00, 86185.00, 25682.00, 99939.00, 15083.00000, 54453.00000, 99624.00000, 49524.00000, 90699.00000, 79921.00000, 79110.00000, 32178.00000, 82988.00000),
(209, 1, 1, 6, 4.00, 6.00, 6.00, 2555006.00000, 0.72636, '2012-09-01', 50072.00, 34015.00, 36447.00, 42167.00, 77068.00, 97313.00, 86481.00, 79466.00, 49179.00, 41749.00000, 46444.00000, 79631.00000, 11925.00000, 64887.00000, 76929.00000, 9435.00000, 25575.00000, 26582.00000),
(210, 1, 1, 8, 2.00, 7.00, 4.00, 5110179.00000, 0.15032, '2012-09-01', 27034.00, 9123.00, 45765.00, 34293.00, 86254.00, 83395.00, 30822.00, 22546.00, 29679.00, 44315.00000, 28993.00000, 45574.00000, 72307.00000, 48970.00000, 19935.00000, 23220.00000, 58045.00000, 25141.00000),
(211, 1, 1, 9, 8.00, 7.00, 3.00, 530084.00000, 0.68774, '2012-09-01', 31576.00, 13700.00, 5905.00, 16483.00, 23332.00, 23504.00, 99812.00, 91387.00, 87680.00, 67040.00000, 33538.00000, 56108.00000, 18091.00000, 28400.00000, 83866.00000, 60364.00000, 89472.00000, 42183.00000),
(212, 1, 1, 10, 7.00, 1.00, 7.00, 8994717.00000, 0.12589, '2012-09-01', 44254.00, 13727.00, 99690.00, 74167.00, 99818.00, 69830.00, 71261.00, 91963.00, 43014.00, 76060.00000, 94902.00000, 89085.00000, 99700.00000, 39912.00000, 9753.00000, 36093.00000, 84104.00000, 22245.00000),
(213, 1, 1, 11, 8.00, 4.00, 6.00, 393895.00000, 0.46226, '2012-09-01', 40733.00, 49965.00, 36436.00, 39190.00, 62664.00, 69545.00, 32257.00, 19931.00, 33019.00, 53782.00000, 82202.00000, 41025.00000, 34534.00000, 27380.00000, 48982.00000, 69497.00000, 83987.00000, 16072.00000),
(214, 1, 1, 12, 8.00, 7.00, 2.00, 4671494.00000, 0.32508, '2012-09-01', 92939.00, 84027.00, 11506.00, 52211.00, 85290.00, 23750.00, 41558.00, 20671.00, 7607.00, 39756.00000, 55218.00000, 94519.00000, 93774.00000, 71369.00000, 50432.00000, 37159.00000, 49571.00000, 25159.00000),
(215, 1, 1, 13, 4.00, 3.00, 1.00, 2311822.00000, 0.91945, '2012-09-01', 19236.00, 67415.00, 49974.00, 78801.00, 36192.00, 47506.00, 7444.00, 56693.00, 15893.00, 21449.00000, 48893.00000, 4933.00000, 42338.00000, 81544.00000, 83765.00000, 17237.00000, 64217.00000, 2507.00000),
(216, 1, 1, 14, 6.00, 6.00, 4.00, 5151699.00000, 0.40901, '2012-09-01', 97272.00, 74404.00, 57379.00, 25585.00, 38502.00, 54946.00, 72135.00, 6.00, 66261.00, 62332.00000, 95516.00000, 99685.00000, 53628.00000, 78880.00000, 96960.00000, 64824.00000, 43829.00000, 63108.00000),
(217, 1, 1, 15, 6.00, 6.00, 8.00, 9603106.00000, 0.53273, '2012-09-01', 9388.00, 20833.00, 70619.00, 87615.00, 53369.00, 87404.00, 35470.00, 33850.00, 17416.00, 86662.00000, 33443.00000, 14020.00000, 4131.00000, 45725.00000, 58476.00000, 41856.00000, 18119.00000, 22226.00000),
(218, 1, 1, 16, 7.00, 1.00, 1.00, 7345019.00000, 0.46796, '2012-09-01', 56816.00, 85353.00, 56517.00, 83365.00, 88868.00, 54991.00, 21577.00, 75792.00, 78230.00, 10340.00000, 59968.00000, 76887.00000, 1522.00000, 86938.00000, 57037.00000, 89260.00000, 31581.00000, 77460.00000),
(219, 1, 1, 17, 1.00, 6.00, 2.00, 3913014.00000, 0.21316, '2012-09-01', 27138.00, 70153.00, 47372.00, 16858.00, 37519.00, 48423.00, 52036.00, 87087.00, 38028.00, 18422.00000, 54352.00000, 10547.00000, 58167.00000, 2855.00000, 32930.00000, 58014.00000, 80107.00000, 34719.00000),
(220, 1, 1, 18, 7.00, 1.00, 3.00, 2012510.00000, 0.48399, '2012-09-01', 64372.00, 14718.00, 71910.00, 3110.00, 32163.00, 45944.00, 42533.00, 47719.00, 84640.00, 66749.00000, 66133.00000, 65824.00000, 59373.00000, 46462.00000, 54888.00000, 56241.00000, 77788.00000, 38189.00000),
(221, 1, 1, 19, 1.00, 1.00, 4.00, 4642295.00000, 0.58401, '2012-09-01', 86081.00, 12566.00, 32471.00, 90546.00, 12348.00, 41238.00, 73791.00, 87938.00, 37399.00, 44506.00000, 86097.00000, 88618.00000, 83316.00000, 12803.00000, 85412.00000, 69122.00000, 6505.00000, 66833.00000),
(222, 1, 1, 20, 2.00, 8.00, 8.00, 1827356.00000, 0.13000, '2012-09-01', 37138.00, 79215.00, 32789.00, 13332.00, 38842.00, 21435.00, 26264.00, 47111.00, 28215.00, 93386.00000, 52062.00000, 84328.00000, 77134.00000, 60197.00000, 68595.00000, 12286.00000, 81503.00000, 45935.00000),
(223, 1, 1, 21, 1.00, 7.00, 7.00, 5226571.00000, 0.47742, '2012-09-01', 3137.00, 45020.00, 52885.00, 62570.00, 80132.00, 21115.00, 98823.00, 75059.00, 75269.00, 13822.00000, 88786.00000, 88623.00000, 78862.00000, 95997.00000, 98699.00000, 937.00000, 15315.00000, 86633.00000),
(224, 1, 1, 22, 5.00, 6.00, 1.00, 3246085.00000, 0.10915, '2012-09-01', 3315.00, 97871.00, 44743.00, 49374.00, 48139.00, 78518.00, 37018.00, 82171.00, 45704.00, 25284.00000, 73832.00000, 46625.00000, 14679.00000, 86674.00000, 24911.00000, 18907.00000, 38024.00000, 27003.00000),
(225, 1, 1, 23, 8.00, 6.00, 5.00, 8894933.00000, 0.89200, '2012-09-01', 12450.00, 83955.00, 62679.00, 17168.00, 41630.00, 53074.00, 70229.00, 56228.00, 3814.00, 64074.00000, 19848.00000, 15660.00000, 50254.00000, 64773.00000, 77061.00000, 67290.00000, 69099.00000, 91471.00000),
(226, 1, 1, NULL, 7.00, 8.00, 2.00, 810363.00000, 0.18600, '2012-10-01', 82048.00, 28542.00, 71836.00, 61548.00, 76763.00, 46472.00, 79102.00, 13389.00, 57077.00, 27392.00000, 47504.00000, 45454.00000, 24577.00000, 81300.00000, 11129.00000, 43761.00000, 9245.00000, 89249.00000),
(227, 1, 2, NULL, 1.00, 1.00, 6.00, 104688.00000, 0.21960, '2012-10-01', 82807.00, 2888.00, 29845.00, 44171.00, 59543.00, 87692.00, 1531.00, 99818.00, 38527.00, 33298.00000, 60389.00000, 58173.00000, 72010.00000, 883.00000, 56272.00000, 79837.00000, 6849.00000, 87872.00000),
(228, 1, 3, NULL, 5.00, 2.00, 8.00, 495670.00000, 0.48520, '2012-10-01', 60943.00, 99173.00, 4791.00, 35679.00, 39388.00, 39277.00, 30695.00, 89187.00, 14243.00, 71986.00000, 85485.00000, 40112.00000, 91035.00000, 87046.00000, 48277.00000, 51387.00000, 48328.00000, 88476.00000),
(229, 1, 1, 1, 1.00, 4.00, 2.00, 5481350.00000, 0.47581, '2012-10-01', 52334.00, 33554.00, 62778.00, 20804.00, 35514.00, 25434.00, 18118.00, 79687.00, 32408.00, 54340.00000, 80505.00000, 44877.00000, 73078.00000, 82.00000, 99948.00000, 3062.00000, 911.00000, 22611.00000),
(230, 1, 1, 2, 4.00, 8.00, 8.00, 4356629.00000, 0.72255, '2012-10-01', 19292.00, 96595.00, 41480.00, 20354.00, 94901.00, 28700.00, 67881.00, 14651.00, 86410.00, 24071.00000, 95905.00000, 33884.00000, 42348.00000, 32957.00000, 60380.00000, 14495.00000, 77051.00000, 60408.00000),
(231, 1, 1, 3, 7.00, 3.00, 3.00, 1549964.00000, 0.69661, '2012-10-01', 84490.00, 75670.00, 22199.00, 7645.00, 53153.00, 48373.00, 15778.00, 62181.00, 59703.00, 41631.00000, 76583.00000, 14822.00000, 42330.00000, 22092.00000, 73562.00000, 55632.00000, 35457.00000, 46359.00000),
(232, 1, 1, 4, 8.00, 7.00, 5.00, 7618638.00000, 0.30306, '2012-10-01', 56910.00, 13608.00, 98758.00, 93954.00, 92758.00, 18458.00, 81948.00, 31708.00, 31049.00, 28318.00000, 19879.00000, 80815.00000, 2454.00000, 35053.00000, 12633.00000, 90576.00000, 18762.00000, 76240.00000),
(233, 1, 1, 5, 3.00, 8.00, 8.00, 4809922.00000, 0.29806, '2012-10-01', 20056.00, 70344.00, 4682.00, 55904.00, 88055.00, 19745.00, 36218.00, 99739.00, 26941.00, 59556.00000, 54988.00000, 12926.00000, 64436.00000, 58600.00000, 37991.00000, 78984.00000, 99967.00000, 14412.00000),
(234, 1, 1, 6, 4.00, 5.00, 6.00, 5277947.00000, 0.45946, '2012-10-01', 44817.00, 38742.00, 33097.00, 93962.00, 11747.00, 72150.00, 4714.00, 14319.00, 53558.00, 13118.00000, 81125.00000, 30928.00000, 92163.00000, 14815.00000, 10122.00000, 65916.00000, 73185.00000, 84808.00000),
(235, 1, 1, 8, 8.00, 4.00, 1.00, 8550281.00000, 0.78725, '2012-10-01', 73705.00, 13529.00, 44042.00, 473.00, 88561.00, 95605.00, 27118.00, 46843.00, 70790.00, 19005.00000, 75726.00000, 63332.00000, 4357.00000, 94615.00000, 41365.00000, 10918.00000, 78229.00000, 3332.00000),
(236, 1, 1, 9, 1.00, 8.00, 3.00, 8039513.00000, 0.38038, '2012-10-01', 72984.00, 10794.00, 28028.00, 41590.00, 73362.00, 15194.00, 35475.00, 88544.00, 66554.00, 76184.00000, 405.00000, 65898.00000, 56616.00000, 31978.00000, 6434.00000, 96502.00000, 56830.00000, 92044.00000),
(237, 1, 1, 10, 6.00, 7.00, 3.00, 6221199.00000, 0.12529, '2012-10-01', 80829.00, 85214.00, 80278.00, 89473.00, 23602.00, 48704.00, 73266.00, 15498.00, 15902.00, 29322.00000, 92557.00000, 12450.00000, 57248.00000, 23266.00000, 70216.00000, 91658.00000, 83295.00000, 24136.00000),
(238, 1, 1, 11, 6.00, 6.00, 6.00, 3713934.00000, 0.97890, '2012-10-01', 68185.00, 1005.00, 11434.00, 72560.00, 43671.00, 78743.00, 40994.00, 14046.00, 17586.00, 29396.00000, 14819.00000, 89044.00000, 78797.00000, 10608.00000, 16721.00000, 54928.00000, 39079.00000, 13158.00000),
(239, 1, 1, 12, 8.00, 6.00, 2.00, 5765023.00000, 0.67084, '2012-10-01', 47711.00, 48699.00, 58496.00, 83875.00, 88479.00, 79736.00, 14350.00, 7408.00, 98828.00, 47913.00000, 37291.00000, 66569.00000, 96520.00000, 45377.00000, 7993.00000, 78427.00000, 4294.00000, 83117.00000),
(240, 1, 1, 13, 8.00, 8.00, 4.00, 3549704.00000, 0.15768, '2012-10-01', 1558.00, 32374.00, 83873.00, 8590.00, 74871.00, 64001.00, 53349.00, 83585.00, 27702.00, 27284.00000, 40710.00000, 3284.00000, 16640.00000, 8543.00000, 39057.00000, 66083.00000, 87021.00000, 70794.00000),
(241, 1, 1, 14, 6.00, 3.00, 7.00, 7051467.00000, 0.55062, '2012-10-01', 46334.00, 74486.00, 19931.00, 82518.00, 92319.00, 39345.00, 17283.00, 26499.00, 32491.00, 8209.00000, 80328.00000, 32961.00000, 82643.00000, 73135.00000, 54226.00000, 52777.00000, 49592.00000, 61828.00000),
(242, 1, 1, 15, 4.00, 3.00, 3.00, 5813103.00000, 0.56202, '2012-10-01', 66527.00, 20759.00, 33005.00, 46623.00, 98466.00, 35518.00, 93821.00, 63487.00, 44723.00, 14771.00000, 2518.00000, 33428.00000, 65664.00000, 74784.00000, 96382.00000, 73873.00000, 90562.00000, 71969.00000),
(243, 1, 1, 16, 1.00, 6.00, 1.00, 8919929.00000, 0.45686, '2012-10-01', 51314.00, 47032.00, 48718.00, 3927.00, 21372.00, 62449.00, 6344.00, 15501.00, 80638.00, 32904.00000, 50908.00000, 72785.00000, 35297.00000, 24232.00000, 77253.00000, 99463.00000, 95141.00000, 46063.00000),
(244, 1, 1, 17, 6.00, 6.00, 4.00, 2153791.00000, 0.97807, '2012-10-01', 67935.00, 51547.00, 86142.00, 95338.00, 15890.00, 57765.00, 40221.00, 24869.00, 89098.00, 48432.00000, 47495.00000, 51087.00000, 56554.00000, 48740.00000, 2278.00000, 60246.00000, 12191.00000, 23286.00000),
(245, 1, 1, 18, 3.00, 7.00, 7.00, 7491228.00000, 0.92730, '2012-10-01', 30160.00, 40908.00, 88348.00, 83889.00, 44960.00, 45655.00, 29386.00, 53113.00, 20186.00, 68352.00000, 58210.00000, 31254.00000, 48305.00000, 60118.00000, 54677.00000, 14882.00000, 95950.00000, 28541.00000),
(246, 1, 1, 19, 5.00, 4.00, 6.00, 1467622.00000, 0.12671, '2012-10-01', 21439.00, 88825.00, 99618.00, 7313.00, 14760.00, 91988.00, 25957.00, 10007.00, 98461.00, 33938.00000, 9152.00000, 56257.00000, 33858.00000, 12118.00000, 90613.00000, 19912.00000, 15589.00000, 17407.00000),
(247, 1, 1, 20, 1.00, 1.00, 2.00, 109109.00000, 0.55315, '2012-10-01', 23680.00, 82634.00, 22344.00, 22160.00, 16296.00, 71230.00, 63949.00, 90481.00, 39412.00, 633.00000, 53883.00000, 70886.00000, 45134.00000, 9543.00000, 77975.00000, 53150.00000, 68289.00000, 49956.00000),
(248, 1, 1, 21, 5.00, 7.00, 7.00, 9245477.00000, 0.57736, '2012-10-01', 57951.00, 7965.00, 91218.00, 75492.00, 59123.00, 32521.00, 94812.00, 15680.00, 31964.00, 8004.00000, 70203.00000, 10496.00000, 17792.00000, 5575.00000, 53883.00000, 5662.00000, 50926.00000, 34234.00000),
(249, 1, 1, 22, 7.00, 2.00, 5.00, 1762696.00000, 0.35006, '2012-10-01', 36712.00, 39935.00, 58764.00, 11628.00, 29046.00, 60675.00, 92625.00, 39524.00, 39270.00, 58257.00000, 37290.00000, 35688.00000, 93556.00000, 48326.00000, 61636.00000, 5382.00000, 35126.00000, 45799.00000),
(250, 1, 1, 23, 5.00, 4.00, 3.00, 3341844.00000, 0.73179, '2012-10-01', 35157.00, 79204.00, 57803.00, 41623.00, 61392.00, 14042.00, 16059.00, 88956.00, 8493.00, 39978.00000, 85836.00000, 12940.00000, 46033.00000, 3019.00000, 22885.00000, 88610.00000, 90702.00000, 85620.00000),
(251, 1, 1, NULL, 5.00, 4.00, 8.00, 223645.00000, 0.48064, '2012-11-01', 87975.00, 36100.00, 73792.00, 24996.00, 48467.00, 6372.00, 30179.00, 25561.00, 78390.00, 26706.00000, 71863.00000, 41664.00000, 32829.00000, 23299.00000, 25346.00000, 20781.00000, 14498.00000, 17980.00000),
(252, 1, 2, NULL, 7.00, 2.00, 2.00, 111574.00000, 0.21710, '2012-11-01', 69689.00, 91481.00, 75457.00, 4381.00, 63353.00, 18692.00, 81858.00, 46052.00, 88550.00, 43103.00000, 23945.00000, 39093.00000, 23097.00000, 84180.00000, 77060.00000, 23964.00000, 91959.00000, 81479.00000),
(253, 1, 3, NULL, 6.00, 3.00, 1.00, 402012.00000, 0.41541, '2012-11-01', 93694.00, 74380.00, 20401.00, 27255.00, 12135.00, 1209.00, 54075.00, 57443.00, 8748.00, 85927.00000, 80581.00000, 12756.00000, 95612.00000, 77232.00000, 21173.00000, 94488.00000, 99863.00000, 3236.00000),
(254, 1, 1, 1, 1.00, 1.00, 3.00, 2939536.00000, 0.64914, '2012-11-01', 31844.00, 58924.00, 99561.00, 97348.00, 98819.00, 26300.00, 12064.00, 7365.00, 68961.00, 84915.00000, 23295.00000, 54128.00000, 95438.00000, 44957.00000, 77039.00000, 26838.00000, 14701.00000, 57364.00000),
(255, 1, 1, 2, 8.00, 4.00, 8.00, 6436619.00000, 0.46703, '2012-11-01', 46249.00, 17558.00, 95754.00, 59748.00, 95995.00, 24842.00, 24523.00, 18469.00, 44395.00, 999.00000, 50523.00000, 54589.00000, 58350.00000, 5638.00000, 98297.00000, 91672.00000, 51997.00000, 11979.00000),
(256, 1, 1, 3, 8.00, 4.00, 1.00, 7227081.00000, 0.71592, '2012-11-01', 92452.00, 28723.00, 28376.00, 97758.00, 94913.00, 15097.00, 56742.00, 65920.00, 57737.00, 1532.00000, 71681.00000, 84386.00000, 6215.00000, 24692.00000, 59335.00000, 71839.00000, 97549.00000, 5936.00000),
(257, 1, 1, 4, 3.00, 3.00, 8.00, 145009.00000, 0.13297, '2012-11-01', 28231.00, 94909.00, 76363.00, 42353.00, 61337.00, 34233.00, 96653.00, 24228.00, 653.00, 11921.00000, 77725.00000, 96557.00000, 42004.00000, 48912.00000, 56171.00000, 8925.00000, 17790.00000, 32670.00000),
(258, 1, 1, 5, 3.00, 8.00, 4.00, 2850536.00000, 0.56463, '2012-11-01', 59777.00, 77238.00, 24638.00, 56872.00, 16771.00, 32822.00, 25709.00, 38707.00, 87613.00, 86365.00000, 47202.00000, 84824.00000, 79150.00000, 86120.00000, 79692.00000, 70402.00000, 34911.00000, 29317.00000),
(259, 1, 1, 6, 1.00, 5.00, 8.00, 7274791.00000, 0.90240, '2012-11-01', 80706.00, 26573.00, 66417.00, 33789.00, 87036.00, 69243.00, 62581.00, 47181.00, 13093.00, 91837.00000, 27497.00000, 41345.00000, 80698.00000, 22644.00000, 18521.00000, 54554.00000, 40930.00000, 4986.00000),
(260, 1, 1, 8, 7.00, 4.00, 2.00, 6141650.00000, 0.40125, '2012-11-01', 81789.00, 73248.00, 91096.00, 44356.00, 31604.00, 14402.00, 82317.00, 16461.00, 82057.00, 94614.00000, 47545.00000, 64443.00000, 4444.00000, 42137.00000, 86733.00000, 9431.00000, 7783.00000, 25168.00000),
(261, 1, 1, 9, 2.00, 5.00, 3.00, 2157764.00000, 0.76473, '2012-11-01', 87019.00, 43457.00, 49545.00, 66522.00, 30287.00, 15243.00, 58830.00, 86781.00, 24495.00, 74758.00000, 13743.00000, 2733.00000, 22473.00000, 87349.00000, 62584.00000, 21154.00000, 39814.00000, 41576.00000),
(262, 1, 1, 10, 7.00, 1.00, 1.00, 2725954.00000, 0.82978, '2012-11-01', 6504.00, 22538.00, 52621.00, 59306.00, 24423.00, 48648.00, 86894.00, 42304.00, 56065.00, 33604.00000, 6766.00000, 26962.00000, 55467.00000, 11828.00000, 20322.00000, 54271.00000, 41183.00000, 66151.00000),
(263, 1, 1, 11, 5.00, 6.00, 4.00, 1269678.00000, 0.72839, '2012-11-01', 87145.00, 76845.00, 13496.00, 70041.00, 15995.00, 5008.00, 89410.00, 46656.00, 74381.00, 21417.00000, 23571.00000, 77085.00000, 92036.00000, 14002.00000, 55223.00000, 50996.00000, 99219.00000, 81948.00000),
(264, 1, 1, 12, 8.00, 2.00, 8.00, 9157770.00000, 0.64204, '2012-11-01', 86080.00, 26644.00, 2864.00, 65690.00, 26961.00, 35486.00, 45667.00, 84810.00, 20767.00, 6428.00000, 79460.00000, 2259.00000, 47446.00000, 21791.00000, 41639.00000, 25942.00000, 2327.00000, 37333.00000),
(265, 1, 1, 13, 6.00, 2.00, 4.00, 7723582.00000, 0.58240, '2012-11-01', 7238.00, 83614.00, 79554.00, 56490.00, 93418.00, 42220.00, 40505.00, 9009.00, 55885.00, 37906.00000, 41764.00000, 14067.00000, 32339.00000, 77050.00000, 39613.00000, 71589.00000, 28974.00000, 27111.00000),
(266, 1, 1, 14, 1.00, 6.00, 4.00, 4476480.00000, 0.80998, '2012-11-01', 96604.00, 60900.00, 89346.00, 56149.00, 24772.00, 7687.00, 67876.00, 96124.00, 37955.00, 86659.00000, 33152.00000, 52967.00000, 61874.00000, 97075.00000, 20111.00000, 1799.00000, 32910.00000, 35711.00000),
(267, 1, 1, 15, 6.00, 2.00, 4.00, 6277632.00000, 0.37935, '2012-11-01', 77957.00, 65585.00, 86664.00, 88485.00, 42924.00, 52334.00, 55991.00, 15923.00, 15093.00, 37776.00000, 21051.00000, 22506.00000, 71210.00000, 34191.00000, 92952.00000, 72992.00000, 39172.00000, 50365.00000),
(268, 1, 1, 16, 3.00, 6.00, 3.00, 4349783.00000, 0.14500, '2012-11-01', 69408.00, 44037.00, 57794.00, 30825.00, 23318.00, 53323.00, 35263.00, 27450.00, 15573.00, 71631.00000, 69701.00000, 23510.00000, 56754.00000, 37304.00000, 18853.00000, 24308.00000, 99709.00000, 31863.00000),
(269, 1, 1, 17, 7.00, 4.00, 2.00, 1520729.00000, 0.48043, '2012-11-01', 12046.00, 88665.00, 95807.00, 97399.00, 19670.00, 72218.00, 56342.00, 28849.00, 4179.00, 55611.00000, 95780.00000, 4635.00000, 74138.00000, 7279.00000, 83627.00000, 48786.00000, 89966.00000, 70065.00000),
(270, 1, 1, 18, 8.00, 5.00, 1.00, 2320969.00000, 0.82814, '2012-11-01', 8825.00, 71564.00, 34094.00, 12449.00, 37021.00, 47750.00, 13020.00, 2021.00, 23431.00, 39474.00000, 80581.00000, 41565.00000, 50270.00000, 97133.00000, 56196.00000, 58120.00000, 46701.00000, 36576.00000),
(271, 1, 1, 19, 4.00, 1.00, 5.00, 2822509.00000, 0.12214, '2012-11-01', 78132.00, 91024.00, 99140.00, 36551.00, 79831.00, 30064.00, 92390.00, 83954.00, 54380.00, 8137.00000, 7076.00000, 88555.00000, 71427.00000, 31323.00000, 28836.00000, 76791.00000, 79305.00000, 90623.00000),
(272, 1, 1, 20, 7.00, 5.00, 1.00, 2426865.00000, 0.98658, '2012-11-01', 19872.00, 28943.00, 40177.00, 84555.00, 33958.00, 80133.00, 64069.00, 13975.00, 12199.00, 93727.00000, 2667.00000, 13664.00000, 73099.00000, 74180.00000, 10535.00000, 75486.00000, 27968.00000, 10713.00000),
(273, 1, 1, 21, 5.00, 7.00, 7.00, 6375045.00000, 0.25160, '2012-11-01', 91262.00, 39309.00, 4658.00, 9797.00, 77370.00, 85412.00, 75615.00, 6717.00, 43718.00, 79605.00000, 73797.00000, 37200.00000, 67432.00000, 1842.00000, 3793.00000, 39064.00000, 33468.00000, 58465.00000),
(274, 1, 1, 22, 2.00, 3.00, 4.00, 6928820.00000, 0.76887, '2012-11-01', 46074.00, 8926.00, 534.00, 95713.00, 32918.00, 4563.00, 87915.00, 34896.00, 66786.00, 66843.00000, 1126.00000, 19748.00000, 19503.00000, 75528.00000, 34784.00000, 36630.00000, 85141.00000, 67255.00000),
(275, 1, 1, 23, 5.00, 2.00, 5.00, 3470779.00000, 0.28674, '2012-11-01', 11743.00, 64082.00, 97920.00, 5213.00, 61674.00, 65150.00, 96247.00, 26147.00, 36346.00, 31274.00000, 99804.00000, 24504.00000, 85220.00000, 15772.00000, 18654.00000, 35932.00000, 81446.00000, 5109.00000),
(276, 1, 1, NULL, 5.00, 3.00, 1.00, 197988.00000, 0.63820, '2012-12-01', 62426.00, 65194.00, 92497.00, 59772.00, 20808.00, 35536.00, 81480.00, 658.00, 75954.00, 59599.00000, 76671.00000, 52264.00000, 73782.00000, 36924.00000, 59939.00000, 22518.00000, 84532.00000, 30087.00000),
(277, 1, 2, NULL, 8.00, 4.00, 2.00, 465122.00000, 0.93232, '2012-12-01', 13044.00, 85520.00, 94330.00, 71061.00, 18505.00, 70590.00, 84992.00, 96353.00, 61820.00, 31350.00000, 24125.00000, 76656.00000, 67302.00000, 8474.00000, 59533.00000, 62790.00000, 28943.00000, 22052.00000),
(278, 1, 3, NULL, 1.00, 3.00, 6.00, 828196.00000, 0.31368, '2012-12-01', 29918.00, 29293.00, 66723.00, 62106.00, 91858.00, 48084.00, 33964.00, 68577.00, 62217.00, 54490.00000, 33686.00000, 56473.00000, 7042.00000, 90065.00000, 15820.00000, 65090.00000, 32524.00000, 16266.00000),
(279, 1, 1, 1, 4.00, 6.00, 2.00, 4517735.00000, 0.21343, '2012-12-01', 40288.00, 63855.00, 24677.00, 9773.00, 89856.00, 36062.00, 14832.00, 73677.00, 65495.00, 8016.00000, 6625.00000, 79533.00000, 86134.00000, 964.00000, 75048.00000, 10193.00000, 77656.00000, 8203.00000),
(280, 1, 1, 2, 5.00, 5.00, 4.00, 3593691.00000, 0.15922, '2012-12-01', 79912.00, 43567.00, 97005.00, 44830.00, 86697.00, 55879.00, 4273.00, 2108.00, 69793.00, 31526.00000, 60422.00000, 9257.00000, 52788.00000, 70883.00000, 65765.00000, 74732.00000, 42624.00000, 82635.00000),
(281, 1, 1, 3, 7.00, 5.00, 6.00, 3423865.00000, 0.67033, '2012-12-01', 79024.00, 41169.00, 34635.00, 15751.00, 71309.00, 19844.00, 65465.00, 31345.00, 15022.00, 57726.00000, 51031.00000, 5468.00000, 49376.00000, 62016.00000, 33849.00000, 39963.00000, 81951.00000, 95084.00000),
(282, 1, 1, 4, 2.00, 3.00, 3.00, 1426981.00000, 0.26821, '2012-12-01', 66277.00, 54931.00, 96295.00, 5694.00, 79683.00, 5908.00, 36863.00, 85501.00, 89572.00, 60267.00000, 76276.00000, 52374.00000, 91661.00000, 73046.00000, 67631.00000, 43512.00000, 52419.00000, 43405.00000),
(283, 1, 1, 5, 1.00, 1.00, 6.00, 9447114.00000, 0.81203, '2012-12-01', 57098.00, 56363.00, 85333.00, 26497.00, 79256.00, 14890.00, 61062.00, 60916.00, 63219.00, 88855.00000, 1847.00000, 4857.00000, 89766.00000, 64528.00000, 98300.00000, 13493.00000, 2237.00000, 23896.00000),
(284, 1, 1, 6, 5.00, 1.00, 5.00, 6292041.00000, 0.93967, '2012-12-01', 25000.00, 69874.00, 59454.00, 71687.00, 92376.00, 51503.00, 61745.00, 62203.00, 36412.00, 81181.00000, 98665.00000, 93939.00000, 25048.00000, 80083.00000, 30439.00000, 25410.00000, 61967.00000, 55439.00000),
(285, 1, 1, 8, 7.00, 5.00, 6.00, 6088549.00000, 0.20064, '2012-12-01', 4837.00, 50839.00, 34209.00, 13279.00, 33725.00, 47043.00, 56218.00, 92475.00, 6525.00, 47586.00000, 2142.00000, 89178.00000, 60733.00000, 65923.00000, 77373.00000, 60573.00000, 77746.00000, 91753.00000),
(286, 1, 1, 9, 2.00, 4.00, 8.00, 2965675.00000, 0.46087, '2012-12-01', 92595.00, 41319.00, 76517.00, 80922.00, 34404.00, 74550.00, 16490.00, 37414.00, 24829.00, 65654.00000, 83659.00000, 60570.00000, 85226.00000, 75037.00000, 95426.00000, 23326.00000, 88430.00000, 9521.00000),
(287, 1, 1, 10, 6.00, 6.00, 8.00, 7972340.00000, 0.97562, '2012-12-01', 73871.00, 73052.00, 18315.00, 56884.00, 1218.00, 73928.00, 26042.00, 22718.00, 63495.00, 4536.00000, 17553.00000, 11483.00000, 42793.00000, 53646.00000, 42028.00000, 31205.00000, 82715.00000, 10455.00000),
(288, 1, 1, 11, 2.00, 2.00, 8.00, 3230673.00000, 0.73356, '2012-12-01', 88001.00, 84644.00, 55582.00, 12751.00, 66375.00, 69096.00, 36597.00, 15296.00, 22816.00, 80672.00000, 37949.00000, 92663.00000, 68335.00000, 53287.00000, 90145.00000, 62021.00000, 15036.00000, 10555.00000),
(289, 1, 1, 12, 5.00, 8.00, 5.00, 5093713.00000, 0.76418, '2012-12-01', 77911.00, 81112.00, 61717.00, 43727.00, 87215.00, 85552.00, 18019.00, 29186.00, 93102.00, 86456.00000, 39409.00000, 89063.00000, 94629.00000, 75250.00000, 50201.00000, 24694.00000, 57074.00000, 89395.00000),
(290, 1, 1, 13, 2.00, 5.00, 3.00, 6285912.00000, 0.31456, '2012-12-01', 79473.00, 56288.00, 10611.00, 55214.00, 37960.00, 6705.00, 53396.00, 72184.00, 16020.00, 24339.00000, 75965.00000, 45211.00000, 84990.00000, 36417.00000, 34425.00000, 44757.00000, 51775.00000, 52558.00000),
(291, 1, 1, 14, 7.00, 3.00, 8.00, 5311210.00000, 0.99492, '2012-12-01', 37412.00, 87960.00, 64480.00, 87718.00, 87480.00, 18.00, 94190.00, 71971.00, 70824.00, 80297.00000, 19735.00000, 78479.00000, 17485.00000, 11721.00000, 78879.00000, 75455.00000, 61746.00000, 41081.00000),
(292, 1, 1, 15, 4.00, 1.00, 7.00, 9754445.00000, 0.83663, '2012-12-01', 47074.00, 46842.00, 26449.00, 18343.00, 3915.00, 94453.00, 50129.00, 71984.00, 26387.00, 50935.00000, 22254.00000, 29799.00000, 72243.00000, 36580.00000, 89827.00000, 32936.00000, 50687.00000, 129.00000),
(293, 1, 1, 16, 2.00, 2.00, 8.00, 3547779.00000, 0.73749, '2012-12-01', 77458.00, 74478.00, 26082.00, 84857.00, 72799.00, 68511.00, 85486.00, 10478.00, 28891.00, 26274.00000, 62671.00000, 60520.00000, 98053.00000, 77775.00000, 65184.00000, 86040.00000, 27071.00000, 77481.00000),
(294, 1, 1, 17, 2.00, 6.00, 1.00, 7314283.00000, 0.98544, '2012-12-01', 48070.00, 56450.00, 96502.00, 49587.00, 25500.00, 14841.00, 29656.00, 90311.00, 80512.00, 96268.00000, 17358.00000, 26273.00000, 77813.00000, 22375.00000, 9765.00000, 54759.00000, 27300.00000, 51128.00000),
(295, 1, 1, 18, 2.00, 4.00, 7.00, 7877613.00000, 0.91242, '2012-12-01', 42129.00, 58546.00, 31683.00, 28936.00, 31452.00, 87270.00, 78665.00, 65918.00, 48629.00, 47927.00000, 11215.00000, 77935.00000, 74057.00000, 27987.00000, 61814.00000, 70195.00000, 87731.00000, 80010.00000),
(296, 1, 1, 19, 7.00, 5.00, 6.00, 6173328.00000, 0.16449, '2012-12-01', 1439.00, 50586.00, 14310.00, 26633.00, 26528.00, 70075.00, 71957.00, 16154.00, 12066.00, 70685.00000, 81008.00000, 73318.00000, 77458.00000, 29244.00000, 16704.00000, 63747.00000, 64429.00000, 19382.00000),
(297, 1, 1, 20, 3.00, 1.00, 5.00, 8830614.00000, 0.74187, '2012-12-01', 83300.00, 39430.00, 8748.00, 67232.00, 69077.00, 52443.00, 77901.00, 22942.00, 7877.00, 40482.00000, 90310.00000, 18866.00000, 88436.00000, 54492.00000, 82098.00000, 67814.00000, 41244.00000, 24460.00000),
(298, 1, 1, 21, 6.00, 1.00, 8.00, 5022001.00000, 0.97739, '2012-12-01', 53818.00, 57833.00, 60045.00, 74065.00, 65873.00, 82088.00, 18546.00, 7542.00, 33864.00, 82634.00000, 41475.00000, 37343.00000, 56523.00000, 25045.00000, 91383.00000, 27441.00000, 5111.00000, 85237.00000),
(299, 1, 1, 22, 5.00, 6.00, 2.00, 4111609.00000, 0.20417, '2012-12-01', 88578.00, 41943.00, 22327.00, 82676.00, 49251.00, 6730.00, 82734.00, 25429.00, 24355.00, 96583.00000, 34071.00000, 78251.00000, 72006.00000, 16142.00000, 17748.00000, 96125.00000, 64568.00000, 93971.00000),
(300, 1, 1, 23, 7.00, 1.00, 3.00, 4784107.00000, 0.60256, '2012-12-01', 10489.00, 52824.00, 81088.00, 59127.00, 42567.00, 76791.00, 61306.00, 57491.00, 60322.00, 14474.00000, 63830.00000, 9725.00000, 1924.00000, 2591.00000, 93784.00000, 43654.00000, 59709.00000, 44822.00000),
(301, 1, 1, NULL, 1.00, 1.00, 6.00, 834827.00000, 0.30079, '2013-01-01', 94607.00, 17628.00, 32227.00, 38297.00, 97453.00, 44556.00, 6322.00, 49105.00, 21254.00, 82186.00000, 59671.00000, 567.00000, 1717.00000, 37761.00000, 23640.00000, 86109.00000, 7228.00000, 98877.00000),
(302, 1, 2, NULL, 6.00, 1.00, 3.00, 954326.00000, 0.10349, '2013-01-01', 49842.00, 55332.00, 16938.00, 76458.00, 78976.00, 63724.00, 81557.00, 57791.00, 70293.00, 46115.00000, 51000.00000, 36924.00000, 60840.00000, 99338.00000, 2347.00000, 6458.00000, 59421.00000, 59173.00000),
(303, 1, 3, NULL, 7.00, 7.00, 3.00, 652179.00000, 0.81290, '2013-01-01', 23555.00, 6418.00, 71406.00, 23235.00, 37059.00, 98544.00, 68245.00, 37962.00, 90971.00, 59729.00000, 12846.00000, 83966.00000, 15943.00000, 41131.00000, 19911.00000, 79721.00000, 53157.00000, 2353.00000),
(304, 1, 1, 1, 7.00, 6.00, 5.00, 6813444.00000, 0.82908, '2013-01-01', 89241.00, 63200.00, 60441.00, 66950.00, 50228.00, 91452.00, 30480.00, 55734.00, 7202.00, 86013.00000, 33406.00000, 8527.00000, 45775.00000, 73702.00000, 66458.00000, 11486.00000, 33242.00000, 77991.00000),
(305, 1, 1, 2, 6.00, 4.00, 2.00, 8444643.00000, 0.31043, '2013-01-01', 83752.00, 20386.00, 61892.00, 59649.00, 95930.00, 83449.00, 35149.00, 58074.00, 18011.00, 74559.00000, 48680.00000, 54280.00000, 72757.00000, 54128.00000, 79240.00000, 62486.00000, 25445.00000, 26931.00000),
(306, 1, 1, 3, 6.00, 7.00, 6.00, 3746525.00000, 0.81243, '2013-01-01', 16968.00, 63399.00, 94841.00, 58101.00, 53462.00, 1157.00, 15018.00, 91560.00, 10892.00, 76845.00000, 54835.00000, 17705.00000, 88752.00000, 16399.00000, 58135.00000, 74200.00000, 7264.00000, 60848.00000),
(307, 1, 1, 4, 3.00, 6.00, 2.00, 7753045.00000, 0.54169, '2013-01-01', 47574.00, 97601.00, 26971.00, 9377.00, 89118.00, 55510.00, 24341.00, 53079.00, 40898.00, 81655.00000, 71118.00000, 64458.00000, 20834.00000, 65577.00000, 70138.00000, 38744.00000, 56025.00000, 3437.00000),
(308, 1, 1, 5, 1.00, 3.00, 7.00, 8793484.00000, 0.84471, '2013-01-01', 65764.00, 46120.00, 50700.00, 46515.00, 57098.00, 10795.00, 83500.00, 71295.00, 38417.00, 54863.00000, 22.00000, 86109.00000, 77490.00000, 51882.00000, 72457.00000, 37462.00000, 60524.00000, 23652.00000),
(309, 1, 1, 6, 1.00, 8.00, 2.00, 7644730.00000, 0.29998, '2013-01-01', 77286.00, 62154.00, 49484.00, 78065.00, 63400.00, 58307.00, 11501.00, 8008.00, 71675.00, 99123.00000, 7938.00000, 17403.00000, 48512.00000, 28850.00000, 49478.00000, 57011.00000, 14580.00000, 59168.00000),
(310, 1, 1, 8, 4.00, 3.00, 6.00, 6069559.00000, 0.99120, '2013-01-01', 21891.00, 15352.00, 35217.00, 89112.00, 42721.00, 5165.00, 47756.00, 54178.00, 34935.00, 62760.00000, 358.00000, 9721.00000, 23605.00000, 87317.00000, 39643.00000, 81088.00000, 41808.00000, 70544.00000),
(311, 1, 1, 9, 8.00, 5.00, 6.00, 4851968.00000, 0.77252, '2013-01-01', 71012.00, 16747.00, 45779.00, 80426.00, 43569.00, 32882.00, 76623.00, 42551.00, 31784.00, 52123.00000, 11950.00000, 79322.00000, 23402.00000, 46333.00000, 788.00000, 43350.00000, 15997.00000, 68273.00000),
(312, 1, 1, 10, 7.00, 1.00, 5.00, 9627934.00000, 0.63406, '2013-01-01', 83160.00, 29913.00, 50407.00, 73496.00, 54018.00, 94228.00, 65049.00, 16183.00, 56981.00, 26687.00000, 69308.00000, 77694.00000, 95969.00000, 76607.00000, 78576.00000, 2466.00000, 19124.00000, 7983.00000),
(313, 1, 1, 11, 5.00, 7.00, 5.00, 7594428.00000, 0.38570, '2013-01-01', 85794.00, 88374.00, 96928.00, 94145.00, 60252.00, 56954.00, 15520.00, 78651.00, 22294.00, 28068.00000, 30364.00000, 81714.00000, 77590.00000, 21153.00000, 61694.00000, 86763.00000, 24917.00000, 34987.00000),
(314, 1, 1, 12, 5.00, 1.00, 7.00, 6577796.00000, 0.28051, '2013-01-01', 79242.00, 90082.00, 8301.00, 84556.00, 13490.00, 62570.00, 89605.00, 83685.00, 35266.00, 28559.00000, 98729.00000, 2392.00000, 26183.00000, 51337.00000, 22969.00000, 31742.00000, 98071.00000, 77513.00000),
(315, 1, 1, 13, 1.00, 1.00, 4.00, 4044703.00000, 0.94512, '2013-01-01', 31116.00, 9673.00, 17397.00, 29651.00, 72722.00, 79549.00, 29043.00, 78988.00, 98321.00, 10301.00000, 95328.00000, 43737.00000, 53301.00000, 61541.00000, 23809.00000, 676.00000, 78275.00000, 91729.00000),
(316, 1, 1, 14, 3.00, 8.00, 5.00, 8902698.00000, 0.43218, '2013-01-01', 65642.00, 95560.00, 16689.00, 4453.00, 61721.00, 31447.00, 31595.00, 92588.00, 27737.00, 67172.00000, 79019.00000, 77404.00000, 8944.00000, 11491.00000, 10596.00000, 84139.00000, 29023.00000, 27579.00000),
(317, 1, 1, 15, 4.00, 5.00, 2.00, 3929234.00000, 0.45617, '2013-01-01', 69287.00, 16555.00, 61456.00, 2842.00, 97641.00, 43336.00, 99200.00, 76628.00, 11924.00, 6306.00000, 91790.00000, 18138.00000, 28838.00000, 16381.00000, 63052.00000, 89415.00000, 88342.00000, 32585.00000),
(318, 1, 1, 16, 1.00, 5.00, 8.00, 3247180.00000, 0.73459, '2013-01-01', 86414.00, 58086.00, 47474.00, 25344.00, 13026.00, 31742.00, 36674.00, 15534.00, 57397.00, 68120.00000, 38096.00000, 92361.00000, 51635.00000, 88883.00000, 70702.00000, 80020.00000, 83797.00000, 13327.00000),
(319, 1, 1, 17, 1.00, 2.00, 4.00, 9971608.00000, 0.24330, '2013-01-01', 99911.00, 70835.00, 26889.00, 94133.00, 81030.00, 4564.00, 18118.00, 27991.00, 29190.00, 94993.00000, 75661.00000, 30545.00000, 76910.00000, 44083.00000, 95603.00000, 70454.00000, 40120.00000, 28744.00000),
(320, 1, 1, 18, 3.00, 7.00, 7.00, 9251415.00000, 0.80707, '2013-01-01', 9429.00, 42159.00, 76038.00, 14492.00, 57351.00, 10168.00, 19625.00, 57742.00, 74908.00, 56550.00000, 57769.00000, 78435.00000, 62773.00000, 61368.00000, 85608.00000, 52527.00000, 37071.00000, 22715.00000),
(321, 1, 1, 19, 2.00, 3.00, 8.00, 6120261.00000, 0.29371, '2013-01-01', 203.00, 41871.00, 2051.00, 31944.00, 80410.00, 14265.00, 81634.00, 2987.00, 36429.00, 21206.00000, 93470.00000, 96717.00000, 69223.00000, 20918.00000, 69416.00000, 99374.00000, 74774.00000, 5941.00000),
(322, 1, 1, 20, 3.00, 2.00, 6.00, 1889252.00000, 0.12119, '2013-01-01', 43351.00, 66515.00, 64114.00, 66935.00, 15915.00, 47226.00, 12825.00, 54579.00, 45796.00, 58319.00000, 37713.00000, 42991.00000, 11739.00000, 31797.00000, 95360.00000, 58954.00000, 84970.00000, 38249.00000),
(323, 1, 1, 21, 2.00, 5.00, 5.00, 6397483.00000, 0.75879, '2013-01-01', 69012.00, 73018.00, 93329.00, 86994.00, 75286.00, 23668.00, 62672.00, 13262.00, 72763.00, 67226.00000, 87749.00000, 50371.00000, 97275.00000, 39795.00000, 74755.00000, 13640.00000, 73789.00000, 63691.00000),
(324, 1, 1, 22, 7.00, 6.00, 7.00, 3321129.00000, 0.86297, '2013-01-01', 76279.00, 32642.00, 33545.00, 53906.00, 40833.00, 40094.00, 52707.00, 86178.00, 34858.00, 71881.00000, 10736.00000, 37423.00000, 83699.00000, 66240.00000, 45550.00000, 15557.00000, 11522.00000, 78595.00000),
(325, 1, 1, 23, 8.00, 2.00, 3.00, 8963356.00000, 0.38632, '2013-01-01', 81781.00, 84961.00, 76601.00, 26997.00, 61720.00, 14358.00, 19838.00, 79544.00, 97906.00, 68944.00000, 95665.00000, 11826.00000, 65819.00000, 98299.00000, 28853.00000, 30155.00000, 81930.00000, 60476.00000),
(326, 1, 1, NULL, 8.00, 4.00, 3.00, 797993.00000, 0.28439, '2013-02-01', 37970.00, 85266.00, 94641.00, 73373.00, 96050.00, 31114.00, 508.00, 27382.00, 87106.00, 66369.00000, 88787.00000, 24580.00000, 95892.00000, 39851.00000, 10746.00000, 83190.00000, 77093.00000, 43704.00000),
(327, 1, 2, NULL, 3.00, 7.00, 1.00, 650878.00000, 0.23780, '2013-02-01', 56222.00, 44197.00, 68725.00, 22767.00, 40855.00, 62972.00, 70523.00, 42322.00, 58456.00, 50045.00000, 95249.00000, 48326.00000, 83228.00000, 60428.00000, 47936.00000, 69550.00000, 1047.00000, 26711.00000),
(328, 1, 3, NULL, 6.00, 6.00, 1.00, 450205.00000, 0.37272, '2013-02-01', 58000.00, 33046.00, 39267.00, 24639.00, 15171.00, 81369.00, 88224.00, 26244.00, 86642.00, 67198.00000, 2902.00000, 38661.00000, 2068.00000, 70140.00000, 70799.00000, 57395.00000, 73967.00000, 4722.00000),
(329, 1, 1, 1, 4.00, 2.00, 1.00, 395332.00000, 0.64936, '2013-02-01', 74104.00, 93339.00, 28048.00, 6091.00, 58154.00, 11378.00, 898.00, 79384.00, 89493.00, 64932.00000, 82507.00000, 6392.00000, 41463.00000, 99679.00000, 30866.00000, 67192.00000, 32229.00000, 46294.00000),
(330, 1, 1, 2, 5.00, 3.00, 1.00, 3427481.00000, 0.16348, '2013-02-01', 61754.00, 46612.00, 29611.00, 56828.00, 75386.00, 91951.00, 93869.00, 16817.00, 99986.00, 71115.00000, 93544.00000, 59674.00000, 75272.00000, 20032.00000, 27690.00000, 14718.00000, 37186.00000, 99214.00000),
(331, 1, 1, 3, 5.00, 3.00, 8.00, 7541774.00000, 0.19117, '2013-02-01', 5067.00, 64470.00, 77150.00, 99655.00, 53674.00, 33350.00, 71591.00, 56662.00, 4106.00, 34125.00000, 26390.00000, 23887.00000, 30190.00000, 91535.00000, 2165.00000, 84683.00000, 19826.00000, 93085.00000),
(332, 1, 1, 4, 7.00, 8.00, 7.00, 3156099.00000, 0.58850, '2013-02-01', 11415.00, 54113.00, 23143.00, 66670.00, 32962.00, 11302.00, 51608.00, 34435.00, 49158.00, 47578.00000, 74626.00000, 54788.00000, 67757.00000, 42707.00000, 1490.00000, 46345.00000, 96501.00000, 9418.00000),
(333, 1, 1, 5, 2.00, 8.00, 7.00, 9097510.00000, 0.20127, '2013-02-01', 87800.00, 69258.00, 37794.00, 62659.00, 66508.00, 25508.00, 12695.00, 78575.00, 56314.00, 2268.00000, 98897.00000, 96595.00000, 38840.00000, 96926.00000, 24146.00000, 95853.00000, 25998.00000, 77834.00000),
(334, 1, 1, 6, 6.00, 3.00, 6.00, 2111762.00000, 0.84902, '2013-02-01', 90146.00, 53391.00, 12831.00, 60763.00, 59098.00, 61716.00, 53725.00, 13381.00, 20830.00, 34353.00000, 6599.00000, 38764.00000, 58848.00000, 11193.00000, 15969.00000, 85110.00000, 47829.00000, 9036.00000),
(335, 1, 1, 8, 5.00, 5.00, 7.00, 2577904.00000, 0.46838, '2013-02-01', 15976.00, 1648.00, 11265.00, 77271.00, 30694.00, 58622.00, 57730.00, 2527.00, 6729.00, 26444.00000, 70404.00000, 14830.00000, 73093.00000, 51075.00000, 34520.00000, 71578.00000, 1400.00000, 25910.00000),
(336, 1, 1, 9, 2.00, 8.00, 1.00, 3770966.00000, 0.50520, '2013-02-01', 73032.00, 89372.00, 36961.00, 945.00, 11340.00, 72532.00, 20531.00, 2409.00, 84344.00, 34324.00000, 13398.00000, 20400.00000, 47053.00000, 33414.00000, 79310.00000, 40033.00000, 30205.00000, 33227.00000),
(337, 1, 1, 10, 5.00, 3.00, 5.00, 5291688.00000, 0.45002, '2013-02-01', 35206.00, 50170.00, 78816.00, 38234.00, 2797.00, 22833.00, 7888.00, 55163.00, 18011.00, 62737.00000, 56654.00000, 5889.00000, 80950.00000, 47203.00000, 57672.00000, 25905.00000, 4555.00000, 70324.00000),
(338, 1, 1, 11, 6.00, 6.00, 2.00, 1975644.00000, 0.31467, '2013-02-01', 59405.00, 71514.00, 4806.00, 48174.00, 51589.00, 62251.00, 55957.00, 58416.00, 98012.00, 83780.00000, 44674.00000, 53297.00000, 74380.00000, 97921.00000, 46630.00000, 73539.00000, 95391.00000, 99183.00000),
(339, 1, 1, 12, 2.00, 7.00, 1.00, 8801628.00000, 0.48020, '2013-02-01', 88436.00, 28920.00, 68608.00, 55414.00, 45751.00, 95403.00, 96767.00, 55037.00, 9141.00, 12912.00000, 83179.00000, 64103.00000, 47322.00000, 83019.00000, 20717.00000, 76871.00000, 83523.00000, 67730.00000),
(340, 1, 1, 13, 3.00, 1.00, 8.00, 2637525.00000, 0.42869, '2013-02-01', 72760.00, 2153.00, 73595.00, 98378.00, 82481.00, 66501.00, 656.00, 86294.00, 18956.00, 88947.00000, 80962.00000, 8937.00000, 52355.00000, 76200.00000, 3780.00000, 16142.00000, 69063.00000, 92239.00000),
(341, 1, 1, 14, 2.00, 8.00, 7.00, 6960859.00000, 0.69400, '2013-02-01', 58864.00, 56735.00, 99694.00, 42640.00, 67774.00, 42113.00, 66283.00, 27458.00, 6267.00, 51670.00000, 97940.00000, 9428.00000, 89728.00000, 7180.00000, 21133.00000, 95479.00000, 3235.00000, 49442.00000),
(342, 1, 1, 15, 4.00, 7.00, 6.00, 6303484.00000, 0.72158, '2013-02-01', 14783.00, 20037.00, 89149.00, 81925.00, 40469.00, 25053.00, 83162.00, 45379.00, 47275.00, 97978.00000, 81906.00000, 19895.00000, 17721.00000, 37374.00000, 86484.00000, 2500.00000, 37896.00000, 35010.00000),
(343, 1, 1, 16, 7.00, 4.00, 2.00, 8581010.00000, 0.69785, '2013-02-01', 96942.00, 68389.00, 61207.00, 99955.00, 62535.00, 8850.00, 80821.00, 28607.00, 90242.00, 38211.00000, 22317.00000, 1185.00000, 13298.00000, 66382.00000, 36693.00000, 86558.00000, 71608.00000, 17533.00000),
(344, 1, 1, 17, 1.00, 2.00, 7.00, 8622733.00000, 0.22653, '2013-02-01', 48841.00, 62972.00, 32892.00, 76081.00, 61290.00, 81182.00, 96296.00, 64349.00, 69981.00, 15627.00000, 57941.00000, 6461.00000, 16592.00000, 56874.00000, 36027.00000, 50229.00000, 90215.00000, 78872.00000),
(345, 1, 1, 18, 1.00, 3.00, 1.00, 7915749.00000, 0.23192, '2013-02-01', 63693.00, 2322.00, 86017.00, 19228.00, 44446.00, 49410.00, 49341.00, 36709.00, 8470.00, 54068.00000, 61020.00000, 72871.00000, 18434.00000, 28436.00000, 87277.00000, 65452.00000, 20584.00000, 88019.00000),
(346, 1, 1, 19, 5.00, 6.00, 8.00, 1527297.00000, 0.34379, '2013-02-01', 27601.00, 45461.00, 73370.00, 89627.00, 30055.00, 99386.00, 52748.00, 52776.00, 98404.00, 68725.00000, 64896.00000, 87234.00000, 38473.00000, 66177.00000, 29790.00000, 86228.00000, 42518.00000, 57933.00000),
(347, 1, 1, 20, 4.00, 1.00, 4.00, 8379340.00000, 0.87623, '2013-02-01', 93443.00, 44694.00, 38245.00, 78996.00, 63251.00, 46383.00, 49963.00, 53065.00, 83430.00, 37852.00000, 57816.00000, 74907.00000, 78625.00000, 85522.00000, 74048.00000, 31761.00000, 18390.00000, 86232.00000),
(348, 1, 1, 21, 7.00, 6.00, 3.00, 7665950.00000, 0.85398, '2013-02-01', 88627.00, 74541.00, 58825.00, 86545.00, 94848.00, 70089.00, 48586.00, 45582.00, 53704.00, 34042.00000, 15721.00000, 39470.00000, 69250.00000, 17485.00000, 62836.00000, 81738.00000, 5319.00000, 85229.00000),
(349, 1, 1, 22, 8.00, 7.00, 6.00, 6220350.00000, 0.54215, '2013-02-01', 21991.00, 33415.00, 26568.00, 62437.00, 8305.00, 99869.00, 80020.00, 44490.00, 34045.00, 16643.00000, 35800.00000, 34118.00000, 7604.00000, 23882.00000, 19846.00000, 41941.00000, 39880.00000, 40355.00000),
(350, 1, 1, 23, 6.00, 4.00, 7.00, 5431806.00000, 0.61168, '2013-02-01', 71368.00, 5743.00, 43849.00, 22932.00, 11957.00, 70953.00, 31622.00, 56432.00, 14149.00, 14207.00000, 57098.00000, 570.00000, 53446.00000, 1389.00000, 87653.00000, 14306.00000, 93810.00000, 39341.00000),
(351, 1, 1, NULL, 1.00, 7.00, 8.00, 987387.00000, 0.26800, '2013-03-01', 19748.00, 72097.00, 25528.00, 31450.00, 62582.00, 25967.00, 51278.00, 74821.00, 90660.00, 17891.00000, 42277.00000, 4413.00000, 34138.00000, 83144.00000, 82128.00000, 36560.00000, 20967.00000, 50347.00000),
(352, 1, 2, NULL, 8.00, 5.00, 3.00, 567577.00000, 0.94922, '2013-03-01', 47037.00, 83814.00, 55162.00, 61028.00, 55235.00, 62240.00, 62987.00, 81471.00, 56767.00, 29376.00000, 55185.00000, 50822.00000, 31916.00000, 36708.00000, 83575.00000, 41719.00000, 58703.00000, 93742.00000),
(353, 1, 3, NULL, 5.00, 7.00, 8.00, 897966.00000, 0.91122, '2013-03-01', 16010.00, 29636.00, 44619.00, 14823.00, 5859.00, 56527.00, 2641.00, 36883.00, 99587.00, 2877.00000, 89252.00000, 67306.00000, 40401.00000, 5052.00000, 454.00000, 74943.00000, 53534.00000, 15107.00000),
(354, 1, 1, 1, 3.00, 5.00, 4.00, 865200.00000, 0.44779, '2013-03-01', 74355.00, 98372.00, 94994.00, 28305.00, 33419.00, 87662.00, 90999.00, 66477.00, 42644.00, 28426.00000, 35321.00000, 34164.00000, 6386.00000, 26841.00000, 75062.00000, 8986.00000, 49055.00000, 7390.00000),
(355, 1, 1, 2, 3.00, 3.00, 2.00, 5572526.00000, 0.74695, '2013-03-01', 77077.00, 42661.00, 94358.00, 15778.00, 61919.00, 60970.00, 8963.00, 37674.00, 86125.00, 75883.00000, 52892.00000, 6639.00000, 67783.00000, 63079.00000, 20730.00000, 91424.00000, 67970.00000, 60829.00000),
(356, 1, 1, 3, 6.00, 4.00, 2.00, 5542370.00000, 0.71354, '2013-03-01', 24117.00, 69325.00, 84746.00, 76.00, 27060.00, 60588.00, 29673.00, 42465.00, 76550.00, 43422.00000, 90483.00000, 52633.00000, 72236.00000, 40930.00000, 491.00000, 84206.00000, 35054.00000, 2260.00000),
(357, 1, 1, 4, 1.00, 7.00, 5.00, 3658031.00000, 0.61207, '2013-03-01', 58789.00, 55776.00, 17189.00, 75280.00, 88653.00, 50578.00, 73647.00, 96105.00, 36419.00, 13941.00000, 16169.00000, 77132.00000, 50536.00000, 14912.00000, 62340.00000, 71966.00000, 97902.00000, 41403.00000),
(358, 1, 1, 5, 1.00, 2.00, 8.00, 4565837.00000, 0.64479, '2013-03-01', 27185.00, 23304.00, 5321.00, 80599.00, 7285.00, 74766.00, 30787.00, 54610.00, 63611.00, 50311.00000, 1124.00000, 5888.00000, 60481.00000, 56244.00000, 14893.00000, 19391.00000, 75975.00000, 19256.00000),
(359, 1, 1, 6, 8.00, 6.00, 1.00, 4795788.00000, 0.82856, '2013-03-01', 8304.00, 10658.00, 3716.00, 40950.00, 81996.00, 76311.00, 21022.00, 69189.00, 60816.00, 5747.00000, 16045.00000, 18548.00000, 49350.00000, 88586.00000, 96797.00000, 91052.00000, 49388.00000, 24966.00000);
INSERT INTO `app_holdperfmonth` (`id`, `fund_id`, `holding_id`, `holding_category_id`, `si`, `ytd`, `performance`, `nav`, `weight`, `value_date`, `inflow_euro`, `inflow_dollar`, `outflow_euro`, `outflow_dollar`, `delta_valuation`, `delta_flow`, `cash_flow`, `expense`, `irr`, `drawdown`, `distribution`, `residual_commit`, `valuation`, `net_movement`, `total_value`, `proceed`, `commit`, `various`) VALUES
(360, 1, 1, 8, 8.00, 6.00, 7.00, 8098105.00000, 0.19532, '2013-03-01', 36716.00, 44485.00, 63408.00, 13884.00, 79216.00, 86778.00, 63108.00, 93259.00, 44281.00, 79889.00000, 21300.00000, 37215.00000, 75837.00000, 1723.00000, 76207.00000, 23430.00000, 49362.00000, 82085.00000),
(361, 1, 1, 9, 7.00, 5.00, 7.00, 9749480.00000, 0.99031, '2013-03-01', 91976.00, 68868.00, 14501.00, 82388.00, 21313.00, 48116.00, 25507.00, 69930.00, 21918.00, 63640.00000, 43860.00000, 88309.00000, 55793.00000, 59290.00000, 73441.00000, 66628.00000, 95856.00000, 32068.00000),
(362, 1, 1, 10, 5.00, 5.00, 5.00, 4767171.00000, 0.65025, '2013-03-01', 7139.00, 2961.00, 87175.00, 77812.00, 5458.00, 58688.00, 91583.00, 23332.00, 68250.00, 51783.00000, 43763.00000, 48327.00000, 27113.00000, 90121.00000, 41514.00000, 93900.00000, 22916.00000, 94480.00000),
(363, 1, 1, 11, 1.00, 6.00, 8.00, 8888884.00000, 0.34800, '2013-03-01', 34094.00, 13108.00, 50245.00, 48390.00, 90345.00, 98856.00, 84963.00, 6998.00, 11117.00, 79294.00000, 33550.00000, 78898.00000, 55417.00000, 35741.00000, 24155.00000, 22052.00000, 92877.00000, 60488.00000),
(364, 1, 1, 12, 3.00, 3.00, 1.00, 8403105.00000, 0.76296, '2013-03-01', 72963.00, 90947.00, 27824.00, 97150.00, 20546.00, 37659.00, 52248.00, 64269.00, 47145.00, 89882.00000, 27228.00000, 49461.00000, 71766.00000, 38338.00000, 84396.00000, 30053.00000, 53557.00000, 44741.00000),
(365, 1, 1, 13, 8.00, 7.00, 4.00, 6641972.00000, 0.81845, '2013-03-01', 80716.00, 3941.00, 16218.00, 55781.00, 91847.00, 57355.00, 43944.00, 20836.00, 31674.00, 416.00000, 95557.00000, 26214.00000, 21890.00000, 40360.00000, 63358.00000, 10843.00000, 80391.00000, 74692.00000),
(366, 1, 1, 14, 7.00, 7.00, 2.00, 6221267.00000, 0.88376, '2013-03-01', 56997.00, 99383.00, 93792.00, 20293.00, 14047.00, 69360.00, 70360.00, 21972.00, 43392.00, 57041.00000, 26227.00000, 53454.00000, 25411.00000, 60365.00000, 50117.00000, 27866.00000, 21894.00000, 27028.00000),
(367, 1, 1, 15, 2.00, 1.00, 6.00, 4626941.00000, 0.58086, '2013-03-01', 53821.00, 5327.00, 26774.00, 71605.00, 52708.00, 53773.00, 11099.00, 18718.00, 69491.00, 35177.00000, 31017.00000, 74194.00000, 32342.00000, 42347.00000, 91362.00000, 95816.00000, 64694.00000, 84175.00000),
(368, 1, 1, 16, 5.00, 6.00, 5.00, 6154872.00000, 0.46526, '2013-03-01', 40814.00, 56690.00, 13600.00, 22859.00, 17892.00, 48678.00, 42262.00, 86745.00, 86934.00, 19049.00000, 12440.00000, 5331.00000, 4588.00000, 5914.00000, 59424.00000, 52773.00000, 78556.00000, 32132.00000),
(369, 1, 1, 17, 2.00, 6.00, 4.00, 2880868.00000, 0.53856, '2013-03-01', 99148.00, 16122.00, 68911.00, 81720.00, 11323.00, 3328.00, 84653.00, 99621.00, 83769.00, 91249.00000, 95953.00000, 48162.00000, 31147.00000, 19795.00000, 78300.00000, 12973.00000, 20282.00000, 79616.00000),
(370, 1, 1, 18, 5.00, 6.00, 4.00, 7846061.00000, 0.50604, '2013-03-01', 17869.00, 81226.00, 1265.00, 3975.00, 81548.00, 47730.00, 76963.00, 76202.00, 22006.00, 46685.00000, 38411.00000, 91037.00000, 25987.00000, 8234.00000, 20816.00000, 78906.00000, 94774.00000, 17455.00000),
(371, 1, 1, 19, 5.00, 8.00, 2.00, 7580144.00000, 0.48349, '2013-03-01', 94651.00, 41156.00, 98588.00, 18951.00, 6912.00, 6094.00, 15565.00, 9540.00, 66961.00, 50691.00000, 84388.00000, 34739.00000, 25150.00000, 56187.00000, 29306.00000, 75125.00000, 18060.00000, 51696.00000),
(372, 1, 1, 20, 1.00, 1.00, 8.00, 2403585.00000, 0.40372, '2013-03-01', 66403.00, 85542.00, 96411.00, 41468.00, 38460.00, 4831.00, 52842.00, 47447.00, 94378.00, 25304.00000, 893.00000, 29034.00000, 16014.00000, 99720.00000, 76296.00000, 34254.00000, 68147.00000, 19038.00000),
(373, 1, 1, 21, 1.00, 7.00, 1.00, 9594416.00000, 0.70299, '2013-03-01', 73412.00, 27800.00, 2591.00, 32241.00, 27893.00, 79265.00, 44574.00, 9791.00, 62823.00, 35570.00000, 23346.00000, 84551.00000, 93596.00000, 20033.00000, 46108.00000, 10598.00000, 4712.00000, 46105.00000),
(374, 1, 1, 22, 6.00, 5.00, 3.00, 385804.00000, 0.89408, '2013-03-01', 21176.00, 4377.00, 19866.00, 82333.00, 99799.00, 63906.00, 17033.00, 35542.00, 47908.00, 34515.00000, 37615.00000, 49427.00000, 83472.00000, 77130.00000, 8209.00000, 31951.00000, 90768.00000, 96386.00000),
(375, 1, 1, 23, 3.00, 5.00, 7.00, 1536179.00000, 0.90129, '2013-03-01', 17762.00, 80721.00, 49405.00, 2964.00, 13646.00, 63118.00, 65871.00, 19500.00, 76527.00, 75852.00000, 55305.00000, 89552.00000, 52658.00000, 227.00000, 90275.00000, 83333.00000, 85844.00000, 80864.00000),
(376, 1, 1, NULL, 4.00, 5.00, 5.00, 273204.00000, 0.53436, '2013-04-01', 81794.00, 6212.00, 90961.00, 30466.00, 84529.00, 21449.00, 794.00, 50551.00, 28846.00, 53419.00000, 25707.00000, 33085.00000, 18815.00000, 17865.00000, 88559.00000, 96315.00000, 81627.00000, 61666.00000),
(377, 1, 2, NULL, 5.00, 6.00, 7.00, 841712.00000, 0.40121, '2013-04-01', 31607.00, 85230.00, 12709.00, 85879.00, 97898.00, 23743.00, 21363.00, 19671.00, 8927.00, 17850.00000, 67932.00000, 26585.00000, 55847.00000, 67832.00000, 8249.00000, 29018.00000, 77541.00000, 48772.00000),
(378, 1, 3, NULL, 8.00, 7.00, 8.00, 852057.00000, 0.38794, '2013-04-01', 94607.00, 11697.00, 33261.00, 44749.00, 26904.00, 39973.00, 79922.00, 8211.00, 59683.00, 35198.00000, 88184.00000, 7030.00000, 73026.00000, 29308.00000, 29861.00000, 13824.00000, 13000.00000, 55189.00000),
(379, 1, 1, 1, 7.00, 3.00, 2.00, 179703.00000, 0.10093, '2013-04-01', 90473.00, 11271.00, 54449.00, 55441.00, 49777.00, 70769.00, 21704.00, 53857.00, 44263.00, 3759.00000, 64587.00000, 12282.00000, 2300.00000, 61777.00000, 77638.00000, 48534.00000, 44703.00000, 53588.00000),
(380, 1, 1, 2, 2.00, 4.00, 8.00, 9603729.00000, 0.73784, '2013-04-01', 6746.00, 60473.00, 33329.00, 33821.00, 38224.00, 79825.00, 8026.00, 42285.00, 34062.00, 11614.00000, 22715.00000, 40366.00000, 60968.00000, 80647.00000, 33733.00000, 13652.00000, 27492.00000, 30511.00000),
(381, 1, 1, 3, 7.00, 8.00, 6.00, 2509162.00000, 0.78570, '2013-04-01', 78406.00, 3053.00, 59543.00, 61683.00, 30183.00, 53915.00, 89428.00, 14417.00, 66582.00, 65331.00000, 21887.00000, 45271.00000, 77081.00000, 56492.00000, 6140.00000, 290.00000, 40537.00000, 12514.00000),
(382, 1, 1, 4, 2.00, 6.00, 1.00, 7349096.00000, 0.31108, '2013-04-01', 73683.00, 66956.00, 99874.00, 74553.00, 48398.00, 88783.00, 356.00, 20493.00, 96371.00, 44873.00000, 25127.00000, 52274.00000, 79848.00000, 66109.00000, 81932.00000, 94427.00000, 89201.00000, 17111.00000),
(383, 1, 1, 5, 1.00, 7.00, 6.00, 8409634.00000, 0.85507, '2013-04-01', 9248.00, 99762.00, 28983.00, 72662.00, 81530.00, 45801.00, 41362.00, 38504.00, 37128.00, 76667.00000, 24511.00000, 94417.00000, 47298.00000, 87769.00000, 68567.00000, 88834.00000, 5926.00000, 32920.00000),
(384, 1, 1, 6, 7.00, 2.00, 7.00, 5513480.00000, 0.37035, '2013-04-01', 92980.00, 82541.00, 25435.00, 30131.00, 66159.00, 40086.00, 52996.00, 92766.00, 3194.00, 72892.00000, 75218.00000, 8939.00000, 59377.00000, 21442.00000, 81849.00000, 42928.00000, 1363.00000, 78430.00000),
(385, 1, 1, 8, 7.00, 7.00, 5.00, 7876856.00000, 0.60920, '2013-04-01', 55296.00, 53011.00, 59715.00, 59356.00, 1138.00, 90554.00, 84622.00, 62724.00, 35795.00, 65829.00000, 38885.00000, 12254.00000, 68248.00000, 31107.00000, 38590.00000, 56059.00000, 34924.00000, 52885.00000),
(386, 1, 1, 9, 3.00, 3.00, 5.00, 8602156.00000, 0.17830, '2013-04-01', 86810.00, 44128.00, 46289.00, 6373.00, 78889.00, 2594.00, 25136.00, 85387.00, 95566.00, 23182.00000, 58861.00000, 61470.00000, 17213.00000, 97016.00000, 10091.00000, 53835.00000, 48757.00000, 5746.00000),
(387, 1, 1, 10, 3.00, 5.00, 2.00, 8076967.00000, 0.63083, '2013-04-01', 5030.00, 41952.00, 75979.00, 40543.00, 30620.00, 68019.00, 4773.00, 62320.00, 76912.00, 25807.00000, 95021.00000, 61520.00000, 83646.00000, 14160.00000, 21000.00000, 26915.00000, 35638.00000, 27614.00000),
(388, 1, 1, 11, 5.00, 6.00, 8.00, 8955868.00000, 0.57981, '2013-04-01', 89142.00, 7705.00, 81093.00, 41955.00, 12397.00, 35551.00, 48158.00, 52922.00, 40575.00, 71166.00000, 18212.00000, 62916.00000, 71879.00000, 33039.00000, 51006.00000, 7069.00000, 14589.00000, 8171.00000),
(389, 1, 1, 12, 4.00, 7.00, 4.00, 6570243.00000, 0.20678, '2013-04-01', 3528.00, 30469.00, 88035.00, 43996.00, 69908.00, 61439.00, 15574.00, 91626.00, 83643.00, 57876.00000, 79491.00000, 8254.00000, 85949.00000, 30357.00000, 92341.00000, 37525.00000, 52579.00000, 71725.00000),
(390, 1, 1, 13, 7.00, 5.00, 2.00, 2153602.00000, 0.35485, '2013-04-01', 21393.00, 9847.00, 37450.00, 77023.00, 19424.00, 65022.00, 96531.00, 10121.00, 4140.00, 11217.00000, 30272.00000, 99347.00000, 29129.00000, 75983.00000, 94721.00000, 22646.00000, 92406.00000, 38356.00000),
(391, 1, 1, 14, 5.00, 2.00, 8.00, 2882740.00000, 0.96276, '2013-04-01', 33471.00, 80219.00, 17507.00, 51334.00, 95879.00, 12053.00, 36819.00, 94837.00, 72368.00, 17527.00000, 8702.00000, 84714.00000, 15489.00000, 4055.00000, 6542.00000, 49895.00000, 9424.00000, 66983.00000),
(392, 1, 1, 15, 5.00, 6.00, 7.00, 6599761.00000, 0.88113, '2013-04-01', 19932.00, 77397.00, 67246.00, 28219.00, 93333.00, 41594.00, 73109.00, 33942.00, 77120.00, 37369.00000, 84637.00000, 97569.00000, 48343.00000, 99648.00000, 10144.00000, 84845.00000, 50744.00000, 47048.00000),
(393, 1, 1, 16, 6.00, 3.00, 7.00, 8026071.00000, 0.11989, '2013-04-01', 10738.00, 22488.00, 84083.00, 23608.00, 34004.00, 49282.00, 30800.00, 97316.00, 77477.00, 18449.00000, 77515.00000, 27380.00000, 15757.00000, 70979.00000, 6322.00000, 57639.00000, 85659.00000, 76020.00000),
(394, 1, 1, 17, 3.00, 7.00, 7.00, 6606207.00000, 0.83758, '2013-04-01', 66035.00, 73109.00, 6401.00, 33637.00, 9961.00, 12208.00, 54071.00, 35732.00, 81657.00, 45577.00000, 27439.00000, 65296.00000, 42671.00000, 53369.00000, 69959.00000, 12011.00000, 16903.00000, 29047.00000),
(395, 1, 1, 18, 4.00, 6.00, 3.00, 345628.00000, 0.11896, '2013-04-01', 12181.00, 19360.00, 43339.00, 55645.00, 60508.00, 74690.00, 98696.00, 98138.00, 23313.00, 11417.00000, 51888.00000, 88211.00000, 70902.00000, 47366.00000, 61582.00000, 20426.00000, 98527.00000, 66097.00000),
(396, 1, 1, 19, 5.00, 1.00, 4.00, 1490196.00000, 0.45589, '2013-04-01', 35622.00, 32006.00, 4479.00, 20921.00, 68403.00, 35667.00, 11558.00, 74982.00, 63227.00, 69133.00000, 98077.00000, 33583.00000, 92494.00000, 33395.00000, 11037.00000, 37436.00000, 22520.00000, 72575.00000),
(397, 1, 1, 20, 5.00, 7.00, 1.00, 2322809.00000, 0.63235, '2013-04-01', 38641.00, 29051.00, 43886.00, 54999.00, 52737.00, 70367.00, 93536.00, 48374.00, 15739.00, 28730.00000, 50751.00000, 29430.00000, 900.00000, 21208.00000, 8635.00000, 38711.00000, 10733.00000, 87979.00000),
(398, 1, 1, 21, 5.00, 1.00, 1.00, 4235937.00000, 0.65910, '2013-04-01', 89875.00, 99285.00, 74671.00, 41305.00, 89139.00, 62557.00, 16685.00, 26354.00, 85585.00, 88991.00000, 72016.00000, 28998.00000, 47098.00000, 79346.00000, 59217.00000, 69831.00000, 62581.00000, 32561.00000),
(399, 1, 1, 22, 6.00, 7.00, 2.00, 8987863.00000, 0.18022, '2013-04-01', 39614.00, 66932.00, 49621.00, 74739.00, 11128.00, 96565.00, 93188.00, 95974.00, 8670.00, 28905.00000, 56036.00000, 28535.00000, 34794.00000, 16167.00000, 94872.00000, 64486.00000, 44131.00000, 44424.00000),
(400, 1, 1, 23, 5.00, 4.00, 1.00, 5316571.00000, 0.37081, '2013-04-01', 58961.00, 99198.00, 21231.00, 78036.00, 16812.00, 30969.00, 63699.00, 67167.00, 44836.00, 14170.00000, 55444.00000, 41487.00000, 14249.00000, 99574.00000, 48146.00000, 11555.00000, 13518.00000, 66315.00000),
(401, 1, 1, NULL, 3.00, 7.00, 4.00, 440303.00000, 0.95304, '2013-05-01', 77335.00, 17167.00, 68028.00, 719.00, 14845.00, 9313.00, 34631.00, 5643.00, 66285.00, 37925.00000, 95826.00000, 47510.00000, 48574.00000, 37120.00000, 88196.00000, 47413.00000, 17972.00000, 55467.00000),
(402, 1, 2, NULL, 4.00, 4.00, 8.00, 477380.00000, 0.99350, '2013-05-01', 59719.00, 57888.00, 38478.00, 84362.00, 38194.00, 61957.00, 54899.00, 63786.00, 9140.00, 22731.00000, 38473.00000, 42866.00000, 10285.00000, 84716.00000, 25771.00000, 16122.00000, 8789.00000, 86105.00000),
(403, 1, 3, NULL, 7.00, 5.00, 2.00, 558543.00000, 0.77174, '2013-05-01', 17996.00, 33237.00, 64502.00, 43337.00, 92768.00, 6228.00, 37334.00, 61731.00, 65913.00, 26623.00000, 98941.00000, 68817.00000, 79954.00000, 89505.00000, 93033.00000, 91380.00000, 50717.00000, 86684.00000),
(404, 1, 1, 1, 8.00, 3.00, 5.00, 1843375.00000, 0.11757, '2013-05-01', 25457.00, 8479.00, 64628.00, 85906.00, 10637.00, 54212.00, 76125.00, 4957.00, 34342.00, 22164.00000, 4824.00000, 2896.00000, 35184.00000, 70189.00000, 1964.00000, 58064.00000, 90538.00000, 94271.00000),
(405, 1, 1, 2, 7.00, 6.00, 2.00, 1752529.00000, 0.63324, '2013-05-01', 22181.00, 55105.00, 56303.00, 49753.00, 40242.00, 78931.00, 93954.00, 23894.00, 57594.00, 95996.00000, 33317.00000, 98125.00000, 16294.00000, 66524.00000, 96936.00000, 50069.00000, 31886.00000, 51676.00000),
(406, 1, 1, 3, 3.00, 3.00, 5.00, 5873811.00000, 0.68235, '2013-05-01', 11699.00, 88441.00, 71096.00, 92371.00, 34696.00, 44489.00, 31001.00, 42862.00, 83495.00, 45113.00000, 11462.00000, 36482.00000, 83170.00000, 94444.00000, 67380.00000, 41205.00000, 39853.00000, 22678.00000),
(407, 1, 1, 4, 6.00, 4.00, 4.00, 918827.00000, 0.89441, '2013-05-01', 27665.00, 68382.00, 61347.00, 21267.00, 99042.00, 78511.00, 58009.00, 20019.00, 12670.00, 40387.00000, 81099.00000, 26039.00000, 13102.00000, 71597.00000, 8222.00000, 16544.00000, 67186.00000, 99989.00000),
(408, 1, 1, 5, 5.00, 7.00, 5.00, 8793559.00000, 0.52106, '2013-05-01', 75536.00, 27875.00, 90884.00, 72527.00, 52997.00, 70821.00, 58292.00, 48806.00, 21369.00, 64454.00000, 7729.00000, 95627.00000, 81924.00000, 41431.00000, 924.00000, 84962.00000, 50957.00000, 9271.00000),
(409, 1, 1, 6, 5.00, 8.00, 8.00, 7644401.00000, 0.13618, '2013-05-01', 32659.00, 8495.00, 93293.00, 27595.00, 62421.00, 16401.00, 52477.00, 99681.00, 89218.00, 12474.00000, 23999.00000, 60717.00000, 74866.00000, 31541.00000, 80983.00000, 98665.00000, 6852.00000, 47532.00000),
(410, 1, 1, 8, 3.00, 2.00, 2.00, 8236749.00000, 0.82580, '2013-05-01', 14647.00, 29159.00, 90944.00, 60406.00, 42107.00, 62085.00, 68914.00, 99149.00, 24046.00, 42139.00000, 18158.00000, 36088.00000, 43092.00000, 76742.00000, 52425.00000, 71600.00000, 14829.00000, 31987.00000),
(411, 1, 1, 9, 4.00, 8.00, 4.00, 6262640.00000, 0.55685, '2013-05-01', 51247.00, 98300.00, 81263.00, 12531.00, 57484.00, 84739.00, 4657.00, 56097.00, 71886.00, 48278.00000, 24511.00000, 2403.00000, 31146.00000, 27539.00000, 68883.00000, 46792.00000, 84902.00000, 70950.00000),
(412, 1, 1, 10, 5.00, 5.00, 4.00, 9046253.00000, 0.58404, '2013-05-01', 90188.00, 21109.00, 44133.00, 1921.00, 16181.00, 6868.00, 73819.00, 70585.00, 30795.00, 55513.00000, 68041.00000, 919.00000, 58717.00000, 1706.00000, 56938.00000, 32080.00000, 57671.00000, 72970.00000),
(413, 1, 1, 11, 4.00, 3.00, 8.00, 8322982.00000, 0.80415, '2013-05-01', 52722.00, 60978.00, 25452.00, 40688.00, 47602.00, 2545.00, 33105.00, 84908.00, 72137.00, 21185.00000, 9022.00000, 89592.00000, 89042.00000, 57361.00000, 18184.00000, 50210.00000, 75875.00000, 31951.00000),
(414, 1, 1, 12, 2.00, 7.00, 8.00, 8399556.00000, 0.29304, '2013-05-01', 47800.00, 63114.00, 28133.00, 3438.00, 50820.00, 8713.00, 81744.00, 63959.00, 81874.00, 20473.00000, 48847.00000, 34053.00000, 81731.00000, 49073.00000, 23474.00000, 25828.00000, 86400.00000, 69658.00000),
(415, 1, 1, 13, 8.00, 3.00, 3.00, 1138192.00000, 0.27787, '2013-05-01', 59418.00, 23622.00, 91709.00, 13194.00, 56399.00, 37151.00, 11759.00, 19869.00, 10883.00, 79203.00000, 36692.00000, 84301.00000, 89181.00000, 89622.00000, 73886.00000, 38995.00000, 22784.00000, 20102.00000),
(416, 1, 1, 14, 6.00, 8.00, 6.00, 5216556.00000, 0.54444, '2013-05-01', 28287.00, 99081.00, 93437.00, 36121.00, 85877.00, 74557.00, 65230.00, 34291.00, 79455.00, 51725.00000, 49280.00000, 80146.00000, 79932.00000, 52100.00000, 48466.00000, 42203.00000, 41312.00000, 3021.00000),
(417, 1, 1, 15, 7.00, 2.00, 7.00, 1486388.00000, 0.51798, '2013-05-01', 22741.00, 45661.00, 13429.00, 35029.00, 73273.00, 31826.00, 10844.00, 99413.00, 27272.00, 83268.00000, 47222.00000, 32859.00000, 80463.00000, 51850.00000, 91683.00000, 28802.00000, 62880.00000, 85437.00000),
(418, 1, 1, 16, 3.00, 3.00, 1.00, 8908055.00000, 0.67423, '2013-05-01', 34873.00, 16587.00, 38654.00, 97221.00, 74591.00, 18239.00, 324.00, 94404.00, 84190.00, 29359.00000, 2284.00000, 28152.00000, 31520.00000, 99919.00000, 69862.00000, 65063.00000, 92842.00000, 95242.00000),
(419, 1, 1, 17, 3.00, 5.00, 5.00, 9527226.00000, 0.66704, '2013-05-01', 91556.00, 6911.00, 55133.00, 99319.00, 79469.00, 64412.00, 20787.00, 15875.00, 54942.00, 85904.00000, 71141.00000, 49985.00000, 24527.00000, 30696.00000, 64764.00000, 94636.00000, 80077.00000, 94810.00000),
(420, 1, 1, 18, 3.00, 4.00, 7.00, 3765286.00000, 0.48110, '2013-05-01', 87871.00, 92425.00, 72578.00, 15487.00, 15532.00, 53956.00, 12529.00, 42470.00, 31594.00, 32987.00000, 53788.00000, 36734.00000, 62554.00000, 34538.00000, 419.00000, 47862.00000, 40527.00000, 86163.00000),
(421, 1, 1, 19, 8.00, 1.00, 1.00, 3978800.00000, 0.59103, '2013-05-01', 80288.00, 38492.00, 40223.00, 90535.00, 86089.00, 18103.00, 98761.00, 17097.00, 58231.00, 12356.00000, 691.00000, 8796.00000, 91788.00000, 97480.00000, 10190.00000, 85825.00000, 49839.00000, 66638.00000),
(422, 1, 1, 20, 5.00, 5.00, 3.00, 3575954.00000, 0.44134, '2013-05-01', 95716.00, 41366.00, 59288.00, 65063.00, 98158.00, 85825.00, 66577.00, 91455.00, 50025.00, 16404.00000, 76124.00000, 50151.00000, 11395.00000, 87670.00000, 68710.00000, 17411.00000, 99049.00000, 97986.00000),
(423, 1, 1, 21, 8.00, 2.00, 8.00, 252969.00000, 0.88083, '2013-05-01', 7711.00, 44301.00, 47132.00, 14372.00, 32465.00, 54912.00, 3830.00, 88601.00, 57360.00, 42413.00000, 50977.00000, 34875.00000, 69115.00000, 14138.00000, 14482.00000, 21977.00000, 62978.00000, 33170.00000),
(424, 1, 1, 22, 6.00, 6.00, 3.00, 2869931.00000, 0.15589, '2013-05-01', 3642.00, 71680.00, 40906.00, 9144.00, 54343.00, 80448.00, 63486.00, 43744.00, 22943.00, 30296.00000, 19777.00000, 67104.00000, 21818.00000, 8067.00000, 99123.00000, 71319.00000, 84825.00000, 15498.00000),
(425, 1, 1, 23, 4.00, 4.00, 7.00, 7794254.00000, 0.25210, '2013-05-01', 99088.00, 85850.00, 74076.00, 39801.00, 43180.00, 85198.00, 7810.00, 67195.00, 36689.00, 9685.00000, 51889.00000, 12857.00000, 47730.00000, 70462.00000, 89177.00000, 27132.00000, 20770.00000, 32529.00000),
(426, 1, 1, NULL, 5.00, 1.00, 3.00, 121889.00000, 0.83777, '2013-06-01', 3098.00, 24956.00, 80875.00, 19886.00, 21812.00, 15780.00, 69318.00, 77611.00, 27017.00, 34084.00000, 87099.00000, 84175.00000, 42700.00000, 17212.00000, 43568.00000, 98383.00000, 47303.00000, 67320.00000),
(427, 1, 2, NULL, 1.00, 2.00, 4.00, 478666.00000, 0.65085, '2013-06-01', 18031.00, 10540.00, 29267.00, 58410.00, 74142.00, 16151.00, 99866.00, 43308.00, 67777.00, 37546.00000, 99151.00000, 60159.00000, 2499.00000, 14567.00000, 8374.00000, 8997.00000, 82084.00000, 57376.00000),
(428, 1, 3, NULL, 3.00, 1.00, 2.00, 715150.00000, 0.49640, '2013-06-01', 21765.00, 46955.00, 42678.00, 58923.00, 87133.00, 54696.00, 58115.00, 18040.00, 15755.00, 79944.00000, 59088.00000, 82210.00000, 82551.00000, 93211.00000, 93128.00000, 33120.00000, 3289.00000, 24834.00000),
(429, 1, 1, 1, 8.00, 5.00, 7.00, 4917261.00000, 0.26664, '2013-06-01', 37690.00, 57974.00, 47851.00, 96781.00, 23933.00, 10095.00, 84646.00, 77808.00, 40277.00, 31185.00000, 48795.00000, 8513.00000, 27542.00000, 24887.00000, 31576.00000, 95292.00000, 91528.00000, 81602.00000),
(430, 1, 1, 2, 3.00, 5.00, 8.00, 8755899.00000, 0.61685, '2013-06-01', 32229.00, 81251.00, 89877.00, 59815.00, 31779.00, 16886.00, 15216.00, 11553.00, 90492.00, 9338.00000, 88504.00000, 66342.00000, 42278.00000, 65113.00000, 57555.00000, 69566.00000, 58824.00000, 40359.00000),
(431, 1, 1, 3, 8.00, 3.00, 6.00, 3961382.00000, 0.56196, '2013-06-01', 91731.00, 5110.00, 45058.00, 57395.00, 87508.00, 93316.00, 61571.00, 67107.00, 77320.00, 7316.00000, 13507.00000, 32002.00000, 79052.00000, 23187.00000, 71497.00000, 16025.00000, 96048.00000, 27922.00000),
(432, 1, 1, 4, 1.00, 7.00, 8.00, 6332249.00000, 0.64566, '2013-06-01', 18784.00, 79508.00, 10502.00, 60631.00, 11119.00, 47232.00, 46551.00, 311.00, 32452.00, 80938.00000, 64190.00000, 76859.00000, 35613.00000, 7789.00000, 44462.00000, 22428.00000, 54795.00000, 52577.00000),
(433, 1, 1, 5, 8.00, 4.00, 6.00, 9991391.00000, 0.29812, '2013-06-01', 8308.00, 81388.00, 61774.00, 36814.00, 42265.00, 62541.00, 68014.00, 95603.00, 66339.00, 27265.00000, 38188.00000, 57445.00000, 46782.00000, 94666.00000, 14814.00000, 67523.00000, 40311.00000, 45451.00000),
(434, 1, 1, 6, 1.00, 6.00, 6.00, 1052467.00000, 0.58121, '2013-06-01', 92406.00, 14405.00, 74722.00, 28721.00, 79056.00, 21341.00, 79820.00, 29863.00, 7590.00, 49724.00000, 72944.00000, 77539.00000, 39544.00000, 20276.00000, 26446.00000, 78418.00000, 83825.00000, 14019.00000),
(435, 1, 1, 8, 6.00, 4.00, 4.00, 2187989.00000, 0.59541, '2013-06-01', 65984.00, 54554.00, 68186.00, 22067.00, 16310.00, 64128.00, 36298.00, 56650.00, 60243.00, 68814.00000, 89976.00000, 21250.00000, 43407.00000, 45946.00000, 16912.00000, 60819.00000, 77994.00000, 28044.00000),
(436, 1, 1, 9, 5.00, 6.00, 4.00, 7080055.00000, 0.11978, '2013-06-01', 70618.00, 90212.00, 95171.00, 66775.00, 82991.00, 28051.00, 96211.00, 19450.00, 5058.00, 27591.00000, 3869.00000, 15513.00000, 66512.00000, 34892.00000, 84769.00000, 42458.00000, 7532.00000, 61636.00000),
(437, 1, 1, 10, 5.00, 4.00, 6.00, 5725350.00000, 0.59865, '2013-06-01', 56614.00, 89615.00, 29112.00, 81016.00, 79015.00, 55586.00, 31664.00, 75503.00, 16583.00, 74762.00000, 15929.00000, 28023.00000, 61233.00000, 36208.00000, 23394.00000, 46532.00000, 42468.00000, 79381.00000),
(438, 1, 1, 11, 5.00, 3.00, 6.00, 5685738.00000, 0.70476, '2013-06-01', 53466.00, 3415.00, 92306.00, 12229.00, 80370.00, 70740.00, 38143.00, 62944.00, 22547.00, 13283.00000, 62773.00000, 41250.00000, 22421.00000, 61004.00000, 93770.00000, 40632.00000, 19314.00000, 99664.00000),
(439, 1, 1, 12, 3.00, 8.00, 7.00, 6327448.00000, 0.53843, '2013-06-01', 78433.00, 91017.00, 91753.00, 7918.00, 95965.00, 90754.00, 88665.00, 39493.00, 62346.00, 1050.00000, 62996.00000, 3650.00000, 45367.00000, 2240.00000, 4338.00000, 21356.00000, 72747.00000, 12443.00000),
(440, 1, 1, 13, 3.00, 3.00, 2.00, 7653943.00000, 0.74228, '2013-06-01', 30139.00, 66529.00, 99082.00, 69885.00, 9314.00, 21202.00, 74107.00, 31479.00, 51232.00, 57841.00000, 78573.00000, 33110.00000, 51400.00000, 58580.00000, 48948.00000, 56501.00000, 93341.00000, 78201.00000),
(441, 1, 1, 14, 8.00, 3.00, 2.00, 2263018.00000, 0.39760, '2013-06-01', 74282.00, 9202.00, 38832.00, 26220.00, 99075.00, 69038.00, 56630.00, 2415.00, 28514.00, 45634.00000, 71907.00000, 99656.00000, 79699.00000, 28142.00000, 4095.00000, 42658.00000, 15808.00000, 79486.00000),
(442, 1, 1, 15, 2.00, 6.00, 1.00, 5235865.00000, 0.38486, '2013-06-01', 86283.00, 42451.00, 75408.00, 64982.00, 83173.00, 85743.00, 24180.00, 54547.00, 27257.00, 27716.00000, 88984.00000, 3030.00000, 58465.00000, 2086.00000, 1688.00000, 96619.00000, 36206.00000, 64098.00000),
(443, 1, 1, 16, 6.00, 5.00, 3.00, 2548805.00000, 0.99020, '2013-06-01', 69931.00, 71276.00, 98658.00, 95710.00, 22758.00, 56142.00, 97660.00, 49692.00, 13062.00, 36904.00000, 75653.00000, 46733.00000, 23782.00000, 20897.00000, 51784.00000, 74431.00000, 37532.00000, 25702.00000),
(444, 1, 1, 17, 5.00, 6.00, 5.00, 892076.00000, 0.54166, '2013-06-01', 86910.00, 34329.00, 87318.00, 25905.00, 16132.00, 56900.00, 94308.00, 24343.00, 68787.00, 44680.00000, 86651.00000, 34648.00000, 57853.00000, 39422.00000, 66385.00000, 83666.00000, 90270.00000, 10816.00000),
(445, 1, 1, 18, 1.00, 5.00, 3.00, 4888121.00000, 0.83303, '2013-06-01', 41931.00, 41702.00, 20839.00, 3328.00, 79578.00, 80081.00, 34128.00, 86632.00, 77512.00, 34617.00000, 20177.00000, 8626.00000, 4061.00000, 70397.00000, 82559.00000, 66439.00000, 88804.00000, 14206.00000),
(446, 1, 1, 19, 3.00, 6.00, 6.00, 4079084.00000, 0.84620, '2013-06-01', 20284.00, 96067.00, 53456.00, 33673.00, 70351.00, 92666.00, 70316.00, 94413.00, 78868.00, 65623.00000, 47312.00000, 32586.00000, 29388.00000, 55569.00000, 5812.00000, 3133.00000, 97475.00000, 30543.00000),
(447, 1, 1, 20, 2.00, 1.00, 4.00, 4160932.00000, 0.37129, '2013-06-01', 82732.00, 41411.00, 37404.00, 71040.00, 30030.00, 70303.00, 20445.00, 74772.00, 29355.00, 79190.00000, 93311.00000, 4192.00000, 98214.00000, 12787.00000, 94886.00000, 35391.00000, 4385.00000, 4901.00000),
(448, 1, 1, 21, 6.00, 5.00, 1.00, 2993438.00000, 0.91410, '2013-06-01', 78239.00, 99939.00, 3038.00, 7114.00, 56919.00, 9108.00, 92118.00, 80242.00, 28622.00, 9289.00000, 48066.00000, 12203.00000, 38509.00000, 18490.00000, 30961.00000, 66839.00000, 30182.00000, 47692.00000),
(449, 1, 1, 22, 3.00, 8.00, 6.00, 1628688.00000, 0.64579, '2013-06-01', 56907.00, 80016.00, 53537.00, 23840.00, 70138.00, 81357.00, 572.00, 78429.00, 1549.00, 73656.00000, 44698.00000, 18614.00000, 16828.00000, 51954.00000, 14597.00000, 88322.00000, 2130.00000, 76031.00000),
(450, 1, 1, 23, 2.00, 6.00, 6.00, 7614181.00000, 0.31310, '2013-06-01', 32099.00, 88770.00, 92839.00, 78769.00, 67977.00, 61186.00, 14022.00, 99704.00, 12338.00, 24195.00000, 53266.00000, 60080.00000, 19521.00000, 63624.00000, 59024.00000, 75845.00000, 18625.00000, 64920.00000),
(451, 1, 1, NULL, 6.00, 5.00, 1.00, 394288.00000, 0.52485, '2013-07-01', 64829.00, 96168.00, 63500.00, 73401.00, 93335.00, 70022.00, 59344.00, 20437.00, 78956.00, 26963.00000, 65229.00000, 66312.00000, 59005.00000, 50588.00000, 1662.00000, 62673.00000, 99906.00000, 39903.00000),
(452, 1, 2, NULL, 6.00, 3.00, 8.00, 442844.00000, 0.32851, '2013-07-01', 60736.00, 20156.00, 38.00, 34686.00, 26744.00, 82679.00, 59114.00, 87534.00, 19770.00, 85126.00000, 82733.00000, 82827.00000, 16833.00000, 42256.00000, 62565.00000, 32900.00000, 3885.00000, 81462.00000),
(453, 1, 3, NULL, 7.00, 1.00, 7.00, 464247.00000, 0.39531, '2013-07-01', 37871.00, 59614.00, 10415.00, 69595.00, 92991.00, 12288.00, 18766.00, 6003.00, 69998.00, 77236.00000, 52000.00000, 7690.00000, 21624.00000, 77261.00000, 2893.00000, 75938.00000, 80931.00000, 27026.00000),
(454, 1, 1, 1, 3.00, 1.00, 1.00, 8142672.00000, 0.78020, '2013-07-01', 44426.00, 3520.00, 88413.00, 37725.00, 43591.00, 40116.00, 14162.00, 99364.00, 89146.00, 81255.00000, 28030.00000, 32047.00000, 41230.00000, 97915.00000, 16980.00000, 34535.00000, 86828.00000, 64238.00000),
(455, 1, 1, 2, 3.00, 2.00, 2.00, 5431632.00000, 0.92428, '2013-07-01', 9525.00, 68211.00, 87544.00, 86372.00, 42387.00, 86879.00, 10184.00, 13682.00, 18111.00, 94416.00000, 64962.00000, 4571.00000, 32673.00000, 2248.00000, 23303.00000, 61818.00000, 91294.00000, 12008.00000),
(456, 1, 1, 3, 3.00, 6.00, 1.00, 6404810.00000, 0.87134, '2013-07-01', 15849.00, 17668.00, 19434.00, 54358.00, 8179.00, 24108.00, 11079.00, 33086.00, 81923.00, 1770.00000, 21680.00000, 21630.00000, 24930.00000, 63009.00000, 42220.00000, 93638.00000, 27247.00000, 52717.00000),
(457, 1, 1, 4, 3.00, 4.00, 5.00, 8437628.00000, 0.23386, '2013-07-01', 49691.00, 73244.00, 52456.00, 83667.00, 35759.00, 85447.00, 92805.00, 83091.00, 83636.00, 11374.00000, 31610.00000, 33325.00000, 14422.00000, 48686.00000, 33674.00000, 94355.00000, 59750.00000, 57824.00000),
(458, 1, 1, 5, 2.00, 7.00, 7.00, 5425181.00000, 0.68600, '2013-07-01', 3413.00, 30937.00, 56212.00, 43760.00, 45051.00, 77115.00, 85096.00, 80869.00, 99505.00, 38187.00000, 51395.00000, 97287.00000, 33508.00000, 41985.00000, 54935.00000, 74269.00000, 79039.00000, 62997.00000),
(459, 1, 1, 6, 6.00, 7.00, 6.00, 9161757.00000, 0.83839, '2013-07-01', 17855.00, 47222.00, 50532.00, 96493.00, 7935.00, 35282.00, 79263.00, 50048.00, 94155.00, 89254.00000, 58147.00000, 10343.00000, 18342.00000, 68899.00000, 11685.00000, 42987.00000, 21748.00000, 59514.00000),
(460, 1, 1, 8, 3.00, 5.00, 2.00, 456717.00000, 0.62014, '2013-07-01', 61761.00, 23105.00, 2419.00, 73033.00, 77824.00, 81018.00, 65150.00, 24972.00, 12433.00, 22561.00000, 4522.00000, 30678.00000, 11547.00000, 63842.00000, 66097.00000, 92019.00000, 25047.00000, 946.00000),
(461, 1, 1, 9, 8.00, 2.00, 3.00, 6462609.00000, 0.69641, '2013-07-01', 13565.00, 88481.00, 46247.00, 95150.00, 11312.00, 11800.00, 76837.00, 76578.00, 12294.00, 25473.00000, 83681.00000, 88137.00000, 29483.00000, 27201.00000, 61562.00000, 12426.00000, 47082.00000, 2294.00000),
(462, 1, 1, 10, 7.00, 3.00, 5.00, 5154030.00000, 0.51186, '2013-07-01', 37748.00, 20219.00, 67831.00, 64917.00, 81080.00, 41239.00, 7785.00, 64540.00, 67086.00, 11094.00000, 41932.00000, 46037.00000, 99938.00000, 44339.00000, 36201.00000, 46807.00000, 33808.00000, 25932.00000),
(463, 1, 1, 11, 1.00, 6.00, 4.00, 6461763.00000, 0.44220, '2013-07-01', 28717.00, 71095.00, 59862.00, 13030.00, 47904.00, 40588.00, 93645.00, 71321.00, 51722.00, 50091.00000, 29380.00000, 96961.00000, 38089.00000, 19188.00000, 44947.00000, 91571.00000, 57670.00000, 12662.00000),
(464, 1, 1, 12, 6.00, 6.00, 5.00, 4170478.00000, 0.66837, '2013-07-01', 71470.00, 15526.00, 15403.00, 58665.00, 50804.00, 42546.00, 81892.00, 85872.00, 78833.00, 45962.00000, 35903.00000, 8190.00000, 21883.00000, 93001.00000, 99142.00000, 17313.00000, 57827.00000, 57789.00000),
(465, 1, 1, 13, 4.00, 2.00, 4.00, 8550213.00000, 0.78023, '2013-07-01', 12225.00, 91588.00, 65790.00, 83510.00, 28085.00, 46268.00, 82925.00, 16143.00, 1872.00, 4464.00000, 97493.00000, 75647.00000, 41102.00000, 82128.00000, 12980.00000, 35690.00000, 22923.00000, 19678.00000),
(466, 1, 1, 14, 5.00, 6.00, 2.00, 2969506.00000, 0.35868, '2013-07-01', 33964.00, 98477.00, 42269.00, 97805.00, 98348.00, 69403.00, 51376.00, 93338.00, 46860.00, 29091.00000, 77620.00000, 56679.00000, 38641.00000, 1251.00000, 93053.00000, 54197.00000, 67004.00000, 81245.00000),
(467, 1, 1, 15, 4.00, 2.00, 5.00, 8972716.00000, 0.48438, '2013-07-01', 73072.00, 9880.00, 82619.00, 82136.00, 71680.00, 64847.00, 39109.00, 59089.00, 13241.00, 8523.00000, 97918.00000, 69901.00000, 75607.00000, 17962.00000, 12097.00000, 67907.00000, 72693.00000, 77412.00000),
(468, 1, 1, 16, 1.00, 7.00, 2.00, 4745635.00000, 0.86632, '2013-07-01', 38620.00, 59572.00, 21654.00, 43393.00, 66327.00, 60203.00, 47148.00, 95082.00, 90518.00, 26098.00000, 42959.00000, 59758.00000, 8023.00000, 37298.00000, 5962.00000, 50943.00000, 7167.00000, 7287.00000),
(469, 1, 1, 17, 4.00, 6.00, 7.00, 3063594.00000, 0.15145, '2013-07-01', 23617.00, 31849.00, 93203.00, 82693.00, 64475.00, 84503.00, 72606.00, 42065.00, 50564.00, 33765.00000, 62870.00000, 55811.00000, 72904.00000, 52701.00000, 7259.00000, 81002.00000, 41736.00000, 36510.00000),
(470, 1, 1, 18, 1.00, 7.00, 4.00, 7397517.00000, 0.96212, '2013-07-01', 22350.00, 44620.00, 39326.00, 44863.00, 87826.00, 69214.00, 53757.00, 53268.00, 18651.00, 16737.00000, 76624.00000, 60847.00000, 1379.00000, 71782.00000, 11622.00000, 88605.00000, 23387.00000, 56234.00000),
(471, 1, 1, 19, 8.00, 4.00, 5.00, 9224748.00000, 0.79625, '2013-07-01', 3394.00, 88122.00, 71863.00, 1914.00, 56599.00, 31778.00, 75326.00, 71445.00, 47694.00, 89956.00000, 95512.00000, 75079.00000, 55386.00000, 77356.00000, 63681.00000, 55304.00000, 91612.00000, 86803.00000),
(472, 1, 1, 20, 8.00, 7.00, 8.00, 7568333.00000, 0.47655, '2013-07-01', 82109.00, 49666.00, 18048.00, 36717.00, 42544.00, 21285.00, 78835.00, 16455.00, 89575.00, 90336.00000, 33600.00000, 45282.00000, 91379.00000, 44380.00000, 44585.00000, 72703.00000, 50144.00000, 54103.00000),
(473, 1, 1, 21, 2.00, 5.00, 1.00, 8187886.00000, 0.82417, '2013-07-01', 33400.00, 24824.00, 64304.00, 35372.00, 57256.00, 11489.00, 62038.00, 53311.00, 50204.00, 80075.00000, 31561.00000, 86778.00000, 55256.00000, 48701.00000, 76238.00000, 80829.00000, 42411.00000, 80937.00000),
(474, 1, 1, 22, 2.00, 1.00, 5.00, 1002053.00000, 0.36618, '2013-07-01', 11715.00, 3192.00, 36886.00, 31563.00, 67771.00, 7078.00, 44533.00, 17866.00, 67997.00, 37678.00000, 16368.00000, 15065.00000, 38119.00000, 53714.00000, 46647.00000, 95872.00000, 35972.00000, 83828.00000),
(475, 1, 1, 23, 8.00, 1.00, 4.00, 112180.00000, 0.39701, '2013-07-01', 19651.00, 47196.00, 97706.00, 62556.00, 80722.00, 20263.00, 98079.00, 51897.00, 19245.00, 12266.00000, 18098.00000, 86971.00000, 29340.00000, 62397.00000, 56688.00000, 87574.00000, 75619.00000, 61370.00000),
(476, 1, 1, NULL, 8.00, 8.00, 5.00, 135414.00000, 0.13326, '2013-08-01', 5777.00, 3452.00, 21324.00, 97689.00, 58248.00, 30326.00, 65495.00, 31701.00, 82670.00, 86610.00000, 33242.00000, 54417.00000, 77238.00000, 5096.00000, 11158.00000, 81305.00000, 62108.00000, 13680.00000),
(477, 1, 2, NULL, 8.00, 8.00, 8.00, 141174.00000, 0.82311, '2013-08-01', 21933.00, 77362.00, 97479.00, 66810.00, 48967.00, 35122.00, 61229.00, 82372.00, 43270.00, 55354.00000, 54802.00000, 72284.00000, 77290.00000, 94920.00000, 68198.00000, 12688.00000, 8781.00000, 65694.00000),
(478, 1, 3, NULL, 7.00, 1.00, 1.00, 626714.00000, 0.34008, '2013-08-01', 38595.00, 35066.00, 13860.00, 32165.00, 7914.00, 45794.00, 89414.00, 10078.00, 54199.00, 33576.00000, 69944.00000, 3518.00000, 59498.00000, 43133.00000, 20814.00000, 36116.00000, 77443.00000, 53284.00000),
(479, 1, 1, 1, 6.00, 3.00, 1.00, 4652330.00000, 0.70982, '2013-08-01', 28474.00, 1256.00, 79914.00, 31440.00, 95406.00, 51315.00, 58635.00, 63047.00, 96081.00, 94900.00000, 28447.00000, 4940.00000, 42526.00000, 75553.00000, 9416.00000, 23075.00000, 96073.00000, 36811.00000),
(480, 1, 1, 2, 8.00, 8.00, 2.00, 9053610.00000, 0.50810, '2013-08-01', 53906.00, 99118.00, 40549.00, 29015.00, 6697.00, 63926.00, 86161.00, 86484.00, 66537.00, 65039.00000, 85489.00000, 52033.00000, 48821.00000, 83824.00000, 31686.00000, 7226.00000, 323.00000, 98487.00000),
(481, 1, 1, 3, 3.00, 5.00, 4.00, 2022967.00000, 0.55595, '2013-08-01', 211.00, 99159.00, 10196.00, 86567.00, 12870.00, 30875.00, 39525.00, 24988.00, 26307.00, 60690.00000, 6842.00000, 33038.00000, 73729.00000, 35794.00000, 64691.00000, 89142.00000, 97815.00000, 23360.00000),
(482, 1, 1, 4, 5.00, 3.00, 6.00, 1524112.00000, 0.91040, '2013-08-01', 10471.00, 70194.00, 35265.00, 82630.00, 39483.00, 63983.00, 26899.00, 55917.00, 53197.00, 45481.00000, 66246.00000, 43255.00000, 59452.00000, 91660.00000, 1517.00000, 60490.00000, 62985.00000, 21718.00000),
(483, 1, 1, 5, 6.00, 7.00, 5.00, 998846.00000, 0.80767, '2013-08-01', 22579.00, 77397.00, 93172.00, 77445.00, 82188.00, 88294.00, 47698.00, 89244.00, 84851.00, 55691.00000, 65158.00000, 74022.00000, 9159.00000, 46399.00000, 86411.00000, 83601.00000, 37836.00000, 78774.00000),
(484, 1, 1, 6, 7.00, 2.00, 4.00, 1385970.00000, 0.75260, '2013-08-01', 4290.00, 70081.00, 43222.00, 7251.00, 53370.00, 15757.00, 96736.00, 15522.00, 52297.00, 80049.00000, 72743.00000, 72645.00000, 4894.00000, 30879.00000, 4075.00000, 86324.00000, 21099.00000, 47611.00000),
(485, 1, 1, 8, 2.00, 3.00, 2.00, 2221602.00000, 0.95320, '2013-08-01', 35185.00, 44466.00, 27328.00, 2239.00, 17037.00, 15296.00, 97187.00, 76415.00, 45263.00, 37652.00000, 99477.00000, 89269.00000, 57557.00000, 22445.00000, 98778.00000, 53652.00000, 18785.00000, 68908.00000),
(486, 1, 1, 9, 3.00, 6.00, 5.00, 7429155.00000, 0.37902, '2013-08-01', 84343.00, 7979.00, 31419.00, 24311.00, 65886.00, 55225.00, 41156.00, 9107.00, 41463.00, 85287.00000, 90288.00000, 46280.00000, 59058.00000, 32367.00000, 1138.00000, 95501.00000, 17515.00000, 1803.00000),
(487, 1, 1, 10, 6.00, 2.00, 5.00, 9707601.00000, 0.64087, '2013-08-01', 7154.00, 70540.00, 70577.00, 49919.00, 97279.00, 97319.00, 58414.00, 95382.00, 34935.00, 21377.00000, 75886.00000, 17681.00000, 99274.00000, 13269.00000, 63033.00000, 58853.00000, 83056.00000, 60767.00000),
(488, 1, 1, 11, 3.00, 2.00, 6.00, 6533179.00000, 0.68225, '2013-08-01', 80873.00, 82590.00, 56785.00, 332.00, 53146.00, 47595.00, 27601.00, 58525.00, 72735.00, 48822.00000, 78995.00000, 75046.00000, 25768.00000, 19748.00000, 35803.00000, 95710.00000, 4018.00000, 31961.00000),
(489, 1, 1, 12, 3.00, 5.00, 1.00, 6206671.00000, 0.69312, '2013-08-01', 72168.00, 72794.00, 14172.00, 40690.00, 51928.00, 2744.00, 57705.00, 3850.00, 52088.00, 88780.00000, 13708.00000, 29882.00000, 39284.00000, 35384.00000, 47232.00000, 15457.00000, 4317.00000, 71583.00000),
(490, 1, 1, 13, 1.00, 2.00, 8.00, 9102337.00000, 0.46200, '2013-08-01', 6672.00, 94622.00, 26663.00, 53226.00, 95669.00, 3918.00, 49380.00, 90544.00, 30376.00, 31951.00000, 13669.00000, 96383.00000, 3348.00000, 99655.00000, 37189.00000, 97783.00000, 40747.00000, 99971.00000),
(491, 1, 1, 14, 4.00, 3.00, 6.00, 9100957.00000, 0.79333, '2013-08-01', 25866.00, 92332.00, 15506.00, 56722.00, 74440.00, 18467.00, 71819.00, 52315.00, 74229.00, 32893.00000, 66351.00000, 77549.00000, 74305.00000, 35477.00000, 63164.00000, 62920.00000, 94402.00000, 75651.00000),
(492, 1, 1, 15, 3.00, 4.00, 5.00, 4344444.00000, 0.66367, '2013-08-01', 6618.00, 85869.00, 89864.00, 24040.00, 98805.00, 93354.00, 42442.00, 85442.00, 61055.00, 46662.00000, 78443.00000, 27099.00000, 5105.00000, 8023.00000, 34165.00000, 29331.00000, 4185.00000, 27358.00000),
(493, 1, 1, 16, 6.00, 2.00, 6.00, 2171081.00000, 0.34550, '2013-08-01', 99170.00, 42097.00, 36635.00, 42216.00, 36936.00, 78826.00, 1445.00, 49139.00, 25464.00, 16553.00000, 82853.00000, 86708.00000, 2523.00000, 16020.00000, 6967.00000, 3684.00000, 22046.00000, 66292.00000),
(494, 1, 1, 17, 7.00, 6.00, 7.00, 7629694.00000, 0.15172, '2013-08-01', 82314.00, 55682.00, 32574.00, 55882.00, 63284.00, 56722.00, 30276.00, 69400.00, 90109.00, 13586.00000, 20737.00000, 86985.00000, 39256.00000, 58124.00000, 26700.00000, 15067.00000, 26879.00000, 6661.00000),
(495, 1, 1, 18, 5.00, 6.00, 2.00, 2851307.00000, 0.51604, '2013-08-01', 97551.00, 98891.00, 82353.00, 54640.00, 74853.00, 66228.00, 30976.00, 67910.00, 62752.00, 34141.00000, 67845.00000, 83561.00000, 27046.00000, 55864.00000, 29547.00000, 78399.00000, 36704.00000, 42734.00000),
(496, 1, 1, 19, 6.00, 3.00, 6.00, 1977663.00000, 0.44840, '2013-08-01', 34085.00, 8747.00, 55330.00, 65061.00, 42520.00, 65342.00, 29631.00, 93283.00, 6401.00, 39708.00000, 4429.00000, 55368.00000, 21276.00000, 71886.00000, 72900.00000, 49797.00000, 82947.00000, 89028.00000),
(497, 1, 1, 20, 7.00, 6.00, 8.00, 9646115.00000, 0.79209, '2013-08-01', 68970.00, 28666.00, 26619.00, 69423.00, 66804.00, 84650.00, 51441.00, 80912.00, 76597.00, 57559.00000, 30965.00000, 42968.00000, 70642.00000, 72966.00000, 69386.00000, 14271.00000, 91971.00000, 57937.00000),
(498, 1, 1, 21, 8.00, 5.00, 6.00, 8895211.00000, 0.51290, '2013-08-01', 54834.00, 16668.00, 24210.00, 86228.00, 50008.00, 21563.00, 44013.00, 76601.00, 40599.00, 49126.00000, 79034.00000, 98950.00000, 6407.00000, 7741.00000, 18609.00000, 19301.00000, 23741.00000, 60971.00000),
(499, 1, 1, 22, 8.00, 3.00, 5.00, 856435.00000, 0.96960, '2013-08-01', 46135.00, 47692.00, 72343.00, 51266.00, 34249.00, 97767.00, 67946.00, 40455.00, 39835.00, 73588.00000, 64860.00000, 75844.00000, 80537.00000, 12374.00000, 66488.00000, 78068.00000, 18365.00000, 31384.00000),
(500, 1, 1, 23, 5.00, 1.00, 1.00, 8819557.00000, 0.39686, '2013-08-01', 38671.00, 96084.00, 56148.00, 93248.00, 11335.00, 45952.00, 94566.00, 19007.00, 71868.00, 35025.00000, 56292.00000, 99488.00000, 64916.00000, 15739.00000, 13522.00000, 86873.00000, 33557.00000, 35018.00000),
(501, 1, 1, NULL, 5.00, 8.00, 8.00, 327551.00000, 0.77711, '2013-09-01', 15300.00, 37976.00, 97676.00, 83848.00, 51091.00, 31093.00, 66167.00, 35099.00, 97164.00, 74978.00000, 16768.00000, 80585.00000, 63894.00000, 9195.00000, 59832.00000, 11871.00000, 60555.00000, 12414.00000),
(502, 1, 2, NULL, 2.00, 1.00, 8.00, 660771.00000, 0.63723, '2013-09-01', 22233.00, 72680.00, 17175.00, 99714.00, 6348.00, 618.00, 58486.00, 77266.00, 33343.00, 51925.00000, 99943.00000, 93878.00000, 26110.00000, 24434.00000, 27955.00000, 75542.00000, 84231.00000, 81635.00000),
(503, 1, 3, NULL, 1.00, 4.00, 6.00, 848605.00000, 0.81788, '2013-09-01', 45721.00, 75180.00, 78012.00, 16404.00, 50177.00, 14253.00, 91676.00, 83625.00, 92629.00, 38836.00000, 20364.00000, 62078.00000, 38878.00000, 8118.00000, 37523.00000, 53713.00000, 63997.00000, 91433.00000),
(504, 1, 1, 1, 2.00, 5.00, 7.00, 3854370.00000, 0.38296, '2013-09-01', 35917.00, 91766.00, 3182.00, 50334.00, 73471.00, 475.00, 71485.00, 64792.00, 60085.00, 82083.00000, 60739.00000, 98009.00000, 54417.00000, 45229.00000, 16683.00000, 22246.00000, 8051.00000, 53615.00000),
(505, 1, 1, 2, 2.00, 2.00, 7.00, 8550247.00000, 0.57914, '2013-09-01', 10416.00, 73069.00, 64367.00, 29672.00, 17092.00, 71953.00, 37510.00, 1226.00, 97600.00, 45741.00000, 76535.00000, 46957.00000, 85183.00000, 13915.00000, 10976.00000, 72396.00000, 82065.00000, 15942.00000),
(506, 1, 1, 3, 5.00, 6.00, 2.00, 1020065.00000, 0.64249, '2013-09-01', 69908.00, 30271.00, 19735.00, 79705.00, 72833.00, 34909.00, 4077.00, 83876.00, 87387.00, 65415.00000, 89155.00000, 60652.00000, 20393.00000, 19196.00000, 81944.00000, 4723.00000, 64863.00000, 40583.00000),
(507, 1, 1, 4, 1.00, 2.00, 8.00, 574093.00000, 0.23243, '2013-09-01', 83478.00, 57835.00, 73649.00, 75824.00, 94970.00, 71219.00, 50135.00, 92275.00, 20023.00, 37498.00000, 17709.00000, 46434.00000, 79554.00000, 79217.00000, 823.00000, 97004.00000, 73744.00000, 3327.00000),
(508, 1, 1, 5, 3.00, 6.00, 7.00, 9529583.00000, 0.57713, '2013-09-01', 13814.00, 77804.00, 25761.00, 70478.00, 50016.00, 44907.00, 40444.00, 38043.00, 78429.00, 99218.00000, 5490.00000, 3591.00000, 90616.00000, 31387.00000, 55152.00000, 33504.00000, 33761.00000, 7921.00000),
(509, 1, 1, 6, 3.00, 7.00, 4.00, 1934994.00000, 0.77148, '2013-09-01', 52641.00, 49872.00, 54385.00, 60084.00, 59570.00, 32445.00, 53804.00, 57144.00, 29597.00, 88116.00000, 14684.00000, 5488.00000, 53584.00000, 37762.00000, 56650.00000, 93026.00000, 68182.00000, 77635.00000),
(510, 1, 1, 8, 4.00, 3.00, 8.00, 7595685.00000, 0.36656, '2013-09-01', 58639.00, 37959.00, 97483.00, 29216.00, 28991.00, 90546.00, 16499.00, 88670.00, 85690.00, 19687.00000, 49371.00000, 92183.00000, 64174.00000, 62787.00000, 78532.00000, 83054.00000, 42186.00000, 43195.00000),
(511, 1, 1, 9, 1.00, 2.00, 8.00, 2664884.00000, 0.61895, '2013-09-01', 52015.00, 94499.00, 91980.00, 24597.00, 60456.00, 92960.00, 74141.00, 10726.00, 83329.00, 51121.00000, 49902.00000, 25784.00000, 49111.00000, 83364.00000, 8506.00000, 10102.00000, 16015.00000, 8564.00000),
(512, 1, 1, 10, 7.00, 4.00, 7.00, 7356956.00000, 0.51132, '2013-09-01', 17095.00, 601.00, 66513.00, 49658.00, 45662.00, 44748.00, 97896.00, 99015.00, 14551.00, 96008.00000, 60939.00000, 30097.00000, 16853.00000, 99233.00000, 10413.00000, 8306.00000, 89181.00000, 15618.00000),
(513, 1, 1, 11, 1.00, 4.00, 1.00, 5658025.00000, 0.40358, '2013-09-01', 56712.00, 3351.00, 62863.00, 12305.00, 32128.00, 16459.00, 54352.00, 40833.00, 37064.00, 49187.00000, 74990.00000, 72473.00000, 59339.00000, 23423.00000, 57227.00000, 59556.00000, 38950.00000, 4414.00000),
(514, 1, 1, 12, 6.00, 2.00, 7.00, 4569703.00000, 0.67680, '2013-09-01', 49490.00, 74171.00, 78975.00, 43636.00, 436.00, 93187.00, 57610.00, 74799.00, 76407.00, 41326.00000, 18339.00000, 68170.00000, 30275.00000, 36874.00000, 45964.00000, 69342.00000, 23050.00000, 70600.00000),
(515, 1, 1, 13, 3.00, 8.00, 5.00, 5850181.00000, 0.31914, '2013-09-01', 2727.00, 11540.00, 64489.00, 78305.00, 49562.00, 52147.00, 6274.00, 91078.00, 50908.00, 68826.00000, 6800.00000, 51736.00000, 83550.00000, 41191.00000, 89646.00000, 57107.00000, 92367.00000, 91643.00000),
(516, 1, 1, 14, 5.00, 5.00, 4.00, 5434796.00000, 0.31971, '2013-09-01', 99070.00, 76331.00, 28491.00, 41085.00, 19508.00, 84828.00, 16500.00, 60365.00, 78138.00, 17691.00000, 53852.00000, 50694.00000, 16303.00000, 36905.00000, 64563.00000, 97944.00000, 27141.00000, 53087.00000),
(517, 1, 1, 15, 5.00, 6.00, 7.00, 4061603.00000, 0.81582, '2013-09-01', 29566.00, 7211.00, 32855.00, 47931.00, 72345.00, 84362.00, 36178.00, 62886.00, 56717.00, 3773.00000, 82058.00000, 50080.00000, 97016.00000, 6363.00000, 94828.00000, 32573.00000, 98395.00000, 43059.00000),
(518, 1, 1, 16, 5.00, 1.00, 2.00, 8439902.00000, 0.68201, '2013-09-01', 81567.00, 12391.00, 91317.00, 31035.00, 2964.00, 75178.00, 70097.00, 75281.00, 45876.00, 18699.00000, 33121.00000, 34775.00000, 80123.00000, 78546.00000, 81817.00000, 20077.00000, 94341.00000, 3548.00000),
(519, 1, 1, 17, 5.00, 3.00, 2.00, 7903085.00000, 0.92085, '2013-09-01', 84485.00, 52257.00, 30090.00, 26558.00, 34508.00, 33641.00, 93497.00, 99117.00, 14701.00, 1224.00000, 20704.00000, 7773.00000, 94466.00000, 77342.00000, 2414.00000, 10636.00000, 32131.00000, 29763.00000),
(520, 1, 1, 18, 4.00, 3.00, 8.00, 491406.00000, 0.59586, '2013-09-01', 64944.00, 96258.00, 39043.00, 20767.00, 71625.00, 66890.00, 54468.00, 1471.00, 42239.00, 77424.00000, 59984.00000, 16578.00000, 25410.00000, 42877.00000, 1442.00000, 95071.00000, 60916.00000, 99889.00000),
(521, 1, 1, 19, 6.00, 6.00, 6.00, 7028252.00000, 0.92802, '2013-09-01', 90325.00, 20972.00, 28458.00, 64876.00, 37559.00, 36885.00, 21845.00, 56149.00, 79519.00, 11200.00000, 31281.00000, 68083.00000, 32670.00000, 96703.00000, 8701.00000, 82665.00000, 48281.00000, 20108.00000),
(522, 1, 1, 20, 8.00, 8.00, 5.00, 9127144.00000, 0.38540, '2013-09-01', 65556.00, 92492.00, 8858.00, 46632.00, 39771.00, 66169.00, 28364.00, 11949.00, 84057.00, 45941.00000, 17302.00000, 60754.00000, 20521.00000, 83467.00000, 36605.00000, 7855.00000, 4721.00000, 58584.00000),
(523, 1, 1, 21, 8.00, 2.00, 2.00, 7165078.00000, 0.31325, '2013-09-01', 18678.00, 74337.00, 69522.00, 10019.00, 37124.00, 5641.00, 3836.00, 41964.00, 67392.00, 28332.00000, 71061.00000, 59521.00000, 19803.00000, 61203.00000, 6777.00000, 1511.00000, 92571.00000, 67818.00000),
(524, 1, 1, 22, 3.00, 2.00, 8.00, 2138455.00000, 0.42986, '2013-09-01', 56029.00, 70272.00, 96069.00, 72396.00, 53475.00, 23053.00, 10336.00, 69204.00, 61914.00, 73579.00000, 80947.00000, 7112.00000, 6804.00000, 71772.00000, 36479.00000, 64330.00000, 86052.00000, 81614.00000),
(525, 1, 1, 23, 4.00, 5.00, 2.00, 6062383.00000, 0.52574, '2013-09-01', 91814.00, 79277.00, 3651.00, 93984.00, 34804.00, 33648.00, 43034.00, 69600.00, 44803.00, 99323.00000, 28888.00000, 41577.00000, 81219.00000, 1384.00000, 68995.00000, 24145.00000, 44.00000, 41310.00000),
(526, 1, 1, NULL, 1.00, 7.00, 2.00, 855224.00000, 0.70706, '2013-10-01', 47357.00, 79575.00, 61033.00, 46386.00, 86244.00, 41670.00, 2304.00, 23846.00, 21928.00, 49269.00000, 80254.00000, 45860.00000, 4764.00000, 95084.00000, 18613.00000, 22037.00000, 45845.00000, 38373.00000),
(527, 1, 2, NULL, 4.00, 5.00, 6.00, 539960.00000, 0.42596, '2013-10-01', 49217.00, 43575.00, 86085.00, 21821.00, 40208.00, 74052.00, 32413.00, 65535.00, 11291.00, 89962.00000, 33905.00000, 79961.00000, 99652.00000, 15699.00000, 24493.00000, 84778.00000, 19789.00000, 29341.00000),
(528, 1, 3, NULL, 7.00, 8.00, 7.00, 347406.00000, 0.25239, '2013-10-01', 3097.00, 68706.00, 15374.00, 53971.00, 49436.00, 36664.00, 93984.00, 27300.00, 73517.00, 26577.00000, 36216.00000, 76160.00000, 56699.00000, 53188.00000, 92443.00000, 86582.00000, 51166.00000, 68264.00000),
(529, 1, 1, 1, 7.00, 3.00, 4.00, 4081295.00000, 0.88746, '2013-10-01', 79182.00, 22818.00, 41114.00, 16855.00, 97278.00, 19865.00, 19977.00, 44220.00, 39281.00, 1811.00000, 47235.00000, 61144.00000, 49610.00000, 58400.00000, 41062.00000, 29861.00000, 74692.00000, 75798.00000),
(530, 1, 1, 2, 2.00, 4.00, 6.00, 6677711.00000, 0.90904, '2013-10-01', 74452.00, 58898.00, 65680.00, 24199.00, 74749.00, 83042.00, 96005.00, 63666.00, 6107.00, 21373.00000, 50836.00000, 14392.00000, 27950.00000, 11469.00000, 3572.00000, 12376.00000, 25907.00000, 59824.00000),
(531, 1, 1, 3, 3.00, 7.00, 1.00, 4949418.00000, 0.63068, '2013-10-01', 56955.00, 47041.00, 79301.00, 80340.00, 11294.00, 92505.00, 78939.00, 10793.00, 93803.00, 91433.00000, 20891.00000, 46353.00000, 39170.00000, 78273.00000, 90098.00000, 49931.00000, 34814.00000, 62249.00000),
(532, 1, 1, 4, 2.00, 2.00, 3.00, 3043988.00000, 0.15919, '2013-10-01', 33754.00, 67002.00, 58735.00, 5954.00, 33577.00, 38638.00, 44806.00, 23964.00, 27053.00, 48181.00000, 95041.00000, 43570.00000, 94594.00000, 41085.00000, 47310.00000, 76589.00000, 53725.00000, 34633.00000),
(533, 1, 1, 5, 5.00, 8.00, 8.00, 4507320.00000, 0.62438, '2013-10-01', 15720.00, 17383.00, 35654.00, 70288.00, 33379.00, 84086.00, 45226.00, 69153.00, 49534.00, 67188.00000, 48225.00000, 38143.00000, 5618.00000, 21311.00000, 90218.00000, 276.00000, 26704.00000, 76981.00000),
(534, 1, 1, 6, 8.00, 6.00, 1.00, 6273909.00000, 0.90842, '2013-10-01', 62030.00, 94973.00, 1477.00, 8705.00, 42437.00, 53485.00, 62432.00, 77620.00, 43221.00, 84345.00000, 66519.00000, 94173.00000, 52701.00000, 70612.00000, 99585.00000, 98369.00000, 22608.00000, 7873.00000),
(535, 1, 1, 8, 4.00, 4.00, 6.00, 2730911.00000, 0.46394, '2013-10-01', 27862.00, 30935.00, 11962.00, 31161.00, 88900.00, 86306.00, 24142.00, 60348.00, 26605.00, 65269.00000, 88022.00000, 99288.00000, 67307.00000, 78165.00000, 36722.00000, 79475.00000, 17805.00000, 1037.00000),
(536, 1, 1, 9, 7.00, 6.00, 2.00, 1658903.00000, 0.50225, '2013-10-01', 94889.00, 26928.00, 73915.00, 82965.00, 40842.00, 70428.00, 44398.00, 58450.00, 14790.00, 50448.00000, 55575.00000, 99777.00000, 42731.00000, 31131.00000, 20362.00000, 65798.00000, 93099.00000, 19718.00000),
(537, 1, 1, 10, 5.00, 1.00, 3.00, 9865131.00000, 0.63344, '2013-10-01', 809.00, 26560.00, 58274.00, 58582.00, 30791.00, 87132.00, 92097.00, 73526.00, 92698.00, 60705.00000, 25870.00000, 84779.00000, 96371.00000, 72365.00000, 82782.00000, 87355.00000, 76168.00000, 51657.00000),
(538, 1, 1, 11, 4.00, 1.00, 7.00, 3268913.00000, 0.16335, '2013-10-01', 24425.00, 74580.00, 94872.00, 77848.00, 72.00, 14404.00, 43274.00, 59163.00, 63531.00, 54138.00000, 15575.00000, 5222.00000, 3555.00000, 89144.00000, 33220.00000, 69701.00000, 79182.00000, 50426.00000);
INSERT INTO `app_holdperfmonth` (`id`, `fund_id`, `holding_id`, `holding_category_id`, `si`, `ytd`, `performance`, `nav`, `weight`, `value_date`, `inflow_euro`, `inflow_dollar`, `outflow_euro`, `outflow_dollar`, `delta_valuation`, `delta_flow`, `cash_flow`, `expense`, `irr`, `drawdown`, `distribution`, `residual_commit`, `valuation`, `net_movement`, `total_value`, `proceed`, `commit`, `various`) VALUES
(539, 1, 1, 12, 3.00, 4.00, 7.00, 4291660.00000, 0.63000, '2013-10-01', 35243.00, 51154.00, 84413.00, 16787.00, 61295.00, 11484.00, 98591.00, 62190.00, 59175.00, 35438.00000, 53576.00000, 52058.00000, 36446.00000, 53460.00000, 63047.00000, 76675.00000, 64768.00000, 45999.00000),
(540, 1, 1, 13, 8.00, 3.00, 7.00, 2708172.00000, 0.52980, '2013-10-01', 76327.00, 42664.00, 63956.00, 48926.00, 42401.00, 94120.00, 47361.00, 64414.00, 84135.00, 27625.00000, 7850.00000, 37611.00000, 79618.00000, 96835.00000, 90714.00000, 8184.00000, 81195.00000, 29511.00000),
(541, 1, 1, 14, 5.00, 2.00, 2.00, 5518188.00000, 0.65017, '2013-10-01', 37706.00, 77097.00, 50528.00, 94819.00, 20647.00, 91866.00, 49562.00, 93836.00, 11762.00, 51612.00000, 38909.00000, 13394.00000, 26197.00000, 25042.00000, 19704.00000, 53723.00000, 13415.00000, 43218.00000),
(542, 1, 1, 15, 6.00, 1.00, 5.00, 1219790.00000, 0.88143, '2013-10-01', 83838.00, 26166.00, 12309.00, 22003.00, 95557.00, 29509.00, 92206.00, 45900.00, 95316.00, 45521.00000, 26614.00000, 75325.00000, 91761.00000, 12923.00000, 24045.00000, 47308.00000, 40515.00000, 21382.00000),
(543, 1, 1, 16, 6.00, 7.00, 8.00, 5043686.00000, 0.48786, '2013-10-01', 11981.00, 51253.00, 44897.00, 10153.00, 7635.00, 26418.00, 6422.00, 25710.00, 30343.00, 58082.00000, 28823.00000, 35452.00000, 78959.00000, 73916.00000, 95217.00000, 31396.00000, 92695.00000, 75787.00000),
(544, 1, 1, 17, 1.00, 1.00, 6.00, 6966808.00000, 0.54903, '2013-10-01', 1017.00, 14650.00, 55620.00, 56336.00, 33565.00, 80112.00, 62744.00, 4626.00, 6023.00, 52569.00000, 13055.00000, 1347.00000, 67175.00000, 46177.00000, 52265.00000, 90905.00000, 11841.00000, 35116.00000),
(545, 1, 1, 18, 7.00, 5.00, 5.00, 7497279.00000, 0.18098, '2013-10-01', 42234.00, 4447.00, 71887.00, 81265.00, 19938.00, 6060.00, 25833.00, 30745.00, 18590.00, 36384.00000, 31220.00000, 70926.00000, 68636.00000, 65030.00000, 93456.00000, 23312.00000, 70403.00000, 38387.00000),
(546, 1, 1, 19, 8.00, 4.00, 2.00, 5466103.00000, 0.16188, '2013-10-01', 6256.00, 18811.00, 89592.00, 24381.00, 67880.00, 79939.00, 9496.00, 38551.00, 77687.00, 58636.00000, 36793.00000, 11292.00000, 37548.00000, 8930.00000, 35522.00000, 24849.00000, 92720.00000, 64124.00000),
(547, 1, 1, 20, 7.00, 4.00, 2.00, 6524081.00000, 0.29870, '2013-10-01', 92223.00, 36866.00, 64948.00, 64366.00, 94821.00, 46297.00, 11108.00, 64209.00, 50559.00, 9206.00000, 66699.00000, 11919.00000, 45254.00000, 22884.00000, 67609.00000, 97643.00000, 66269.00000, 25777.00000),
(548, 1, 1, 21, 3.00, 2.00, 7.00, 3797388.00000, 0.74234, '2013-10-01', 28866.00, 99245.00, 95792.00, 23327.00, 27468.00, 61162.00, 53884.00, 77372.00, 46607.00, 51474.00000, 1107.00000, 44155.00000, 39602.00000, 42964.00000, 78094.00000, 10537.00000, 80547.00000, 92697.00000),
(549, 1, 1, 22, 2.00, 4.00, 4.00, 4512932.00000, 0.84348, '2013-10-01', 95968.00, 76982.00, 59052.00, 10379.00, 33604.00, 44543.00, 13338.00, 66447.00, 10536.00, 3673.00000, 83705.00000, 5821.00000, 58883.00000, 38659.00000, 49230.00000, 62630.00000, 78038.00000, 83950.00000),
(550, 1, 1, 23, 7.00, 5.00, 1.00, 243748.00000, 0.75707, '2013-10-01', 56697.00, 77180.00, 19631.00, 57782.00, 83482.00, 99980.00, 23166.00, 49476.00, 32371.00, 17038.00000, 4689.00000, 2544.00000, 54114.00000, 82318.00000, 56769.00000, 96880.00000, 26891.00000, 5476.00000),
(551, 1, 1, NULL, 8.00, 7.00, 6.00, 551094.00000, 0.13949, '2013-11-01', 5486.00, 65659.00, 30407.00, 23758.00, 73275.00, 6150.00, 20001.00, 3922.00, 11849.00, 78154.00000, 64071.00000, 3536.00000, 85039.00000, 95953.00000, 67970.00000, 5083.00000, 71442.00000, 23852.00000),
(552, 1, 2, NULL, 4.00, 6.00, 3.00, 349380.00000, 0.57264, '2013-11-01', 60167.00, 47253.00, 4725.00, 87108.00, 66807.00, 45134.00, 84067.00, 33352.00, 71704.00, 47946.00000, 73419.00000, 15240.00000, 31295.00000, 64018.00000, 14695.00000, 36711.00000, 41184.00000, 70410.00000),
(553, 1, 3, NULL, 4.00, 6.00, 8.00, 531436.00000, 0.56801, '2013-11-01', 19803.00, 65769.00, 3339.00, 61003.00, 158.00, 54451.00, 43570.00, 64764.00, 47302.00, 79392.00000, 57533.00000, 64596.00000, 63784.00000, 65783.00000, 94518.00000, 26824.00000, 18364.00000, 6827.00000),
(554, 1, 1, 1, 6.00, 2.00, 1.00, 3378423.00000, 0.69537, '2013-11-01', 1586.00, 42846.00, 34601.00, 46186.00, 11846.00, 37079.00, 12931.00, 16968.00, 91800.00, 75616.00000, 31326.00000, 14766.00000, 1751.00000, 58684.00000, 33424.00000, 98138.00000, 68796.00000, 67072.00000),
(555, 1, 1, 2, 2.00, 6.00, 8.00, 2856194.00000, 0.34507, '2013-11-01', 85015.00, 40422.00, 12002.00, 61096.00, 27261.00, 31866.00, 45747.00, 57002.00, 46038.00, 51215.00000, 99279.00000, 83001.00000, 13037.00000, 60298.00000, 94229.00000, 5156.00000, 19761.00000, 14059.00000),
(556, 1, 1, 3, 5.00, 5.00, 4.00, 6791554.00000, 0.99530, '2013-11-01', 73830.00, 28890.00, 90145.00, 26983.00, 71443.00, 86652.00, 19100.00, 81366.00, 75270.00, 17655.00000, 90063.00000, 45962.00000, 89018.00000, 14552.00000, 50153.00000, 77331.00000, 65564.00000, 97647.00000),
(557, 1, 1, 4, 2.00, 6.00, 7.00, 3556315.00000, 0.14350, '2013-11-01', 31073.00, 89589.00, 77843.00, 1216.00, 39292.00, 95247.00, 67912.00, 57335.00, 79006.00, 92575.00000, 41170.00000, 87701.00000, 69441.00000, 99028.00000, 29715.00000, 13814.00000, 54212.00000, 25574.00000),
(558, 1, 1, 5, 5.00, 6.00, 1.00, 2870788.00000, 0.79892, '2013-11-01', 58184.00, 2355.00, 42431.00, 46964.00, 29274.00, 59140.00, 24759.00, 2904.00, 47719.00, 29364.00000, 79126.00000, 8891.00000, 7959.00000, 4838.00000, 9899.00000, 31956.00000, 45118.00000, 96725.00000),
(559, 1, 1, 6, 8.00, 2.00, 3.00, 4865050.00000, 0.14855, '2013-11-01', 85229.00, 62120.00, 32062.00, 71928.00, 82407.00, 17490.00, 45031.00, 96839.00, 15194.00, 3465.00000, 37875.00000, 65621.00000, 10324.00000, 31455.00000, 99228.00000, 77838.00000, 96184.00000, 84797.00000),
(560, 1, 1, 8, 8.00, 3.00, 3.00, 9794520.00000, 0.28727, '2013-11-01', 88779.00, 54169.00, 70277.00, 32441.00, 33690.00, 37039.00, 3760.00, 71511.00, 95289.00, 84248.00000, 41254.00000, 65848.00000, 26391.00000, 7245.00000, 94927.00000, 15443.00000, 59671.00000, 11983.00000),
(561, 1, 1, 9, 8.00, 6.00, 2.00, 1827539.00000, 0.61729, '2013-11-01', 52892.00, 38781.00, 41595.00, 11963.00, 35218.00, 95399.00, 98412.00, 38795.00, 42151.00, 79093.00000, 82023.00000, 1812.00000, 82437.00000, 11637.00000, 13407.00000, 40475.00000, 66221.00000, 61973.00000),
(562, 1, 1, 10, 7.00, 8.00, 3.00, 2817337.00000, 0.49722, '2013-11-01', 55710.00, 19860.00, 93704.00, 63807.00, 90606.00, 32918.00, 5751.00, 86980.00, 40112.00, 37981.00000, 57860.00000, 28739.00000, 31923.00000, 29657.00000, 79156.00000, 33905.00000, 81799.00000, 75740.00000),
(563, 1, 1, 11, 6.00, 1.00, 2.00, 7150453.00000, 0.34588, '2013-11-01', 82591.00, 33597.00, 14533.00, 21850.00, 77489.00, 80837.00, 30597.00, 89539.00, 88061.00, 62170.00000, 84901.00000, 14599.00000, 84899.00000, 23477.00000, 12305.00000, 79046.00000, 69022.00000, 74231.00000),
(564, 1, 1, 12, 6.00, 6.00, 3.00, 8105043.00000, 0.11046, '2013-11-01', 59220.00, 94480.00, 85487.00, 45569.00, 77135.00, 44593.00, 59652.00, 40360.00, 54471.00, 84565.00000, 92990.00000, 69553.00000, 2914.00000, 20733.00000, 84678.00000, 39378.00000, 44739.00000, 53889.00000),
(565, 1, 1, 13, 8.00, 3.00, 8.00, 7159612.00000, 0.46650, '2013-11-01', 46377.00, 3286.00, 84566.00, 1131.00, 52561.00, 43561.00, 31105.00, 33317.00, 864.00, 9550.00000, 57285.00000, 1028.00000, 91817.00000, 2093.00000, 54653.00000, 69849.00000, 56430.00000, 62964.00000),
(566, 1, 1, 14, 4.00, 6.00, 8.00, 8558473.00000, 0.21131, '2013-11-01', 35928.00, 58488.00, 32220.00, 2197.00, 5165.00, 27047.00, 96788.00, 63032.00, 40731.00, 43185.00000, 34357.00000, 31804.00000, 19807.00000, 31196.00000, 28924.00000, 77328.00000, 98876.00000, 12473.00000),
(567, 1, 1, 15, 3.00, 6.00, 1.00, 9567019.00000, 0.15251, '2013-11-01', 2876.00, 10992.00, 31630.00, 4943.00, 28856.00, 90988.00, 68272.00, 46411.00, 14796.00, 4049.00000, 59850.00000, 15624.00000, 84265.00000, 38384.00000, 11338.00000, 84449.00000, 77291.00000, 87700.00000),
(568, 1, 1, 16, 4.00, 4.00, 8.00, 3785517.00000, 0.41510, '2013-11-01', 75325.00, 91193.00, 82728.00, 65834.00, 89081.00, 68728.00, 44950.00, 54703.00, 26145.00, 58723.00000, 90503.00000, 70618.00000, 39746.00000, 34316.00000, 65625.00000, 49277.00000, 80476.00000, 75250.00000),
(569, 1, 1, 17, 5.00, 3.00, 1.00, 5448645.00000, 0.43151, '2013-11-01', 87098.00, 59006.00, 77732.00, 77798.00, 52265.00, 65343.00, 23310.00, 43138.00, 66074.00, 90284.00000, 23301.00000, 75757.00000, 18031.00000, 74174.00000, 44119.00000, 4294.00000, 97885.00000, 92663.00000),
(570, 1, 1, 18, 7.00, 6.00, 7.00, 3246038.00000, 0.87962, '2013-11-01', 13136.00, 47188.00, 85404.00, 25682.00, 64192.00, 83705.00, 48404.00, 45039.00, 44423.00, 74236.00000, 67044.00000, 39916.00000, 54992.00000, 50275.00000, 28627.00000, 31010.00000, 4679.00000, 22932.00000),
(571, 1, 1, 19, 3.00, 8.00, 7.00, 2886115.00000, 0.79594, '2013-11-01', 92050.00, 49925.00, 79550.00, 49070.00, 412.00, 24156.00, 50983.00, 7435.00, 82281.00, 44687.00000, 73792.00000, 11207.00000, 79487.00000, 62381.00000, 50032.00000, 90033.00000, 49736.00000, 84935.00000),
(572, 1, 1, 20, 3.00, 3.00, 5.00, 1248697.00000, 0.43230, '2013-11-01', 88389.00, 56140.00, 86612.00, 43126.00, 13700.00, 72228.00, 61785.00, 19051.00, 70573.00, 4241.00000, 28738.00000, 90257.00000, 59033.00000, 26854.00000, 31829.00000, 48010.00000, 8429.00000, 20360.00000),
(573, 1, 1, 21, 5.00, 3.00, 4.00, 2884976.00000, 0.83559, '2013-11-01', 52829.00, 20403.00, 38495.00, 13891.00, 24810.00, 91660.00, 46075.00, 55397.00, 74256.00, 44888.00000, 37711.00000, 26050.00000, 6506.00000, 64757.00000, 34080.00000, 9358.00000, 41400.00000, 93090.00000),
(574, 1, 1, 22, 1.00, 6.00, 6.00, 3530545.00000, 0.84251, '2013-11-01', 83497.00, 92113.00, 59449.00, 93987.00, 23987.00, 21538.00, 56978.00, 7348.00, 99970.00, 906.00000, 7696.00000, 46608.00000, 41896.00000, 61643.00000, 437.00000, 10564.00000, 47218.00000, 98510.00000),
(575, 1, 1, 23, 8.00, 5.00, 1.00, 9266802.00000, 0.80644, '2013-11-01', 26850.00, 31780.00, 42137.00, 78823.00, 12232.00, 10267.00, 52979.00, 41530.00, 63018.00, 30008.00000, 24882.00000, 37937.00000, 99523.00000, 99520.00000, 39833.00000, 52225.00000, 6430.00000, 10514.00000),
(576, 1, 1, NULL, 2.00, 3.00, 6.00, 293635.00000, 0.76985, '2013-12-01', 87477.00, 7448.00, 80661.00, 25069.00, 65914.00, 6485.00, 67053.00, 27770.00, 65094.00, 71865.00000, 21895.00000, 77125.00000, 6165.00000, 39486.00000, 16603.00000, 9007.00000, 87120.00000, 57207.00000),
(577, 1, 2, NULL, 8.00, 7.00, 7.00, 871152.00000, 0.60281, '2013-12-01', 47960.00, 29158.00, 52905.00, 40891.00, 40084.00, 87262.00, 74443.00, 91879.00, 20335.00, 40861.00000, 31696.00000, 36521.00000, 81442.00000, 43891.00000, 47957.00000, 18754.00000, 26908.00000, 94251.00000),
(578, 1, 3, NULL, 7.00, 1.00, 6.00, 761353.00000, 0.66019, '2013-12-01', 72646.00, 4486.00, 87493.00, 4785.00, 9250.00, 20649.00, 12303.00, 48393.00, 38068.00, 84018.00000, 44613.00000, 61423.00000, 60155.00000, 15595.00000, 97772.00000, 5145.00000, 14566.00000, 57677.00000),
(579, 1, 1, 1, 8.00, 6.00, 3.00, 2927524.00000, 0.70358, '2013-12-01', 9840.00, 28003.00, 17532.00, 37696.00, 63846.00, 38083.00, 73201.00, 74260.00, 46688.00, 85718.00000, 28073.00000, 70910.00000, 95173.00000, 51270.00000, 74763.00000, 24879.00000, 50170.00000, 62609.00000),
(580, 1, 1, 2, 8.00, 2.00, 7.00, 7555988.00000, 0.82809, '2013-12-01', 40071.00, 9946.00, 66177.00, 44924.00, 17264.00, 6395.00, 90708.00, 17921.00, 68635.00, 18089.00000, 99004.00000, 33506.00000, 44994.00000, 63655.00000, 73065.00000, 51130.00000, 45896.00000, 2389.00000),
(581, 1, 1, 3, 8.00, 1.00, 3.00, 6576027.00000, 0.51009, '2013-12-01', 38440.00, 94853.00, 80640.00, 53958.00, 30858.00, 29459.00, 61068.00, 68951.00, 7531.00, 45008.00000, 24686.00000, 41532.00000, 65204.00000, 46473.00000, 35709.00000, 62148.00000, 87714.00000, 89499.00000),
(582, 1, 1, 4, 5.00, 5.00, 5.00, 6083634.00000, 0.83386, '2013-12-01', 5042.00, 96006.00, 1308.00, 95110.00, 62628.00, 55390.00, 60549.00, 58046.00, 39779.00, 98193.00000, 72909.00000, 23958.00000, 17038.00000, 70598.00000, 59497.00000, 70864.00000, 19319.00000, 91998.00000),
(583, 1, 1, 5, 7.00, 5.00, 7.00, 4464209.00000, 0.81573, '2013-12-01', 32017.00, 85134.00, 7953.00, 18565.00, 91764.00, 99565.00, 21182.00, 51314.00, 10441.00, 34402.00000, 8579.00000, 30911.00000, 88230.00000, 40861.00000, 98091.00000, 52932.00000, 6904.00000, 62805.00000),
(584, 1, 1, 6, 7.00, 6.00, 2.00, 3224224.00000, 0.56399, '2013-12-01', 29221.00, 17757.00, 85480.00, 91792.00, 82625.00, 26553.00, 95443.00, 10303.00, 61621.00, 56863.00000, 18277.00000, 85934.00000, 42817.00000, 3339.00000, 96484.00000, 20720.00000, 93926.00000, 23718.00000),
(585, 1, 1, 8, 8.00, 5.00, 3.00, 2725553.00000, 0.73511, '2013-12-01', 7719.00, 50762.00, 66796.00, 8533.00, 47300.00, 54130.00, 71873.00, 19779.00, 45409.00, 8254.00000, 53325.00000, 3563.00000, 54157.00000, 65841.00000, 44085.00000, 94913.00000, 38483.00000, 68783.00000),
(586, 1, 1, 9, 1.00, 6.00, 5.00, 3595988.00000, 0.77479, '2013-12-01', 42673.00, 92479.00, 66859.00, 82082.00, 63319.00, 74885.00, 42571.00, 78618.00, 88259.00, 90584.00000, 24788.00000, 20943.00000, 13485.00000, 39418.00000, 32276.00000, 84960.00000, 1908.00000, 90283.00000),
(587, 1, 1, 10, 3.00, 8.00, 1.00, 8900104.00000, 0.97510, '2013-12-01', 80899.00, 2563.00, 8412.00, 34165.00, 32529.00, 96690.00, 27126.00, 30641.00, 98458.00, 66760.00000, 99203.00000, 6334.00000, 42519.00000, 71001.00000, 88457.00000, 1966.00000, 4252.00000, 78679.00000),
(588, 1, 1, 11, 3.00, 8.00, 4.00, 1960232.00000, 0.51083, '2013-12-01', 29374.00, 90415.00, 51474.00, 27675.00, 25039.00, 26254.00, 40936.00, 51288.00, 36263.00, 13142.00000, 14987.00000, 23314.00000, 36928.00000, 30910.00000, 24755.00000, 61154.00000, 94261.00000, 51186.00000),
(589, 1, 1, 12, 5.00, 2.00, 5.00, 6994586.00000, 0.47068, '2013-12-01', 45777.00, 73402.00, 99600.00, 5223.00, 20508.00, 23536.00, 34468.00, 84863.00, 96463.00, 22458.00000, 97668.00000, 53087.00000, 67100.00000, 54230.00000, 32640.00000, 11058.00000, 32310.00000, 31692.00000),
(590, 1, 1, 13, 8.00, 8.00, 2.00, 1540182.00000, 0.74632, '2013-12-01', 72875.00, 37651.00, 24535.00, 65470.00, 76073.00, 64624.00, 55000.00, 89443.00, 44297.00, 73112.00000, 67821.00000, 52146.00000, 56958.00000, 21541.00000, 53855.00000, 50793.00000, 26709.00000, 10905.00000),
(591, 1, 1, 14, 5.00, 1.00, 8.00, 522567.00000, 0.38920, '2013-12-01', 34287.00, 67575.00, 14476.00, 14687.00, 3078.00, 4378.00, 42251.00, 13198.00, 21365.00, 3481.00000, 82197.00000, 63559.00000, 41977.00000, 27513.00000, 46768.00000, 83026.00000, 9627.00000, 94000.00000),
(592, 1, 1, 15, 7.00, 7.00, 1.00, 9930957.00000, 0.90388, '2013-12-01', 50914.00, 84565.00, 99977.00, 63811.00, 92210.00, 14941.00, 87205.00, 9166.00, 52835.00, 24101.00000, 98348.00000, 52184.00000, 75841.00000, 68880.00000, 30386.00000, 65004.00000, 2856.00000, 90078.00000),
(593, 1, 1, 16, 1.00, 2.00, 2.00, 4852631.00000, 0.11045, '2013-12-01', 36075.00, 7115.00, 8623.00, 87087.00, 63992.00, 99400.00, 25645.00, 52501.00, 40527.00, 70328.00000, 22955.00000, 26379.00000, 17139.00000, 78235.00000, 25246.00000, 63279.00000, 55726.00000, 90818.00000),
(594, 1, 1, 17, 1.00, 7.00, 8.00, 3061214.00000, 0.15430, '2013-12-01', 48071.00, 46726.00, 99780.00, 97022.00, 86879.00, 42261.00, 36887.00, 92379.00, 61962.00, 57180.00000, 34987.00000, 23545.00000, 2503.00000, 95512.00000, 20137.00000, 73325.00000, 85534.00000, 81303.00000),
(595, 1, 1, 18, 5.00, 3.00, 5.00, 3505391.00000, 0.80113, '2013-12-01', 90358.00, 33888.00, 93837.00, 48864.00, 40684.00, 94867.00, 36783.00, 70313.00, 60364.00, 22376.00000, 28859.00000, 27091.00000, 97867.00000, 50735.00000, 79952.00000, 46109.00000, 96055.00000, 6867.00000),
(596, 1, 1, 19, 2.00, 4.00, 2.00, 5981617.00000, 0.79949, '2013-12-01', 60971.00, 74288.00, 86911.00, 88701.00, 39727.00, 81301.00, 41462.00, 78111.00, 90728.00, 87443.00000, 58384.00000, 37944.00000, 36920.00000, 73938.00000, 46183.00000, 676.00000, 52522.00000, 75084.00000),
(597, 1, 1, 20, 7.00, 3.00, 6.00, 5770791.00000, 0.55549, '2013-12-01', 38720.00, 23400.00, 98130.00, 57322.00, 36733.00, 34207.00, 80971.00, 41195.00, 394.00, 40222.00000, 89775.00000, 62448.00000, 855.00000, 23704.00000, 80667.00000, 14165.00000, 8120.00000, 94760.00000),
(598, 1, 1, 21, 2.00, 4.00, 1.00, 697582.00000, 0.38121, '2013-12-01', 44788.00, 16336.00, 5131.00, 96664.00, 39064.00, 89130.00, 94082.00, 9296.00, 13428.00, 14386.00000, 28716.00000, 73254.00000, 99439.00000, 78103.00000, 4115.00000, 60014.00000, 4995.00000, 6175.00000),
(599, 1, 1, 22, 8.00, 4.00, 7.00, 6817782.00000, 0.23497, '2013-12-01', 58288.00, 74420.00, 40892.00, 10020.00, 29909.00, 37086.00, 80166.00, 27292.00, 28928.00, 50287.00000, 88688.00000, 28430.00000, 19162.00000, 86455.00000, 64839.00000, 52576.00000, 78909.00000, 52453.00000),
(600, 1, 1, 23, 3.00, 4.00, 5.00, 7873669.00000, 0.85237, '2013-12-01', 27246.00, 80926.00, 60908.00, 72355.00, 23005.00, 96435.00, 27982.00, 74330.00, 56275.00, 44366.00000, 45027.00000, 23440.00000, 68134.00000, 53218.00000, 70796.00000, 18273.00000, 10576.00000, 62734.00000);

-- --------------------------------------------------------

--
-- Table structure for table `app_menu`
--

CREATE TABLE IF NOT EXISTS `app_menu` (
  `id` int(11) NOT NULL AUTO_INCREMENT,
  `parent_id` int(11) DEFAULT NULL,
  `page_id` int(11) DEFAULT NULL,
  `fund_id` int(11) DEFAULT NULL,
  `name` varchar(50) NOT NULL,
  `lft` int(10) unsigned NOT NULL,
  `rght` int(10) unsigned NOT NULL,
  `tree_id` int(10) unsigned NOT NULL,
  `level` int(10) unsigned NOT NULL,
  PRIMARY KEY (`id`),
  KEY `app_menu_63f17a16` (`parent_id`),
  KEY `app_menu_32d04bc7` (`page_id`),
  KEY `app_menu_10400ffb` (`fund_id`),
  KEY `app_menu_42b06ff6` (`lft`),
  KEY `app_menu_91543e5a` (`rght`),
  KEY `app_menu_efd07f28` (`tree_id`),
  KEY `app_menu_2a8f42e8` (`level`)
) ENGINE=InnoDB  DEFAULT CHARSET=utf8 AUTO_INCREMENT=77 ;

--
-- Dumping data for table `app_menu`
--

INSERT INTO `app_menu` (`id`, `parent_id`, `page_id`, `fund_id`, `name`, `lft`, `rght`, `tree_id`, `level`) VALUES
(3, NULL, NULL, NULL, 'Funds', 1, 40, 7, 0),
(6, 12, 3, 1, 'Gale E', 5, 6, 7, 2),
(8, 12, 58, 1, 'Gale K', 13, 14, 7, 2),
(9, 12, 40, 1, 'Gale L', 15, 16, 7, 2),
(10, 12, 40, 1, 'Gale M', 17, 18, 7, 2),
(11, 12, 40, 1, 'Gale N', 19, 20, 7, 2),
(12, 3, NULL, NULL, 'HSBC Funds', 2, 21, 7, 1),
(13, 3, NULL, NULL, 'Credit Suisse', 22, 35, 7, 1),
(14, 13, 87, 1, 'CS European Equity', 23, 24, 7, 2),
(15, 13, 87, 1, 'CS US Equity', 25, 26, 7, 2),
(16, 13, 87, 1, 'CS Asia Equity', 27, 28, 7, 2),
(17, 3, NULL, NULL, 'Private Equity', 36, 39, 7, 1),
(18, 17, 67, 1, 'Private Equity', 37, 38, 7, 2),
(19, 13, 94, 1, 'CS Volatility', 29, 30, 7, 2),
(20, NULL, NULL, NULL, 'Overview', 1, 2, 4, 0),
(21, NULL, NULL, NULL, 'Clients', 1, 42, 8, 0),
(22, NULL, NULL, NULL, 'HR', 1, 2, 14, 0),
(23, NULL, NULL, NULL, 'Accounts', 1, 2, 13, 0),
(24, NULL, NULL, NULL, 'Input Forms', 1, 50, 10, 0),
(25, 21, NULL, NULL, 'Clients A - E', 2, 9, 8, 1),
(26, 21, NULL, NULL, 'Clients F - L', 10, 17, 8, 1),
(27, 21, NULL, NULL, 'Clients M - R', 18, 25, 8, 1),
(28, 21, NULL, NULL, 'Clients S - U', 26, 33, 8, 1),
(29, 21, NULL, NULL, 'Clients V - Z', 34, 41, 8, 1),
(30, 25, NULL, NULL, 'Surname, First Name', 3, 4, 8, 2),
(31, 25, NULL, NULL, 'Surname, First Name', 5, 6, 8, 2),
(32, 25, NULL, NULL, 'Surname, First Name', 7, 8, 8, 2),
(33, 26, NULL, NULL, 'Surname, First Name', 11, 12, 8, 2),
(34, 26, NULL, NULL, 'Surname, First Name', 13, 14, 8, 2),
(35, 26, NULL, NULL, 'Surname, First Name', 15, 16, 8, 2),
(36, 27, NULL, NULL, 'Surname, First Name', 19, 20, 8, 2),
(37, 27, NULL, NULL, 'Surname, First Name', 21, 22, 8, 2),
(38, 27, NULL, NULL, 'Surname, First Name', 23, 24, 8, 2),
(39, 28, NULL, NULL, 'Surname, First Name', 27, 28, 8, 2),
(40, 28, NULL, NULL, 'Surname, First Name', 29, 30, 8, 2),
(41, 28, NULL, NULL, 'Surname, First Name', 31, 32, 8, 2),
(42, 29, NULL, NULL, 'Surname, First Name', 35, 36, 8, 2),
(43, 29, NULL, NULL, 'Surname, First Name', 37, 38, 8, 2),
(44, 29, NULL, NULL, 'Surname, First Name', 39, 40, 8, 2),
(46, 59, NULL, NULL, 'FX Hedge', 7, 8, 10, 2),
(47, 59, NULL, NULL, 'Dividend Distribution', 3, 4, 10, 2),
(48, 58, NULL, NULL, 'Place Fiduciary Deposit', 39, 40, 10, 2),
(49, 58, NULL, NULL, 'Equity Trade', 25, 26, 10, 2),
(50, 58, NULL, NULL, 'Option Trade', 27, 28, 10, 2),
(51, 58, NULL, NULL, 'Fixed Income Trade', 29, 30, 10, 2),
(52, 59, NULL, NULL, 'Enter Fund Performance Estimate', 11, 12, 10, 2),
(53, 59, NULL, NULL, 'Enter Holding Performance Estimate', 9, 10, 10, 2),
(54, 58, NULL, NULL, 'Subscription Redemption', 35, 36, 10, 2),
(55, 58, NULL, NULL, 'Up-load client Statements', 37, 38, 10, 2),
(56, 58, NULL, NULL, 'Private Equity Investment', 31, 32, 10, 2),
(57, 58, NULL, NULL, 'Fund Investment', 33, 34, 10, 2),
(58, 24, NULL, NULL, 'For Client', 24, 41, 10, 1),
(59, 24, NULL, NULL, 'For Fund', 2, 23, 10, 1),
(60, 59, NULL, NULL, 'Equity Trade', 13, 14, 10, 2),
(61, 59, NULL, NULL, 'Options Trade', 15, 16, 10, 2),
(62, 59, NULL, NULL, 'Fixed Income Trade', 17, 18, 10, 2),
(63, 59, NULL, NULL, 'Private Equity Investment', 19, 20, 10, 2),
(64, 59, NULL, NULL, 'Fund Investment', 21, 22, 10, 2),
(65, 24, NULL, NULL, 'For Alpheus', 42, 49, 10, 1),
(66, 65, NULL, NULL, 'Expense Item', 43, 44, 10, 2),
(67, 65, NULL, NULL, 'FX Hedge', 47, 48, 10, 2),
(68, 65, NULL, NULL, 'Place Fiduciary Deposit', 45, 46, 10, 2),
(69, 59, NULL, NULL, 'Place Fiduciary Deposit', 5, 6, 10, 2),
(70, 12, 3, 1, 'Gale B', 3, 4, 7, 2),
(71, NULL, 3, 1, 'Click here', 1, 2, 5, 0),
(72, 12, 31, 1, 'Gale G', 7, 8, 7, 2),
(73, 13, 76, 1, 'CS Fixed Income & Treasuries', 31, 32, 7, 2),
(74, 13, 101, 1, 'CS Options', 33, 34, 7, 2),
(75, 12, 49, 1, 'Gale H', 9, 10, 7, 2),
(76, 12, 49, 1, 'Gale I', 11, 12, 7, 2);

-- --------------------------------------------------------

--
-- Table structure for table `app_menu_access`
--

CREATE TABLE IF NOT EXISTS `app_menu_access` (
  `id` int(11) NOT NULL AUTO_INCREMENT,
  `menu_id` int(11) NOT NULL,
  `group_id` int(11) NOT NULL,
  PRIMARY KEY (`id`),
  UNIQUE KEY `menu_id` (`menu_id`,`group_id`),
  KEY `app_menu_access_143efa3` (`menu_id`),
  KEY `app_menu_access_bda51c3c` (`group_id`)
) ENGINE=InnoDB  DEFAULT CHARSET=utf8 AUTO_INCREMENT=105 ;

--
-- Dumping data for table `app_menu_access`
--

INSERT INTO `app_menu_access` (`id`, `menu_id`, `group_id`) VALUES
(3, 3, 1),
(92, 6, 1),
(75, 8, 1),
(78, 9, 1),
(94, 10, 1),
(96, 11, 1),
(4, 12, 1),
(14, 13, 1),
(98, 14, 1),
(99, 15, 1),
(100, 16, 1),
(21, 17, 1),
(80, 18, 1),
(101, 19, 1),
(1, 20, 1),
(23, 21, 1),
(70, 22, 1),
(69, 23, 1),
(44, 24, 1),
(24, 25, 1),
(28, 26, 1),
(32, 27, 1),
(36, 28, 1),
(40, 29, 1),
(25, 30, 1),
(26, 31, 1),
(27, 32, 1),
(29, 33, 1),
(30, 34, 1),
(31, 35, 1),
(33, 36, 1),
(34, 37, 1),
(35, 38, 1),
(37, 39, 1),
(38, 40, 1),
(39, 41, 1),
(41, 42, 1),
(42, 43, 1),
(43, 44, 1),
(48, 46, 1),
(46, 47, 1),
(64, 48, 1),
(57, 49, 1),
(58, 50, 1),
(59, 51, 1),
(50, 52, 1),
(49, 53, 1),
(62, 54, 1),
(63, 55, 1),
(60, 56, 1),
(61, 57, 1),
(56, 58, 1),
(45, 59, 1),
(51, 60, 1),
(52, 61, 1),
(53, 62, 1),
(54, 63, 1),
(55, 64, 1),
(65, 65, 1),
(66, 66, 1),
(68, 67, 1),
(67, 68, 1),
(47, 69, 1),
(74, 70, 1),
(79, 71, 1),
(76, 72, 1),
(97, 73, 1),
(104, 74, 1),
(77, 75, 1),
(95, 76, 1);

-- --------------------------------------------------------

--
-- Table structure for table `app_page`
--

CREATE TABLE IF NOT EXISTS `app_page` (
  `id` int(11) NOT NULL AUTO_INCREMENT,
  `parent_id` int(11) DEFAULT NULL,
  `title` varchar(50) NOT NULL,
  `lft` int(10) unsigned NOT NULL,
  `rght` int(10) unsigned NOT NULL,
  `tree_id` int(10) unsigned NOT NULL,
  `level` int(10) unsigned NOT NULL,
  PRIMARY KEY (`id`),
  KEY `app_page_63f17a16` (`parent_id`),
  KEY `app_page_42b06ff6` (`lft`),
  KEY `app_page_91543e5a` (`rght`),
  KEY `app_page_efd07f28` (`tree_id`),
  KEY `app_page_2a8f42e8` (`level`)
) ENGINE=InnoDB  DEFAULT CHARSET=utf8 AUTO_INCREMENT=111 ;

--
-- Dumping data for table `app_page`
--

INSERT INTO `app_page` (`id`, `parent_id`, `title`, `lft`, `rght`, `tree_id`, `level`) VALUES
(1, NULL, 'Overview', 1, 16, 1, 0),
(2, NULL, 'Fund (Fund of Fund)', 1, 20, 2, 0),
(3, 2, 'Performance', 2, 3, 2, 1),
(4, 2, 'Stats', 4, 5, 2, 1),
(5, 2, 'Asset Allocation', 6, 7, 2, 1),
(6, 2, 'Share Holder Register', 8, 9, 2, 1),
(9, NULL, 'Client', 1, 12, 12, 0),
(10, 9, 'Performance', 2, 3, 12, 1),
(11, 9, 'Stats', 4, 5, 12, 1),
(12, 9, 'Asset Allocation', 6, 7, 12, 1),
(13, 9, 'Configuration', 8, 9, 12, 1),
(14, 1, 'Performance', 2, 3, 1, 1),
(15, 1, 'Stats', 6, 7, 1, 1),
(16, 1, 'Asset Allocation', 4, 5, 1, 1),
(17, 1, 'Share Holder Register', 8, 9, 1, 1),
(18, 1, 'NAV Calculation', 10, 11, 1, 1),
(19, 1, 'Configuration', 12, 13, 1, 1),
(20, 1, 'Add Trade', 14, 15, 1, 1),
(21, 2, 'Add Trade', 18, 19, 2, 1),
(22, 9, 'Add Trade', 10, 11, 12, 1),
(23, NULL, 'Accounts', 1, 2, 13, 0),
(24, NULL, 'Input Forms', 1, 2, 14, 0),
(25, NULL, 'HR', 1, 2, 15, 0),
(26, 2, 'Liquidity', 12, 13, 2, 1),
(27, 2, 'Fund Configuration', 16, 17, 2, 1),
(28, 2, 'FX Hedges', 14, 15, 2, 1),
(29, 2, 'Gross Asset Calculation', 10, 11, 2, 1),
(30, NULL, 'Fixed Income & Treasuries Gale G', 1, 18, 3, 0),
(31, 30, 'Performance', 2, 3, 3, 1),
(32, 30, 'Stats', 4, 5, 3, 1),
(33, 30, 'Asset Allocation', 6, 7, 3, 1),
(34, 30, 'Share Holder Register', 8, 9, 3, 1),
(35, 30, 'Gross Asset Calculation', 10, 11, 3, 1),
(36, 30, 'FX Hedges', 12, 13, 3, 1),
(37, 30, 'Add Trade', 16, 17, 3, 1),
(38, 30, 'Fund Configuration', 14, 15, 3, 1),
(39, NULL, 'Equities, Options, Futures Gale L, M, N', 1, 18, 5, 0),
(40, 39, 'Performance', 2, 3, 5, 1),
(41, 39, 'Stats', 4, 5, 5, 1),
(42, 39, 'Asset Allocation', 6, 7, 5, 1),
(43, 39, 'Share Holder Register', 8, 9, 5, 1),
(44, 39, 'Gross Asset Calculation', 10, 11, 5, 1),
(45, 39, 'FX Hedges', 12, 13, 5, 1),
(46, 39, 'Fund Configuration', 14, 15, 5, 1),
(47, 39, 'Add Trade', 16, 17, 5, 1),
(48, NULL, 'Limited Holdings', 1, 18, 9, 0),
(49, 48, 'Performance', 2, 3, 9, 1),
(50, 48, 'Stats', 4, 5, 9, 1),
(51, 48, 'Asset Allocation', 6, 7, 9, 1),
(52, 48, 'Share Holder Register', 8, 9, 9, 1),
(53, 48, 'Gross Asset Calculation', 10, 11, 9, 1),
(54, 48, 'FX Hedges', 12, 13, 9, 1),
(55, 48, 'Fund Configuration', 14, 15, 9, 1),
(56, 48, 'Add Trade', 16, 17, 9, 1),
(57, NULL, 'Side Pockets', 1, 18, 10, 0),
(58, 57, 'Performance', 2, 3, 10, 1),
(59, 57, 'Stats', 4, 5, 10, 1),
(60, 57, 'Asset Allocation', 6, 7, 10, 1),
(61, 57, 'Share Holder Register', 8, 9, 10, 1),
(62, 57, 'Gross Asset Calculation', 10, 11, 10, 1),
(63, 57, 'FX Hedges', 12, 13, 10, 1),
(64, 57, 'Fund Configuration', 14, 15, 10, 1),
(65, 57, 'Add Trade', 16, 17, 10, 1),
(66, NULL, 'Private Equity', 1, 18, 11, 0),
(67, 66, 'Performance', 2, 3, 11, 1),
(68, 66, 'Stats', 4, 5, 11, 1),
(69, 66, 'Asset Allocation', 6, 7, 11, 1),
(70, 66, 'Share Holder Register', 8, 9, 11, 1),
(71, 66, 'Gross Asset Calculation', 10, 11, 11, 1),
(72, 66, 'FX Hedges', 12, 13, 11, 1),
(73, 66, 'Fund Configuration', 14, 15, 11, 1),
(74, 66, 'Add Trade', 16, 17, 11, 1),
(75, NULL, 'Fixed Income & Treasuries CS Fixed Income', 1, 18, 4, 0),
(76, 75, 'Performance', 2, 3, 4, 1),
(77, 75, 'Stats', 4, 5, 4, 1),
(78, 75, 'Asset Allocation', 6, 7, 4, 1),
(79, 75, 'Share Holder Register', 8, 9, 4, 1),
(80, 75, 'Gross Asset Calculation', 10, 11, 4, 1),
(81, 75, 'FX Hedges', 12, 13, 4, 1),
(82, 75, 'Fund Configuration', 14, 15, 4, 1),
(83, 75, 'Add Trade', 16, 17, 4, 1),
(84, NULL, 'Equities, Options, Futures CS Equities', 1, 18, 6, 0),
(85, NULL, 'Equities, Options, Futures CS Cal/Vol', 1, 18, 7, 0),
(86, NULL, 'Equities, Options, Futures CS Options', 1, 18, 8, 0),
(87, 84, 'Performance', 2, 3, 6, 1),
(88, 84, 'Stats', 4, 5, 6, 1),
(89, 84, 'Asset Allocation', 6, 7, 6, 1),
(90, 84, 'Share Holder Register', 8, 9, 6, 1),
(91, 84, 'FX Hedges', 12, 13, 6, 1),
(92, 84, 'Fund Configuration', 14, 15, 6, 1),
(93, 84, 'Add Trade', 16, 17, 6, 1),
(94, 85, 'Performance', 2, 3, 7, 1),
(95, 85, 'Stats', 4, 5, 7, 1),
(96, 85, 'Asset Allocation', 6, 7, 7, 1),
(97, 85, 'Share Holder Register', 8, 9, 7, 1),
(98, 85, 'FX Hedges', 12, 13, 7, 1),
(99, 85, 'Fund Configuration', 14, 15, 7, 1),
(100, 85, 'Add Trade', 16, 17, 7, 1),
(101, 86, 'Performance', 2, 3, 8, 1),
(102, 86, 'Stats', 4, 5, 8, 1),
(103, 86, 'Asset Allocation', 6, 7, 8, 1),
(104, 86, 'Share Holder Register', 8, 9, 8, 1),
(105, 86, 'FX Hedges', 12, 13, 8, 1),
(106, 86, 'Fund Configuration', 14, 15, 8, 1),
(107, 86, 'Add Trade', 16, 17, 8, 1),
(108, 84, 'Gross Asset Calculation', 10, 11, 6, 1),
(109, 85, 'Gross Asset Calculation', 10, 11, 7, 1),
(110, 86, 'Gross Asset Calculation', 10, 11, 8, 1);

-- --------------------------------------------------------

--
-- Table structure for table `app_pagewindow`
--

CREATE TABLE IF NOT EXISTS `app_pagewindow` (
  `id` int(11) NOT NULL AUTO_INCREMENT,
  `user_id` int(11) DEFAULT NULL,
  `page_id` int(11) NOT NULL,
  `window_id` int(11) NOT NULL,
  `size_y` smallint(6) NOT NULL,
  `size_x` smallint(6) NOT NULL,
  `col` smallint(6) NOT NULL,
  `row` smallint(6) NOT NULL,
  PRIMARY KEY (`id`),
  KEY `app_pagewindow_fbfc09f1` (`user_id`),
  KEY `app_pagewindow_32d04bc7` (`page_id`),
  KEY `app_pagewindow_7343ffda` (`window_id`)
) ENGINE=InnoDB  DEFAULT CHARSET=utf8 AUTO_INCREMENT=279 ;

--
-- Dumping data for table `app_pagewindow`
--

INSERT INTO `app_pagewindow` (`id`, `user_id`, `page_id`, `window_id`, `size_y`, `size_x`, `col`, `row`) VALUES
(1, 1, 3, 1, 6, 6, 20, 1),
(2, 1, 3, 2, 3, 5, 1, 4),
(3, 1, 3, 3, 3, 6, 1, 1),
(4, 1, 3, 4, 2, 5, 8, 4),
(5, 1, 3, 5, 3, 5, 14, 1),
(7, 1, 3, 7, 3, 5, 8, 1),
(8, 1, 5, 8, 3, 7, 1, 1),
(9, 1, 5, 9, 2, 7, 1, 4),
(10, 1, 5, 1, 6, 6, 17, 1),
(11, 1, 5, 10, 2, 5, 8, 5),
(12, 1, 5, 11, 2, 5, 8, 1),
(13, 1, 5, 12, 2, 5, 8, 3),
(14, 1, 4, 13, 6, 6, 1, 1),
(15, 1, 4, 14, 3, 4, 9, 1),
(16, 1, 4, 15, 1, 1, 7, 5),
(17, 1, 4, 16, 1, 1, 7, 1),
(18, 1, 4, 17, 1, 1, 13, 1),
(19, 1, 4, 18, 1, 1, 11, 3),
(20, 1, 4, 19, 1, 1, 7, 3),
(21, 1, 26, 20, 1, 1, 1, 1),
(22, 1, 26, 21, 1, 1, 9, 1),
(23, 1, 26, 22, 1, 1, 12, 1),
(24, 1, 27, 23, 1, 1, 1, 1),
(25, 1, 28, 24, 1, 1, 1, 1),
(26, 1, 6, 25, 1, 1, 7, 1),
(27, 1, 6, 26, 1, 1, 1, 1),
(28, 1, 6, 27, 1, 1, 1, 5),
(29, 1, 29, 28, 1, 1, 1, 1),
(30, 1, 31, 3, 3, 6, 1, 1),
(31, 1, 31, 4, 3, 6, 8, 4),
(33, 1, 31, 7, 1, 1, 14, 1),
(34, 1, 31, 29, 1, 1, 14, 4),
(36, 1, 31, 2, 3, 7, 1, 4),
(37, 1, 31, 1, 1, 1, 20, 1),
(38, 1, 32, 13, 6, 6, 1, 1),
(39, 1, 32, 16, 1, 1, 11, 3),
(40, 1, 32, 14, 1, 2, 7, 1),
(41, 1, 32, 19, 1, 4, 7, 5),
(43, 1, 32, 17, 1, 1, 11, 1),
(44, 1, 33, 8, 1, 1, 1, 1),
(45, 1, 33, 9, 1, 1, 1, 4),
(46, 1, 33, 34, 1, 1, 8, 5),
(47, 1, 33, 12, 1, 1, 8, 1),
(48, 1, 33, 30, 1, 4, 8, 3),
(49, 1, 33, 1, 1, 1, 17, 1),
(50, 1, 34, 25, 1, 1, 7, 1),
(51, 1, 34, 27, 1, 1, 1, 5),
(52, 1, 34, 26, 1, 1, 1, 1),
(53, 1, 36, 24, 1, 1, 1, 1),
(54, 1, 38, 23, 1, 1, 1, 1),
(55, 1, 40, 3, 1, 1, 1, 1),
(56, 1, 40, 4, 1, 1, 8, 4),
(57, 1, 31, 5, 1, 1, 8, 1),
(60, 1, 40, 1, 1, 1, 20, 1),
(61, 1, 40, 29, 1, 1, 14, 4),
(62, 1, 40, 2, 1, 1, 1, 4),
(63, 1, 41, 13, 1, 1, 1, 1),
(64, 1, 41, 14, 1, 1, 7, 1),
(65, 1, 32, 15, 1, 1, 7, 3),
(66, 1, 41, 16, 1, 1, 11, 3),
(67, 1, 41, 17, 1, 1, 11, 1),
(68, 1, 41, 19, 1, 1, 7, 5),
(69, 1, 42, 8, 1, 1, 1, 1),
(70, 1, 42, 9, 1, 1, 1, 4),
(71, 1, 42, 30, 1, 1, 8, 5),
(72, 1, 42, 10, 1, 1, 8, 3),
(74, 1, 42, 1, 1, 1, 17, 1),
(76, 1, 43, 25, 1, 1, 7, 1),
(77, 1, 43, 27, 1, 1, 1, 5),
(78, 1, 43, 26, 1, 1, 1, 1),
(79, 1, 45, 24, 1, 1, 1, 1),
(80, 1, 46, 23, 1, 1, 1, 1),
(81, 1, 49, 3, 1, 1, 1, 1),
(82, 1, 49, 4, 1, 1, 8, 4),
(83, 1, 49, 29, 1, 1, 14, 1),
(84, 1, 49, 7, 1, 1, 8, 1),
(85, 1, 49, 1, 1, 1, 20, 1),
(86, 1, 49, 2, 1, 1, 1, 4),
(87, 1, 50, 13, 1, 1, 1, 1),
(88, 1, 50, 14, 1, 1, 7, 1),
(90, 1, 50, 16, 1, 1, 11, 3),
(92, 1, 50, 17, 1, 1, 11, 1),
(93, 1, 51, 8, 1, 1, 1, 1),
(94, 1, 51, 12, 1, 1, 8, 3),
(95, 1, 51, 1, 1, 1, 17, 1),
(96, 1, 51, 30, 1, 1, 8, 1),
(97, 1, 52, 25, 1, 1, 7, 1),
(98, 1, 51, 9, 1, 1, 1, 4),
(99, 1, 54, 24, 1, 1, 1, 1),
(100, 1, 55, 23, 1, 1, 1, 1),
(101, 1, 58, 3, 1, 1, 1, 1),
(103, 1, 52, 27, 1, 1, 1, 5),
(104, 1, 52, 26, 1, 1, 1, 1),
(110, 1, 59, 13, 1, 1, 1, 1),
(111, 1, 59, 14, 1, 1, 7, 1),
(112, 1, 59, 15, 1, 1, 7, 3),
(113, 1, 59, 16, 1, 1, 11, 3),
(114, 1, 59, 17, 1, 1, 11, 1),
(115, 1, 50, 19, 1, 1, 7, 5),
(116, 1, 60, 8, 1, 1, 1, 1),
(121, 1, 63, 24, 1, 1, 1, 1),
(122, 1, 64, 23, 1, 1, 1, 1),
(123, 1, 67, 4, 1, 1, 8, 4),
(124, 1, 67, 2, 1, 1, 1, 4),
(126, 1, 67, 3, 1, 1, 1, 1),
(127, 1, 68, 13, 1, 1, 1, 1),
(128, 1, 68, 14, 1, 1, 7, 1),
(129, 1, 68, 15, 1, 1, 7, 3),
(130, 1, 68, 16, 1, 1, 11, 3),
(131, 1, 68, 17, 1, 1, 11, 1),
(132, 1, 68, 19, 1, 1, 7, 5),
(133, 1, 72, 24, 1, 1, 1, 1),
(134, 1, 73, 23, 1, 1, 1, 1),
(135, 1, 69, 8, 1, 1, 1, 1),
(136, 1, 69, 9, 1, 1, 1, 4),
(137, 1, 41, 15, 1, 1, 7, 3),
(138, 1, 59, 19, 1, 1, 7, 5),
(139, 1, 50, 15, 1, 1, 7, 3),
(140, 1, 40, 31, 1, 1, 14, 1),
(141, 1, 69, 35, 1, 1, 8, 1),
(142, 1, 70, 37, 1, 1, 1, 1),
(144, 1, 58, 36, 1, 1, 20, 1),
(150, 1, 58, 39, 1, 1, 14, 1),
(151, 1, 67, 35, 1, 1, 20, 1),
(152, 1, 60, 41, 1, 1, 8, 4),
(154, 1, 60, 42, 1, 1, 8, 1),
(155, 1, 60, 36, 1, 1, 15, 1),
(156, 1, 40, 5, 1, 1, 8, 1),
(157, 1, 42, 12, 1, 1, 8, 1),
(158, 1, 67, 5, 1, 1, 14, 1),
(159, 1, 67, 7, 1, 1, 8, 1),
(160, 1, 3, 6, 1, 1, 14, 4),
(161, 1, 58, 4, 1, 1, 8, 4),
(164, 1, 58, 2, 1, 1, 1, 4),
(165, 1, 58, 7, 1, 1, 14, 4),
(166, 1, 58, 5, 1, 1, 8, 1),
(167, 1, 60, 40, 1, 1, 1, 7),
(168, 1, 60, 10, 1, 1, 10, 7),
(169, 1, 60, 9, 1, 1, 1, 4),
(170, 1, 35, 28, 1, 1, 1, 1),
(171, 1, 53, 28, 1, 1, 1, 1),
(172, 1, 69, 12, 1, 1, 16, 1),
(173, 1, 69, 10, 1, 1, 16, 3),
(174, 1, 61, 25, 1, 1, 1, 1),
(176, 1, 76, 5, 1, 1, 14, 4),
(177, 1, 76, 1, 1, 1, 20, 1),
(178, 1, 76, 2, 1, 1, 1, 4),
(179, 1, 76, 29, 1, 1, 14, 1),
(180, 1, 76, 7, 1, 1, 8, 1),
(181, 1, 76, 4, 1, 1, 8, 4),
(182, 1, 76, 3, 1, 1, 1, 1),
(183, 1, 77, 15, 1, 1, 11, 1),
(184, 1, 77, 17, 1, 1, 7, 5),
(185, 1, 77, 19, 1, 1, 7, 3),
(186, 1, 77, 14, 1, 1, 7, 1),
(188, 1, 77, 16, 1, 1, 11, 3),
(189, 1, 77, 13, 1, 1, 1, 1),
(190, 1, 78, 1, 1, 1, 17, 1),
(191, 1, 78, 30, 1, 1, 8, 3),
(192, 1, 78, 12, 1, 1, 8, 5),
(193, 1, 78, 34, 1, 1, 8, 1),
(194, 1, 78, 9, 1, 1, 1, 4),
(195, 1, 78, 8, 1, 1, 1, 1),
(196, 1, 79, 26, 1, 1, 1, 3),
(197, 1, 79, 27, 1, 1, 1, 1),
(198, 1, 79, 25, 1, 1, 7, 1),
(199, 1, 80, 32, 1, 1, 1, 1),
(200, 1, 81, 24, 1, 1, 1, 1),
(201, 1, 82, 23, 1, 1, 1, 1),
(202, 1, 87, 5, 1, 1, 14, 4),
(203, 1, 87, 31, 1, 1, 14, 1),
(204, 1, 87, 2, 1, 1, 1, 4),
(205, 1, 87, 29, 1, 1, 8, 1),
(206, 1, 87, 1, 1, 1, 20, 1),
(207, 1, 87, 4, 1, 1, 8, 4),
(208, 1, 94, 3, 1, 1, 1, 1),
(209, 1, 88, 15, 1, 1, 7, 5),
(210, 1, 88, 19, 1, 1, 7, 3),
(211, 1, 88, 17, 1, 1, 11, 1),
(212, 1, 88, 16, 1, 1, 11, 3),
(214, 1, 88, 13, 1, 1, 1, 1),
(215, 1, 89, 12, 1, 1, 8, 3),
(216, 1, 89, 1, 1, 1, 17, 1),
(217, 1, 89, 10, 1, 1, 8, 5),
(218, 1, 89, 30, 1, 1, 8, 1),
(219, 1, 89, 9, 1, 1, 1, 4),
(220, 1, 89, 8, 1, 1, 1, 1),
(221, 1, 90, 26, 1, 1, 1, 1),
(222, 1, 90, 27, 1, 1, 1, 5),
(223, 1, 90, 25, 1, 1, 7, 1),
(224, 1, 91, 24, 1, 1, 1, 1),
(225, 1, 92, 23, 1, 1, 1, 1),
(226, 1, 94, 5, 1, 1, 14, 1),
(227, 1, 94, 31, 1, 1, 14, 4),
(228, 1, 94, 2, 1, 1, 1, 4),
(229, 1, 94, 29, 1, 1, 8, 4),
(230, 1, 94, 1, 1, 1, 20, 1),
(231, 1, 94, 4, 1, 1, 8, 1),
(232, 1, 87, 3, 1, 1, 1, 1),
(233, 1, 95, 15, 1, 1, 7, 5),
(234, 1, 95, 19, 1, 1, 7, 3),
(235, 1, 95, 17, 1, 1, 11, 1),
(236, 1, 95, 16, 1, 1, 11, 3),
(237, 1, 88, 14, 1, 1, 7, 1),
(238, 1, 95, 13, 1, 1, 1, 1),
(239, 1, 96, 12, 1, 1, 8, 5),
(240, 1, 96, 1, 1, 1, 17, 1),
(241, 1, 96, 10, 1, 1, 8, 3),
(242, 1, 96, 30, 1, 1, 8, 1),
(243, 1, 96, 9, 1, 1, 1, 4),
(244, 1, 96, 8, 1, 1, 1, 1),
(245, 1, 97, 25, 1, 1, 1, 1),
(246, 1, 97, 26, 1, 1, 1, 1),
(247, 1, 97, 27, 1, 1, 1, 1),
(248, 1, 98, 24, 1, 1, 1, 1),
(249, 1, 99, 23, 1, 1, 1, 1),
(250, 1, 101, 5, 1, 1, 14, 4),
(251, 1, 101, 31, 1, 1, 14, 1),
(252, 1, 101, 2, 1, 1, 1, 4),
(253, 1, 101, 29, 1, 1, 8, 4),
(254, 1, 101, 1, 1, 1, 20, 1),
(255, 1, 101, 4, 1, 1, 8, 1),
(256, 1, 101, 3, 1, 1, 1, 1),
(257, 1, 102, 15, 1, 1, 7, 5),
(258, 1, 102, 19, 1, 1, 7, 3),
(259, 1, 102, 17, 1, 1, 11, 1),
(260, 1, 102, 16, 1, 1, 11, 3),
(261, 1, 102, 14, 1, 1, 7, 1),
(262, 1, 102, 13, 1, 1, 1, 1),
(263, 1, 103, 12, 1, 1, 8, 5),
(264, 1, 103, 1, 1, 1, 17, 1),
(265, 1, 103, 10, 1, 1, 8, 3),
(267, 1, 103, 9, 1, 1, 1, 4),
(268, 1, 103, 8, 1, 1, 1, 1),
(269, 1, 104, 25, 1, 1, 7, 1),
(270, 1, 104, 26, 1, 1, 1, 1),
(271, 1, 104, 27, 1, 1, 1, 5),
(272, 1, 105, 24, 1, 1, 1, 1),
(273, 1, 106, 23, 1, 1, 1, 1),
(274, 1, 44, 28, 1, 1, 1, 1),
(275, 1, 95, 14, 1, 1, 7, 1),
(276, 1, 103, 30, 1, 1, 8, 1),
(277, 1, 110, 33, 1, 1, 1, 1),
(278, 1, 108, 33, 1, 1, 1, 1);

-- --------------------------------------------------------

--
-- Table structure for table `app_purchasesale`
--

CREATE TABLE IF NOT EXISTS `app_purchasesale` (
  `id` int(11) NOT NULL AUTO_INCREMENT,
  `name` varchar(50) NOT NULL,
  PRIMARY KEY (`id`)
) ENGINE=InnoDB  DEFAULT CHARSET=utf8 AUTO_INCREMENT=5 ;

--
-- Dumping data for table `app_purchasesale`
--

INSERT INTO `app_purchasesale` (`id`, `name`) VALUES
(3, 'Sale'),
(4, 'Purchase');

-- --------------------------------------------------------

--
-- Table structure for table `app_subscriptionredemption`
--

CREATE TABLE IF NOT EXISTS `app_subscriptionredemption` (
  `id` int(11) NOT NULL AUTO_INCREMENT,
  `fund_id` int(11) NOT NULL,
  `client_id` int(11) NOT NULL,
  `trade_date` date NOT NULL,
  `input_date` date NOT NULL,
  `no_of_units` decimal(20,5) NOT NULL,
  `sub_red` smallint(6) NOT NULL,
  `nav` decimal(20,5) NOT NULL,
  `percent_released` smallint(6) NOT NULL,
  PRIMARY KEY (`id`),
  KEY `app_subscriptionredemption_10400ffb` (`fund_id`),
  KEY `app_subscriptionredemption_4a4e8ffb` (`client_id`)
) ENGINE=InnoDB  DEFAULT CHARSET=utf8 AUTO_INCREMENT=49 ;

--
-- Dumping data for table `app_subscriptionredemption`
--

INSERT INTO `app_subscriptionredemption` (`id`, `fund_id`, `client_id`, `trade_date`, `input_date`, `no_of_units`, `sub_red`, `nav`, `percent_released`) VALUES
(1, 1, 2, '2012-01-01', '2012-01-01', 5.00000, 1, 5.00000, 1),
(2, 1, 1, '2012-01-01', '2012-01-01', 0.00000, 1, 2.00000, 1),
(3, 1, 2, '2012-01-01', '2012-01-01', 8.00000, 1, 1.00000, 1),
(4, 1, 3, '2012-02-01', '2012-02-01', 8.00000, 1, 5.00000, 1),
(5, 1, 1, '2012-02-01', '2012-02-01', 5.00000, 1, 6.00000, 1),
(6, 1, 4, '2012-02-01', '2012-02-01', 6.00000, 1, 7.00000, 1),
(7, 1, 3, '2012-03-01', '2012-03-01', 6.00000, 1, 4.00000, 1),
(8, 1, 3, '2012-04-01', '2012-04-01', 8.00000, 1, 9.00000, 1),
(9, 1, 3, '2012-05-01', '2012-05-01', 2.00000, 1, 6.00000, 1),
(10, 1, 4, '2012-05-01', '2012-05-01', 0.00000, 1, 3.00000, 1),
(11, 1, 4, '2012-05-01', '2012-05-01', 9.00000, 1, 7.00000, 1),
(12, 1, 2, '2012-06-01', '2012-06-01', 7.00000, 1, 1.00000, 1),
(13, 1, 1, '2012-07-01', '2012-07-01', 4.00000, 1, 0.00000, 1),
(14, 1, 1, '2012-08-01', '2012-08-01', 3.00000, 1, 4.00000, 1),
(15, 1, 1, '2012-08-01', '2012-08-01', 9.00000, 1, 9.00000, 1),
(16, 1, 3, '2012-09-01', '2012-09-01', 8.00000, 1, 6.00000, 1),
(17, 1, 4, '2012-10-01', '2012-10-01', 7.00000, 1, 3.00000, 1),
(18, 1, 1, '2012-10-01', '2012-10-01', 1.00000, 1, 1.00000, 1),
(19, 1, 4, '2012-11-01', '2012-11-01', 9.00000, 1, 8.00000, 1),
(20, 1, 4, '2012-12-01', '2012-12-01', 7.00000, 1, 9.00000, 1),
(21, 1, 3, '2013-01-01', '2013-01-01', 8.00000, 1, 1.00000, 1),
(22, 1, 3, '2013-01-01', '2013-01-01', 1.00000, 1, 8.00000, 1),
(23, 1, 2, '2013-01-01', '2013-01-01', 5.00000, 1, 4.00000, 1),
(24, 1, 2, '2013-02-01', '2013-02-01', 5.00000, 1, 8.00000, 1),
(25, 1, 1, '2013-02-01', '2013-02-01', 1.00000, 1, 4.00000, 1),
(26, 1, 3, '2013-02-01', '2013-02-01', 0.00000, 1, 6.00000, 1),
(27, 1, 4, '2013-03-01', '2013-03-01', 2.00000, 1, 7.00000, 1),
(28, 1, 2, '2013-04-01', '2013-04-01', 5.00000, 1, 5.00000, 1),
(29, 1, 4, '2013-04-01', '2013-04-01', 8.00000, 1, 5.00000, 1),
(30, 1, 2, '2013-04-01', '2013-04-01', 1.00000, 1, 1.00000, 1),
(31, 1, 2, '2013-05-01', '2013-05-01', 8.00000, 1, 0.00000, 1),
(32, 1, 1, '2013-05-01', '2013-05-01', 0.00000, 1, 1.00000, 1),
(33, 1, 4, '2013-05-01', '2013-05-01', 9.00000, 1, 1.00000, 1),
(34, 1, 3, '2013-06-01', '2013-06-01', 0.00000, 1, 4.00000, 1),
(35, 1, 2, '2013-07-01', '2013-07-01', 9.00000, 1, 9.00000, 1),
(36, 1, 3, '2013-07-01', '2013-07-01', 7.00000, 1, 3.00000, 1),
(37, 1, 3, '2013-08-01', '2013-08-01', 0.00000, 1, 1.00000, 1),
(38, 1, 1, '2013-08-01', '2013-08-01', 8.00000, 1, 9.00000, 1),
(39, 1, 3, '2013-08-01', '2013-08-01', 6.00000, 1, 7.00000, 1),
(40, 1, 4, '2013-09-01', '2013-09-01', 4.00000, 1, 8.00000, 1),
(41, 1, 1, '2013-09-01', '2013-09-01', 7.00000, 1, 6.00000, 1),
(42, 1, 4, '2013-09-01', '2013-09-01', 4.00000, 1, 1.00000, 1),
(43, 1, 1, '2013-10-01', '2013-10-01', 4.00000, 1, 3.00000, 1),
(44, 1, 4, '2013-10-01', '2013-10-01', 0.00000, 1, 8.00000, 1),
(45, 1, 1, '2013-11-01', '2013-11-01', 6.00000, 1, 4.00000, 1),
(46, 1, 1, '2013-12-01', '2013-12-01', 4.00000, 1, 6.00000, 1),
(47, 1, 1, '2013-12-01', '2013-12-01', 2.00000, 1, 3.00000, 1),
(48, 1, 2, '2013-12-01', '2013-12-01', 9.00000, 1, 4.00000, 1);

-- --------------------------------------------------------

--
-- Table structure for table `app_trade`
--

CREATE TABLE IF NOT EXISTS `app_trade` (
  `id` int(11) NOT NULL AUTO_INCREMENT,
  `holding_id` int(11) NOT NULL,
  `identifier` int(11) NOT NULL,
  `trade_type_id` int(11) NOT NULL,
  `trade_date` date NOT NULL,
  `settlement_date` date NOT NULL,
  `purchase_sale_id` int(11) NOT NULL,
  `buy_sell` smallint(6) NOT NULL,
  `no_of_units` decimal(20,2) NOT NULL,
  `purchase_price` decimal(20,5) NOT NULL,
  `purchase_price_base` decimal(20,5) NOT NULL,
  `nav_purchase` decimal(20,5) NOT NULL,
  `currency_id` int(11) NOT NULL,
  `fx_euro` decimal(20,8) NOT NULL,
  `dealing_date` date NOT NULL,
  PRIMARY KEY (`id`),
  KEY `app_trade_460919ce` (`holding_id`),
  KEY `app_trade_1bc3cd4b` (`trade_type_id`),
  KEY `app_trade_b934b838` (`purchase_sale_id`),
  KEY `app_trade_41f657b3` (`currency_id`)
) ENGINE=InnoDB  DEFAULT CHARSET=utf8 AUTO_INCREMENT=100 ;

--
-- Dumping data for table `app_trade`
--

INSERT INTO `app_trade` (`id`, `holding_id`, `identifier`, `trade_type_id`, `trade_date`, `settlement_date`, `purchase_sale_id`, `buy_sell`, `no_of_units`, `purchase_price`, `purchase_price_base`, `nav_purchase`, `currency_id`, `fx_euro`, `dealing_date`) VALUES
(1, 1, 1, 1, '2013-05-03', '2013-08-02', 3, 1, 86.00, 82.00000, 96.00000, 110.00000, 1, 64.00000000, '2012-02-10'),
(2, 2, 1, 1, '2013-10-06', '2013-07-12', 3, 1, 176.00, 76.00000, 90.00000, 78.00000, 1, 51.00000000, '2012-12-06'),
(3, 1, 1, 1, '2012-03-13', '2013-11-18', 3, 1, 52.00, 93.00000, 116.00000, 65.00000, 1, 71.00000000, '2013-04-17'),
(4, 2, 1, 1, '2012-04-15', '2013-05-22', 3, 1, 153.00, 69.00000, 65.00000, 55.00000, 1, 73.00000000, '2012-06-26'),
(5, 1, 1, 1, '2012-06-24', '2012-07-13', 3, 1, 166.00, 86.00000, 92.00000, 51.00000, 1, 78.00000000, '2013-02-18'),
(6, 1, 1, 1, '2012-10-12', '2013-09-23', 3, 1, 59.00, 88.00000, 56.00000, 82.00000, 1, 72.00000000, '2012-03-01'),
(7, 1, 1, 1, '2013-10-05', '2012-06-13', 3, 1, 96.00, 83.00000, 94.00000, 111.00000, 1, 87.00000000, '2012-03-08'),
(8, 1, 1, 1, '2012-01-21', '2012-03-06', 3, 1, 128.00, 103.00000, 51.00000, 112.00000, 1, 66.00000000, '2013-04-10'),
(9, 2, 1, 1, '2012-03-22', '2012-06-19', 3, 1, 122.00, 58.00000, 113.00000, 70.00000, 1, 86.00000000, '2013-08-13'),
(10, 2, 1, 1, '2013-01-18', '2013-12-12', 3, 1, 60.00, 112.00000, 68.00000, 123.00000, 1, 83.00000000, '2013-08-01'),
(11, 2, 1, 1, '2013-10-22', '2013-03-24', 3, 1, 145.00, 67.00000, 97.00000, 75.00000, 1, 53.00000000, '2013-01-02'),
(12, 1, 1, 1, '2012-06-16', '2012-06-17', 3, 1, 146.00, 92.00000, 107.00000, 63.00000, 1, 78.00000000, '2012-11-26'),
(13, 2, 1, 1, '2012-08-03', '2012-08-12', 3, 1, 56.00, 76.00000, 63.00000, 96.00000, 1, 81.00000000, '2013-09-21'),
(14, 1, 1, 1, '2012-06-04', '2012-11-06', 3, 1, 66.00, 62.00000, 115.00000, 94.00000, 1, 60.00000000, '2013-09-05'),
(15, 2, 1, 1, '2013-07-03', '2013-08-25', 3, 1, 75.00, 96.00000, 86.00000, 77.00000, 1, 90.00000000, '2013-10-10'),
(16, 1, 1, 1, '2012-08-06', '2012-05-14', 3, 1, 97.00, 70.00000, 98.00000, 83.00000, 1, 69.00000000, '2013-12-08'),
(17, 1, 1, 1, '2013-03-02', '2013-03-05', 3, 1, 59.00, 66.00000, 110.00000, 80.00000, 1, 78.00000000, '2012-03-27'),
(18, 2, 1, 1, '2012-01-21', '2012-05-26', 3, 1, 151.00, 116.00000, 104.00000, 58.00000, 1, 76.00000000, '2012-06-25'),
(19, 2, 1, 1, '2013-12-16', '2013-03-01', 3, 1, 178.00, 105.00000, 76.00000, 76.00000, 1, 84.00000000, '2013-07-25'),
(20, 1, 1, 1, '2013-05-09', '2012-01-06', 3, 1, 106.00, 59.00000, 54.00000, 91.00000, 1, 72.00000000, '2013-09-10'),
(21, 2, 1, 1, '2012-03-10', '2012-03-24', 3, 1, 194.00, 92.00000, 77.00000, 68.00000, 1, 69.00000000, '2013-06-16'),
(22, 1, 1, 1, '2013-06-07', '2012-09-16', 3, 1, 158.00, 111.00000, 64.00000, 54.00000, 1, 97.00000000, '2012-09-16'),
(23, 2, 1, 1, '2013-05-08', '2013-12-21', 3, 1, 59.00, 59.00000, 73.00000, 79.00000, 1, 67.00000000, '2012-02-27'),
(24, 1, 1, 1, '2012-09-27', '2012-08-01', 3, 1, 180.00, 121.00000, 119.00000, 52.00000, 1, 60.00000000, '2012-09-06'),
(25, 2, 1, 1, '2012-03-05', '2013-08-13', 3, 1, 63.00, 93.00000, 78.00000, 70.00000, 1, 72.00000000, '2013-06-08'),
(26, 2, 1, 1, '2012-01-12', '2012-10-06', 3, 1, 62.00, 62.00000, 103.00000, 116.00000, 1, 80.00000000, '2012-01-18'),
(27, 2, 1, 1, '2013-03-27', '2013-02-24', 3, 1, 167.00, 118.00000, 112.00000, 120.00000, 1, 56.00000000, '2012-07-02'),
(28, 1, 1, 1, '2013-02-07', '2013-01-14', 3, 1, 53.00, 60.00000, 119.00000, 56.00000, 1, 78.00000000, '2013-08-24'),
(29, 1, 1, 1, '2012-05-24', '2012-01-21', 3, 1, 178.00, 72.00000, 59.00000, 105.00000, 1, 70.00000000, '2012-02-12'),
(30, 1, 1, 1, '2012-07-07', '2013-09-20', 3, 1, 191.00, 84.00000, 116.00000, 96.00000, 1, 52.00000000, '2013-04-10'),
(31, 2, 1, 1, '2012-10-24', '2012-06-24', 3, 1, 146.00, 114.00000, 72.00000, 120.00000, 1, 92.00000000, '2013-12-16'),
(32, 1, 1, 1, '2012-10-02', '2013-12-01', 3, 1, 71.00, 88.00000, 61.00000, 89.00000, 1, 93.00000000, '2013-03-18'),
(33, 1, 1, 1, '2013-01-22', '2013-07-04', 3, 1, 132.00, 73.00000, 118.00000, 68.00000, 1, 76.00000000, '2013-10-08'),
(34, 1, 1, 1, '2013-04-21', '2012-07-10', 3, 1, 162.00, 84.00000, 84.00000, 83.00000, 1, 68.00000000, '2013-12-08'),
(35, 1, 1, 1, '2012-12-01', '2012-10-08', 3, 1, 65.00, 51.00000, 115.00000, 114.00000, 1, 77.00000000, '2012-09-02'),
(36, 1, 1, 1, '2013-09-03', '2013-10-18', 3, 1, 186.00, 95.00000, 92.00000, 108.00000, 1, 99.00000000, '2013-03-16'),
(37, 1, 1, 1, '2013-08-25', '2013-03-09', 3, 1, 57.00, 114.00000, 109.00000, 77.00000, 1, 97.00000000, '2013-11-18'),
(38, 1, 1, 1, '2012-10-15', '2012-07-26', 3, 1, 97.00, 119.00000, 57.00000, 57.00000, 1, 62.00000000, '2012-08-17'),
(39, 1, 1, 1, '2013-04-04', '2013-05-17', 3, 1, 136.00, 61.00000, 122.00000, 121.00000, 1, 83.00000000, '2013-05-19'),
(40, 1, 1, 1, '2013-12-03', '2013-01-14', 3, 1, 170.00, 59.00000, 109.00000, 63.00000, 1, 78.00000000, '2013-10-15'),
(41, 2, 1, 1, '2013-01-21', '2012-12-01', 3, 1, 162.00, 119.00000, 122.00000, 52.00000, 1, 93.00000000, '2012-03-17'),
(42, 1, 1, 1, '2012-08-16', '2013-04-24', 3, 1, 59.00, 71.00000, 111.00000, 57.00000, 1, 77.00000000, '2012-01-24'),
(43, 2, 1, 1, '2012-02-16', '2012-09-11', 3, 1, 126.00, 123.00000, 61.00000, 91.00000, 1, 85.00000000, '2013-03-26'),
(44, 2, 1, 1, '2012-01-23', '2013-03-05', 3, 1, 116.00, 73.00000, 67.00000, 55.00000, 1, 85.00000000, '2013-12-23'),
(45, 1, 1, 1, '2013-04-24', '2013-12-01', 3, 1, 172.00, 96.00000, 96.00000, 53.00000, 1, 52.00000000, '2012-03-03'),
(46, 1, 1, 1, '2012-01-26', '2013-12-06', 3, 1, 58.00, 109.00000, 85.00000, 98.00000, 1, 50.00000000, '2013-01-03'),
(47, 2, 1, 1, '2013-04-13', '2012-11-26', 3, 1, 134.00, 80.00000, 105.00000, 57.00000, 1, 98.00000000, '2013-02-06'),
(48, 1, 1, 1, '2012-07-16', '2013-07-03', 3, 1, 51.00, 78.00000, 81.00000, 67.00000, 1, 89.00000000, '2012-10-21'),
(49, 2, 1, 1, '2012-01-06', '2013-06-19', 3, 1, 104.00, 84.00000, 105.00000, 74.00000, 1, 55.00000000, '2013-05-09'),
(50, 1, 1, 1, '2013-03-14', '2013-04-19', 3, 1, 178.00, 103.00000, 110.00000, 82.00000, 1, 61.00000000, '2012-08-26'),
(51, 2, 1, 1, '2013-06-03', '2012-09-09', 3, 1, 134.00, 83.00000, 57.00000, 54.00000, 1, 99.00000000, '2013-12-18'),
(52, 2, 1, 1, '2012-10-11', '2013-09-03', 3, 1, 178.00, 73.00000, 113.00000, 115.00000, 1, 83.00000000, '2013-10-19'),
(53, 1, 1, 1, '2012-04-19', '2012-08-22', 3, 1, 147.00, 56.00000, 95.00000, 96.00000, 1, 96.00000000, '2012-05-18'),
(54, 2, 1, 1, '2013-02-09', '2013-10-25', 3, 1, 183.00, 114.00000, 85.00000, 84.00000, 1, 94.00000000, '2012-01-22'),
(55, 1, 1, 1, '2012-10-08', '2013-02-02', 3, 1, 145.00, 121.00000, 94.00000, 97.00000, 1, 77.00000000, '2013-11-21'),
(56, 1, 1, 1, '2012-03-21', '2012-07-15', 3, 1, 180.00, 78.00000, 99.00000, 77.00000, 1, 92.00000000, '2012-08-08'),
(57, 1, 1, 1, '2013-11-10', '2013-09-12', 3, 1, 75.00, 73.00000, 75.00000, 75.00000, 1, 50.00000000, '2012-04-02'),
(58, 1, 1, 1, '2013-02-22', '2012-11-06', 3, 1, 68.00, 116.00000, 106.00000, 77.00000, 1, 92.00000000, '2012-07-18'),
(59, 1, 1, 1, '2012-10-22', '2013-09-07', 3, 1, 58.00, 120.00000, 115.00000, 76.00000, 1, 57.00000000, '2013-08-03'),
(60, 1, 1, 1, '2013-04-14', '2012-09-04', 3, 1, 87.00, 116.00000, 82.00000, 104.00000, 1, 92.00000000, '2013-01-21'),
(61, 2, 1, 1, '2012-09-24', '2013-01-15', 3, 1, 153.00, 79.00000, 123.00000, 52.00000, 1, 65.00000000, '2012-05-13'),
(62, 1, 1, 1, '2013-08-07', '2013-12-14', 3, 1, 135.00, 51.00000, 70.00000, 89.00000, 1, 73.00000000, '2013-08-17'),
(63, 2, 1, 1, '2013-01-07', '2013-07-24', 3, 1, 151.00, 82.00000, 75.00000, 62.00000, 1, 66.00000000, '2013-07-15'),
(64, 1, 1, 1, '2012-05-04', '2012-09-17', 3, 1, 55.00, 98.00000, 95.00000, 64.00000, 1, 86.00000000, '2013-12-21'),
(65, 2, 1, 1, '2013-12-18', '2012-01-26', 3, 1, 190.00, 78.00000, 110.00000, 106.00000, 1, 50.00000000, '2013-10-24'),
(66, 1, 1, 1, '2012-04-11', '2013-03-18', 3, 1, 185.00, 92.00000, 71.00000, 92.00000, 1, 86.00000000, '2012-03-02'),
(67, 1, 1, 1, '2012-09-11', '2012-04-25', 3, 1, 153.00, 72.00000, 90.00000, 93.00000, 1, 72.00000000, '2012-02-04'),
(68, 1, 1, 1, '2013-04-03', '2012-10-02', 3, 1, 91.00, 119.00000, 110.00000, 63.00000, 1, 88.00000000, '2012-03-04'),
(69, 2, 1, 1, '2012-06-11', '2013-07-05', 3, 1, 129.00, 108.00000, 58.00000, 81.00000, 1, 58.00000000, '2012-08-25'),
(70, 1, 1, 1, '2013-02-20', '2012-12-09', 3, 1, 63.00, 92.00000, 84.00000, 124.00000, 1, 96.00000000, '2013-11-11'),
(71, 1, 1, 1, '2012-01-07', '2012-12-01', 3, 1, 168.00, 106.00000, 51.00000, 92.00000, 1, 80.00000000, '2013-11-13'),
(72, 1, 1, 1, '2013-02-02', '2013-05-08', 3, 1, 71.00, 114.00000, 63.00000, 95.00000, 1, 89.00000000, '2012-09-26'),
(73, 1, 1, 1, '2013-01-13', '2013-12-22', 3, 1, 53.00, 71.00000, 68.00000, 109.00000, 1, 89.00000000, '2013-10-11'),
(74, 2, 1, 1, '2012-05-21', '2012-07-08', 3, 1, 69.00, 97.00000, 52.00000, 56.00000, 1, 60.00000000, '2013-08-06'),
(75, 2, 1, 1, '2012-11-15', '2013-01-26', 3, 1, 149.00, 88.00000, 91.00000, 97.00000, 1, 86.00000000, '2013-05-16'),
(76, 2, 1, 1, '2012-10-26', '2012-12-07', 3, 1, 90.00, 90.00000, 69.00000, 108.00000, 1, 80.00000000, '2012-01-01'),
(77, 1, 1, 1, '2012-07-09', '2013-12-06', 3, 1, 187.00, 116.00000, 78.00000, 88.00000, 1, 70.00000000, '2012-12-04'),
(78, 2, 1, 1, '2013-08-10', '2012-06-16', 3, 1, 173.00, 91.00000, 114.00000, 88.00000, 1, 94.00000000, '2012-10-04'),
(79, 1, 1, 1, '2012-03-16', '2013-01-09', 3, 1, 166.00, 102.00000, 58.00000, 93.00000, 1, 81.00000000, '2012-04-15'),
(80, 1, 1, 1, '2013-04-16', '2012-11-13', 3, 1, 59.00, 83.00000, 69.00000, 85.00000, 1, 59.00000000, '2013-12-01'),
(81, 1, 1, 1, '2012-11-08', '2012-08-23', 3, 1, 191.00, 85.00000, 87.00000, 92.00000, 1, 55.00000000, '2013-05-08'),
(82, 1, 1, 1, '2012-06-06', '2013-10-16', 3, 1, 156.00, 119.00000, 90.00000, 57.00000, 1, 54.00000000, '2013-06-19'),
(83, 2, 1, 1, '2013-01-13', '2012-12-18', 3, 1, 80.00, 123.00000, 81.00000, 99.00000, 1, 56.00000000, '2013-09-08'),
(84, 2, 1, 1, '2013-07-18', '2012-06-06', 3, 1, 173.00, 117.00000, 110.00000, 79.00000, 1, 56.00000000, '2013-11-13'),
(85, 1, 1, 1, '2013-07-24', '2013-04-19', 3, 1, 177.00, 70.00000, 111.00000, 72.00000, 1, 84.00000000, '2012-01-27'),
(86, 2, 1, 1, '2012-09-14', '2012-03-21', 3, 1, 62.00, 89.00000, 103.00000, 82.00000, 1, 73.00000000, '2013-02-01'),
(87, 2, 1, 1, '2013-01-24', '2013-09-07', 3, 1, 81.00, 83.00000, 95.00000, 123.00000, 1, 86.00000000, '2012-02-22'),
(88, 2, 1, 1, '2012-03-06', '2012-03-07', 3, 1, 155.00, 113.00000, 96.00000, 123.00000, 1, 93.00000000, '2013-10-13'),
(89, 2, 1, 1, '2013-12-14', '2013-11-04', 3, 1, 96.00, 67.00000, 119.00000, 65.00000, 1, 69.00000000, '2013-12-03'),
(90, 1, 1, 1, '2013-12-03', '2012-08-14', 3, 1, 109.00, 101.00000, 103.00000, 95.00000, 1, 90.00000000, '2013-05-15'),
(91, 1, 1, 1, '2013-06-19', '2013-12-01', 3, 1, 56.00, 51.00000, 112.00000, 91.00000, 1, 99.00000000, '2012-04-04'),
(92, 1, 1, 1, '2013-06-22', '2013-11-17', 3, 1, 117.00, 95.00000, 74.00000, 50.00000, 1, 98.00000000, '2012-04-27'),
(93, 2, 1, 1, '2012-05-14', '2012-03-05', 3, 1, 129.00, 110.00000, 65.00000, 112.00000, 1, 77.00000000, '2013-02-03'),
(94, 1, 1, 1, '2012-11-27', '2013-10-09', 3, 1, 166.00, 90.00000, 90.00000, 108.00000, 1, 69.00000000, '2013-04-10'),
(95, 2, 1, 1, '2012-03-02', '2013-11-24', 3, 1, 132.00, 120.00000, 92.00000, 73.00000, 1, 86.00000000, '2012-10-23'),
(96, 1, 1, 1, '2012-02-22', '2013-11-15', 3, 1, 104.00, 124.00000, 93.00000, 64.00000, 1, 98.00000000, '2013-03-19'),
(97, 1, 1, 1, '2013-12-02', '2012-12-11', 3, 1, 139.00, 107.00000, 59.00000, 54.00000, 1, 64.00000000, '2012-02-10'),
(98, 1, 1, 1, '2012-03-14', '2012-07-04', 3, 1, 52.00, 64.00000, 55.00000, 70.00000, 1, 69.00000000, '2012-06-15'),
(99, 1, 1, 1, '2012-06-05', '2013-06-25', 3, 1, 171.00, 118.00000, 61.00000, 119.00000, 1, 64.00000000, '2012-05-09');

-- --------------------------------------------------------

--
-- Table structure for table `app_tradetype`
--

CREATE TABLE IF NOT EXISTS `app_tradetype` (
  `id` int(11) NOT NULL AUTO_INCREMENT,
  PRIMARY KEY (`id`)
) ENGINE=InnoDB  DEFAULT CHARSET=utf8 AUTO_INCREMENT=2 ;

--
-- Dumping data for table `app_tradetype`
--

INSERT INTO `app_tradetype` (`id`) VALUES
(1);

-- --------------------------------------------------------

--
-- Table structure for table `app_widget`
--

CREATE TABLE IF NOT EXISTS `app_widget` (
  `id` int(11) NOT NULL AUTO_INCREMENT,
  `name` varchar(50) NOT NULL,
  `key` varchar(50) NOT NULL,
  `widget_type_id` int(11) NOT NULL,
  `window_id` int(11) NOT NULL,
  `description` longtext,
  `size_y` decimal(3,1) NOT NULL,
  `size_x` decimal(3,1) NOT NULL,
  `column_width` varchar(50) DEFAULT NULL,
  `columns` varchar(50) DEFAULT NULL,
  `position` smallint(5) unsigned NOT NULL,
  `v2` tinyint(1) NOT NULL,
  PRIMARY KEY (`id`),
  KEY `app_widget_c84a83cc` (`widget_type_id`),
  KEY `app_widget_7343ffda` (`window_id`)
) ENGINE=InnoDB  DEFAULT CHARSET=utf8 AUTO_INCREMENT=72 ;

--
-- Dumping data for table `app_widget`
--

INSERT INTO `app_widget` (`id`, `name`, `key`, `widget_type_id`, `window_id`, `description`, `size_y`, `size_x`, `column_width`, `columns`, `position`, `v2`) VALUES
(1, 'W11 - Data Table', 'fundperfholdtable', 6, 1, 'n/a', 3.0, 7.0, NULL, NULL, 0, 0),
(3, 'W16 - Line Graph', 'fundperfbenchcompline', 8, 2, 'n/a', 1.8, 6.9, NULL, '', 0, 0),
(4, 'W16 - Data Table', 'fundperfbenchcomptable', 2, 2, 'na', 1.2, 6.9, NULL, '', 1, 0),
(5, 'W1 - Data Table', 'fundperfdatatable', 2, 3, '', 3.0, 6.9, '', '', 0, 0),
(7, 'W2 - Fund Holding Performance Bar Graph', 'fundperfholdperfbar', 4, 4, '', 3.0, 6.0, NULL, '', 0, 0),
(9, 'W3 - Fund Performance Data Table', 'fundperfgrouptable', 2, 5, '', 0.8, 6.0, NULL, '', 0, 0),
(10, 'W3 -  Performance by Sector Bar Chart', 'fundperfgroupbar', 4, 5, '', 1.7, 6.0, NULL, '', 2, 0),
(11, 'W4 - Performance by Sub Sector Table', 'fundperfgrouptable', 2, 6, '', 1.0, 6.0, NULL, '', 0, 0),
(12, 'W4 - Performance by Sub-Sector Bar Chart', 'fundperfgroupbar', 4, 6, '', 1.5, 6.0, NULL, '', 2, 0),
(13, 'W5 - Performance by Location Table', 'fundperfgrouptable', 2, 7, '', 1.0, 6.0, NULL, '', 0, 0),
(14, 'W5 - Performance by Location Bar Chart', 'fundperfgroupbar', 4, 7, '', 1.5, 6.0, NULL, '', 2, 0),
(15, 'W11 - Trade Volume Bar Graph', 'fundperfholdvolbar', 7, 1, '', 3.0, 7.0, NULL, NULL, 1, 0),
(16, 'W6 - Fund Historical NAV ', 'fundallochistnav', 2, 8, '', 3.0, 7.0, NULL, NULL, 0, 0),
(17, 'W7 - Fund Historical NAV Bar', 'fundperfholdperfbar', 4, 9, '', 3.0, 7.0, NULL, '', 0, 0),
(19, 'W8 - Euro Fund NAV by Sector Table', 'fundperfgrouptable', 9, 10, '', 2.0, 7.0, NULL, '', 0, 0),
(20, 'W9 - Euro Fund NAV by Sub Sector Table', 'fundperfgrouptable', 9, 11, '', 2.0, 7.0, NULL, '', 0, 0),
(21, 'W10 - Euro Fund NAV by Location Table', 'fundperfgrouptable', 9, 12, '', 2.0, 7.0, NULL, '', 0, 0),
(22, 'W19 Fund Return Table', 'fundreturn', 2, 14, '', 2.0, 4.0, NULL, NULL, 0, 0),
(23, 'W20 - Best Worst Months', 'fundbestworst', 2, 15, '', 2.0, 4.0, NULL, NULL, 0, 0),
(24, 'W22 - Return Histogram', 'fundreturnhistogram', 4, 16, '', 1.9, 1.9, '', '', 0, 0),
(25, 'w21 - fund correlation matrix', 'fundcorrelationmatrix', 2, 17, '', 2.0, 4.0, NULL, NULL, 0, 0),
(26, 'w21 - hold correlation matrix', 'holdcorrelationmatrix', 2, 18, '', 4.0, 6.0, NULL, NULL, 0, 0),
(27, 'W24 - Avg Perf in Neg Months Table', 'fundnegativemonthstable', 2, 19, '', 0.5, 4.0, '', '', 0, 0),
(28, 'W24 - Avg Perf in Neg Months Graph', 'fundnegativemonthsgraph', 4, 19, '', 1.5, 4.0, '', '', 1, 0),
(29, 'W73 Holding Liquidity Table ', 'holdliquidity', 2, 20, '', 6.0, 8.0, NULL, NULL, 0, 0),
(30, 'W74 - Redemption Tracker', 'redemptiontracker', 2, 21, '', 6.0, 3.0, NULL, NULL, 0, 0),
(31, 'W75 - Cumulative Weight Table', 'cumulativeweighttable', 2, 22, '', 5.8, 3.0, NULL, '', 0, 0),
(32, 'W75 - Cumulative Weight Graph', 'cumulativeweightgraph', 10, 22, '', 5.9, 5.0, NULL, '', 1, 0),
(33, 'W70 - Currency Hedges', 'currencyhedge', 2, 24, '', 2.0, 4.0, NULL, NULL, 0, 0),
(34, 'W12 - Fund Register Table', 'fundregister', 6, 25, '', 6.0, 5.0, NULL, NULL, 0, 0),
(35, 'W25 - NAV Reconciliation', 'fundnavreconciliation', 2, 27, '', 2.0, 5.9, NULL, '', 0, 0),
(36, 'W13 - Fund Gross Assets', 'fundgrossasset1', 11, 28, '', 6.0, 9.0, NULL, NULL, 0, 0),
(37, 'W8 - NAV by Sector Pie Chart', 'fundperfgrouppie', 1, 10, '', 2.0, 2.0, NULL, NULL, 1, 0),
(38, 'W9 - Euro Fund NAV by Sub Sector Pie', 'fundperfgrouppie', 1, 11, '', 2.0, 2.0, NULL, NULL, 1, 0),
(39, 'W10 - Euro Fund NAV by Location Pie', 'fundperfgrouppie', 1, 12, '', 2.0, 2.0, NULL, NULL, 1, 0),
(40, 'W4b - Performance by Asset Class', 'fundperfgrouptable', 2, 29, '', 1.0, 6.0, NULL, '', 0, 0),
(41, 'W4b - Performance by Asset Class Bar Chart', 'fundperfgroupbar', 4, 29, '', 1.5, 6.0, '1', '', 2, 0),
(42, 'W9b _ NAV by Asset Class Pie', 'fundperfgrouppie', 1, 30, '', 2.0, 2.0, '1', NULL, 1, 0),
(43, 'W9b - NAV by Asset Class Table', 'fundperfgrouptable', 9, 30, '', 2.0, 7.0, NULL, '', 0, 0),
(44, 'W5b - Performance by Location Table', 'fundperfgrouptable', 6, 31, '', 1.0, 6.0, '', '', 0, 0),
(45, 'W5b - Performance by Location Bar Chart', 'fundperfgroupbar', 4, 31, '', 1.5, 6.0, '', '', 2, 0),
(46, 'W13b - Fund Gross Assets', 'fundgrossasset2', 11, 32, NULL, 6.0, 9.0, NULL, '', 0, 0),
(47, 'W13c - Fund Gross Assets', 'fundgrossasset3', 11, 33, NULL, 6.0, 9.0, NULL, '', 0, 0),
(49, 'W8b - Euro Fund NAV by Sector Table', 'fundperfgrouptable', 9, 34, '', 2.0, 7.0, '', '', 0, 0),
(50, 'W8b - NAV by Sector Pie Chart', 'fundperfgrouppie', 1, 34, '', 2.0, 2.0, '', '', 1, 0),
(51, 'W31 - Holding', 'holding', 6, 35, '', 6.0, 8.0, '', '', 0, 1),
(52, 'W28 - Holding Valution & Cash Flows', 'holding-valuation', 11, 36, '', 4.0, 8.0, '', '', 0, 1),
(53, 'W28 - Fund Valution & Cash Flows', 'fund-valuation', 11, 36, '', 2.0, 8.0, '', '', 1, 1),
(54, 'W12b - Fund Register Table', 'client', 6, 37, '', 6.0, 7.0, '', '', 0, 1),
(55, 'W1b - Data Table', 'fundperfdatatable', 2, 38, '', 3.0, 6.9, '', '', 0, 0),
(56, 'W4c - Performance by Asset Class', 'fundperfgrouptable', 2, 39, '', 1.0, 6.0, '', '', 0, 0),
(57, 'W4c - Performance by Asset Class Bar Chart', 'fundperfgroupbar', 4, 39, '', 1.5, 6.0, '', '', 2, 0),
(58, 'W9c - NAV by Invstment type', 'fundperfgrouptable', 9, 40, '', 2.0, 7.0, '', '', 0, 0),
(59, 'W9c  - NAV by Investment type', 'fundperfgrouppie', 1, 40, '', 2.0, 2.0, '', '', 1, 0),
(60, 'W26 - Net movement % by Investment type', 'fundperfgrouptable', 2, 41, '', 1.5, 7.0, '', '', 0, 0),
(61, 'W26  - Net movement % by Investment type', 'fundperfgroupbar', 4, 41, '', 1.5, 7.0, '', '', 1, 0),
(62, 'W27 - Net movement Euro by Investment type', 'fundperfgrouptable', 2, 42, '', 1.5, 7.0, '', '', 0, 0),
(63, 'W27 - Net movement Euro by Investment type', 'fundperfgroupbar', 4, 42, '', 2.0, 7.0, '', '', 1, 0),
(64, 'W3b - Total Fund Performance Data Table', 'fund-history', 2, 5, '', 0.5, 6.0, '', '', 1, 1),
(65, 'W4 - Total Performance by Sub Sector Table', 'fund-history', 2, 6, '', 0.5, 6.0, '', '', 1, 1),
(66, 'W4b - Total Performance by Asset Class', 'fund-history', 2, 29, '', 0.5, 6.0, '', '', 1, 1),
(67, 'W4c - Total Performance by Asset Class', 'fund-history', 2, 39, '', 0.5, 6.0, '', '', 1, 1),
(68, 'W5 - Total Performance by Location Table', 'fund-history', 2, 7, '', 0.5, 6.0, '', '', 1, 1),
(69, 'W5b - Total Performance by Location Table', 'fund-history', 2, 31, '', 0.5, 6.0, '', '', 1, 1);

-- --------------------------------------------------------

--
-- Table structure for table `app_widgetparam`
--

CREATE TABLE IF NOT EXISTS `app_widgetparam` (
  `id` int(11) NOT NULL AUTO_INCREMENT,
  `key` varchar(50) NOT NULL,
  `value` varchar(200) NOT NULL,
  PRIMARY KEY (`id`)
) ENGINE=InnoDB  DEFAULT CHARSET=utf8 AUTO_INCREMENT=77 ;

--
-- Dumping data for table `app_widgetparam`
--

INSERT INTO `app_widgetparam` (`id`, `key`, `value`) VALUES
(1, 'fund', 'FUND'),
(2, 'identifier', 'Identifier'),
(3, 'funds', 'FUND'),
(4, 'order_by', 'weight'),
(5, 'date', 'DATE'),
(6, 'year', 'YEAR'),
(7, 'month', 'MONTH'),
(8, 'holding_group', 'all'),
(9, 'holding_group', 'sec'),
(10, 'holding_group', 'sub'),
(11, 'holding_group', 'loc'),
(12, 'holding', 'HOLDING'),
(13, 'scrollbar', 'false'),
(14, 'title', 'false'),
(15, 'title', 'true'),
(16, 'scrollbar', 'TRUE'),
(17, 'benchmark__funds', 'FUND'),
(18, 'legend', 'false'),
(19, 'value_date__year', 'YEAR'),
(20, 'value_date__month', 'MONTH'),
(21, 'value_date', 'DATE'),
(22, 'holding_category__holding_group', 'loc'),
(23, 'holding_category__holding_group', 'sub'),
(24, 'holding_category__holding_group', 'sec'),
(25, 'holding_fund', 'FUND'),
(26, 'year__fund', 'FUND'),
(27, 'fields', 'performance'),
(28, 'fields', 'nav'),
(29, 'fields', 'weight'),
(30, 'title', ''),
(31, 'title', '% of Fund'),
(32, 'type', 'bar'),
(34, 'yDecimals', 'false'),
(35, 'labels', 'false'),
(36, 'fields', 'nav'),
(39, 'order_by', 'performance'),
(40, 'holding_category__isnull', 'true'),
(41, 'value_date__day', '1'),
(42, 'asset_class', '17'),
(43, 'navigator', 'true'),
(44, 'date_type', 'month'),
(45, 'holding_category__holding_group', 'ass'),
(46, 'column_border_y', 'ytd'),
(47, 'column_width', '60,60'),
(48, 'column_width', '50,80'),
(49, 'column_width', '100,100'),
(50, 'column_width', '120,80'),
(51, 'column_width', '100,80'),
(52, 'column_width', '80,80'),
(54, 'column_width', '80,50'),
(55, 'column_width', '100,85'),
(56, 'column_width', '115,130'),
(58, 'column_width', '80,90'),
(59, 'align', 'center'),
(60, 'subtable', 'true'),
(61, 'holding_category__holding_group', 'hol'),
(62, 'holding_category__holding_group', 'inv'),
(63, 'fields', 'id,name,commit,drawdown,various,residual_commit,distribution,valuation,total_value,proceed,irr'),
(64, 'fields', 'id,first_name,last_name,commit,drawdown,various,residual_commit,distribution,valuation,total_value,proceed,irr'),
(65, 'distinct', 'true'),
(66, 'column_width', '200,40'),
(67, 'column_width', '40,50'),
(68, 'fields', 'euro_nav'),
(69, 'fields', 'cash_flow'),
(70, 'value', 'performance'),
(71, 'title', 'fund__name'),
(72, 'date', 'value_date'),
(73, 'data_type', 'year'),
(74, 'extra_fields', 'ytd,si'),
(75, 'column_header', 'false'),
(76, 'labels', 'rotated');

-- --------------------------------------------------------

--
-- Table structure for table `app_widgettype`
--

CREATE TABLE IF NOT EXISTS `app_widgettype` (
  `id` int(11) NOT NULL AUTO_INCREMENT,
  `key` varchar(50) NOT NULL,
  `name` varchar(50) NOT NULL,
  PRIMARY KEY (`id`)
) ENGINE=InnoDB  DEFAULT CHARSET=utf8 AUTO_INCREMENT=12 ;

--
-- Dumping data for table `app_widgettype`
--

INSERT INTO `app_widgettype` (`id`, `key`, `name`) VALUES
(1, 'pie_chart', 'Pie Chart'),
(2, 'data_table', 'Data Table'),
(3, 'graph', 'Graph'),
(4, 'bar_chart', 'Bar Chart'),
(5, 'month_table', 'Month Table'),
(6, 'data_table_sub', 'Data Table with Sub Table'),
(7, 'line_bar_chart', 'Line Bar Graph'),
(8, 'line_chart', 'Line Chart'),
(9, 'euro_percent_table', 'Euro Percent Table'),
(10, 'chart_doubley', 'Double Y Chart'),
(11, 'data_group_table', 'Data Group Table');

-- --------------------------------------------------------

--
-- Table structure for table `app_widget_widget_param`
--

CREATE TABLE IF NOT EXISTS `app_widget_widget_param` (
  `id` int(11) NOT NULL AUTO_INCREMENT,
  `widget_id` int(11) NOT NULL,
  `widgetparam_id` int(11) NOT NULL,
  PRIMARY KEY (`id`),
  UNIQUE KEY `widget_id` (`widget_id`,`widgetparam_id`),
  KEY `app_widget_widget_param_918d722a` (`widget_id`),
  KEY `app_widget_widget_param_82fc2b8` (`widgetparam_id`)
) ENGINE=InnoDB  DEFAULT CHARSET=utf8 AUTO_INCREMENT=453 ;

--
-- Dumping data for table `app_widget_widget_param`
--

INSERT INTO `app_widget_widget_param` (`id`, `widget_id`, `widgetparam_id`) VALUES
(14, 1, 1),
(15, 1, 52),
(21, 3, 1),
(25, 3, 14),
(23, 3, 27),
(24, 3, 43),
(22, 3, 44),
(131, 4, 3),
(132, 4, 49),
(449, 5, 1),
(450, 5, 27),
(451, 5, 46),
(452, 5, 59),
(34, 7, 1),
(31, 7, 18),
(30, 7, 19),
(29, 7, 20),
(28, 7, 27),
(32, 7, 40),
(33, 7, 41),
(55, 9, 1),
(56, 9, 19),
(51, 9, 24),
(52, 9, 27),
(53, 9, 46),
(54, 9, 54),
(138, 10, 1),
(140, 10, 13),
(142, 10, 19),
(139, 10, 24),
(141, 10, 27),
(60, 11, 1),
(64, 11, 19),
(62, 11, 23),
(63, 11, 27),
(61, 11, 54),
(143, 12, 1),
(144, 12, 13),
(146, 12, 23),
(145, 12, 27),
(70, 13, 1),
(74, 13, 19),
(73, 13, 22),
(72, 13, 27),
(71, 13, 54),
(152, 14, 1),
(154, 14, 13),
(153, 14, 19),
(156, 14, 22),
(155, 14, 27),
(129, 15, 25),
(130, 15, 40),
(81, 16, 1),
(82, 16, 48),
(90, 17, 1),
(86, 17, 18),
(85, 17, 19),
(84, 17, 20),
(87, 17, 28),
(83, 17, 39),
(88, 17, 40),
(89, 17, 41),
(105, 19, 1),
(101, 19, 16),
(102, 19, 19),
(100, 19, 24),
(104, 19, 28),
(103, 19, 54),
(116, 20, 1),
(114, 20, 16),
(112, 20, 19),
(111, 20, 23),
(115, 20, 28),
(113, 20, 54),
(13, 21, 1),
(9, 21, 16),
(10, 21, 19),
(8, 21, 22),
(12, 21, 28),
(11, 21, 54),
(26, 22, 1),
(27, 22, 48),
(35, 23, 1),
(434, 24, 1),
(435, 24, 18),
(433, 24, 32),
(436, 24, 34),
(36, 25, 1),
(37, 25, 51),
(38, 26, 1),
(39, 26, 51),
(440, 27, 1),
(441, 27, 50),
(442, 28, 1),
(443, 28, 18),
(444, 28, 76),
(94, 29, 1),
(95, 29, 42),
(93, 29, 55),
(97, 30, 25),
(96, 30, 55),
(99, 31, 25),
(98, 31, 55),
(162, 32, 25),
(91, 33, 1),
(92, 33, 58),
(16, 34, 1),
(47, 35, 1),
(20, 36, 1),
(168, 37, 1),
(165, 37, 19),
(164, 37, 20),
(163, 37, 24),
(166, 37, 28),
(167, 37, 41),
(180, 38, 1),
(177, 38, 19),
(175, 38, 20),
(176, 38, 23),
(178, 38, 28),
(179, 38, 41),
(128, 39, 1),
(125, 39, 19),
(123, 39, 20),
(124, 39, 22),
(126, 39, 36),
(127, 39, 41),
(65, 40, 1),
(69, 40, 19),
(67, 40, 27),
(68, 40, 45),
(66, 40, 54),
(147, 41, 1),
(149, 41, 13),
(148, 41, 19),
(150, 41, 27),
(151, 41, 45),
(186, 42, 1),
(182, 42, 19),
(181, 42, 20),
(184, 42, 28),
(185, 42, 41),
(183, 42, 45),
(122, 43, 1),
(117, 43, 16),
(118, 43, 19),
(121, 43, 28),
(120, 43, 45),
(119, 43, 54),
(75, 44, 1),
(78, 44, 19),
(77, 44, 22),
(76, 44, 27),
(79, 44, 56),
(80, 44, 60),
(157, 45, 1),
(159, 45, 13),
(158, 45, 19),
(161, 45, 22),
(160, 45, 27),
(106, 49, 1),
(110, 49, 19),
(109, 49, 28),
(108, 49, 52),
(107, 49, 61),
(173, 50, 1),
(170, 50, 19),
(169, 50, 20),
(171, 50, 36),
(172, 50, 41),
(174, 50, 61),
(57, 51, 1),
(58, 51, 19),
(59, 51, 63),
(49, 52, 1),
(50, 52, 19),
(48, 52, 55),
(135, 53, 1),
(136, 53, 19),
(137, 53, 50),
(17, 54, 1),
(18, 54, 64),
(19, 54, 65),
(445, 55, 1),
(446, 55, 27),
(447, 55, 46),
(448, 55, 59),
(244, 56, 1),
(245, 56, 19),
(243, 56, 27),
(246, 56, 62),
(248, 57, 1),
(249, 57, 19),
(247, 57, 27),
(250, 57, 62),
(271, 58, 1),
(272, 58, 19),
(273, 58, 36),
(274, 58, 62),
(289, 59, 1),
(292, 59, 19),
(293, 59, 20),
(290, 59, 36),
(291, 59, 41),
(294, 59, 62),
(313, 60, 1),
(314, 60, 19),
(316, 60, 62),
(315, 60, 69),
(309, 61, 1),
(310, 61, 19),
(312, 61, 62),
(311, 61, 69),
(317, 62, 1),
(318, 62, 19),
(320, 62, 62),
(319, 62, 69),
(305, 63, 1),
(306, 63, 19),
(308, 63, 62),
(307, 63, 69),
(400, 64, 1),
(406, 64, 19),
(401, 64, 70),
(402, 64, 71),
(403, 64, 72),
(404, 64, 73),
(405, 64, 74),
(365, 65, 1),
(371, 65, 19),
(366, 65, 70),
(367, 65, 71),
(368, 65, 72),
(369, 65, 73),
(370, 65, 74),
(372, 66, 1),
(378, 66, 19),
(373, 66, 70),
(374, 66, 71),
(375, 66, 72),
(376, 66, 73),
(377, 66, 74),
(379, 67, 1),
(385, 67, 19),
(380, 67, 70),
(381, 67, 71),
(382, 67, 72),
(383, 67, 73),
(384, 67, 74),
(407, 68, 1),
(414, 68, 19),
(413, 68, 50),
(408, 68, 70),
(409, 68, 71),
(410, 68, 72),
(411, 68, 73),
(412, 68, 74),
(393, 69, 1),
(399, 69, 19),
(394, 69, 70),
(395, 69, 71),
(396, 69, 72),
(397, 69, 73),
(398, 69, 74);

-- --------------------------------------------------------

--
-- Table structure for table `app_window`
--

CREATE TABLE IF NOT EXISTS `app_window` (
  `id` int(11) NOT NULL AUTO_INCREMENT,
  `name` varchar(50) NOT NULL,
  `key` varchar(50) NOT NULL,
  `size_y` smallint(6) NOT NULL,
  `size_x` smallint(6) NOT NULL,
  `layout` varchar(1) NOT NULL,
  PRIMARY KEY (`id`)
) ENGINE=InnoDB  DEFAULT CHARSET=utf8 AUTO_INCREMENT=44 ;

--
-- Dumping data for table `app_window`
--

INSERT INTO `app_window` (`id`, `name`, `key`, `size_y`, `size_x`, `layout`) VALUES
(1, 'FUND_NAME / Holdings Trade Tables and Graphs', 'w11', 6, 7, 'v'),
(2, 'FUND_NAME / Performance against Benchmarks', 'w16', 3, 7, 'v'),
(3, 'FUND_NAME / Historical Performance', 'w1', 3, 7, 'v'),
(4, 'FUND_NAME / DATE /  Holding Performance Bar Graph', 'w2', 3, 6, 'v'),
(5, 'FUND_NAME / DATE / Performance by Sector', 'w3', 3, 6, 'v'),
(6, 'FUND_NAME / DATE / Performance by Sub Sector', 'w4', 3, 6, 'v'),
(7, 'FUND_NAME / DATE / Performance by Location', 'w5', 3, 6, 'v'),
(8, 'FUND_NAME / Historical NAV Table', 'w6', 3, 7, 'v'),
(9, 'FUND_NAME / DATE / Allocation NAV Bar', 'w7', 3, 7, 'v'),
(10, 'FUND_NAME / NAV by Sector', 'w8', 2, 9, 'h'),
(11, 'FUND_NAME / NAV by Sub Sector', 'w9', 2, 9, 'h'),
(12, 'FUND_NAME / NAV by Location', 'w10', 2, 9, 'h'),
(13, 'FUND_NAME / Historical Statistics', 'w18', 6, 6, 'v'),
(14, 'FUND_NAME / Returns', 'w19', 2, 4, 'v'),
(15, 'FUND_NAME / Best Worst Months', 'w20', 2, 4, 'v'),
(16, 'FUND_NAME / Return Histogram', 'w22', 2, 2, 'v'),
(17, 'FUND_NAME / Correlation Matrix', 'w21', 2, 4, 'v'),
(18, 'FUND_NAME / Holdings Correlation Matrix ', 'w21-hold', 4, 6, 'v'),
(19, 'FUND_NAME / Performance in Negative Months', 'w24', 2, 4, 'v'),
(20, 'FUND_NAME /  Holding Liquity', 'w73', 6, 8, 'v'),
(21, 'FUND_NAME /  Redemption Tracker', 'w74', 6, 3, 'v'),
(22, 'FUND_NAME /  Cumulative Weight', 'w75', 6, 8, 'h'),
(23, 'FUND_NAME /  Summary', 'w15', 5, 6, 'v'),
(24, 'FUND_NAME /  Foreign Currency Positions and Hedges', 'w70', 2, 4, 'v'),
(25, 'FUND_NAME /  Share Holder Register', 'w12', 6, 5, 'v'),
(26, 'FUND_NAME /  Subscription and Redemptions', 'w23', 4, 6, 'v'),
(27, 'FUND_NAME / NAV Reconciliation', 'w25', 2, 6, 'v'),
(28, 'FUND_NAME /  Gross Assets Calculation', 'w13', 6, 9, 'v'),
(29, 'FUND_NAME / Performance by Asset Class', 'w4b', 3, 6, 'v'),
(30, 'FUND_NAME / NAV by Asset Class', 'w9b', 2, 9, 'h'),
(31, 'FUND_NAME / DATE / Performance by Location', 'w5b', 3, 6, 'v'),
(32, 'FUND_NAME /  Gross Assets Calculation', 'w13b', 6, 9, 'v'),
(33, 'FUND_NAME /  Gross Assets Calculation', 'w13c', 6, 9, 'v'),
(34, 'FUND_NAME / NAV by Sector', 'w8b', 2, 9, 'h'),
(35, 'FUND_NAME / Summary of Commitments ', 'w31', 6, 8, 'v'),
(36, 'FUND_NAME / Valuation & Cash Flows', 'w28', 6, 8, 'v'),
(37, 'FUND_NAME / Share Holder Register', 'w12b', 6, 7, 'v'),
(38, 'FUND_NAME / Historical Performance', 'w1b', 3, 7, 'v'),
(39, 'FUND_NAME / Performance by Type of Investment', 'w4c', 3, 6, 'v'),
(40, 'FUND_NAME / NAV by Invstment type', 'w9c', 2, 9, 'h'),
(41, 'FUND_NAME / Net movement % by Investment type', 'w26', 3, 7, 'v'),
(42, 'FUND_NAME / Net movement Euro by Investment type', 'w27', 3, 7, 'v');

-- --------------------------------------------------------

--
-- Table structure for table `app_window_access`
--

CREATE TABLE IF NOT EXISTS `app_window_access` (
  `id` int(11) NOT NULL AUTO_INCREMENT,
  `window_id` int(11) NOT NULL,
  `group_id` int(11) NOT NULL,
  PRIMARY KEY (`id`),
  UNIQUE KEY `window_id` (`window_id`,`group_id`),
  KEY `app_window_access_7343ffda` (`window_id`),
  KEY `app_window_access_bda51c3c` (`group_id`)
) ENGINE=InnoDB  DEFAULT CHARSET=utf8 AUTO_INCREMENT=116 ;

--
-- Dumping data for table `app_window_access`
--

INSERT INTO `app_window_access` (`id`, `window_id`, `group_id`) VALUES
(1, 1, 1),
(111, 2, 1),
(113, 3, 1),
(79, 4, 1),
(71, 5, 1),
(74, 6, 1),
(77, 7, 1),
(8, 8, 1),
(93, 9, 1),
(89, 10, 1),
(88, 11, 1),
(87, 12, 1),
(13, 13, 1),
(14, 14, 1),
(15, 15, 1),
(103, 16, 1),
(17, 17, 1),
(18, 18, 1),
(19, 19, 1),
(20, 20, 1),
(21, 21, 1),
(107, 22, 1),
(23, 23, 1),
(24, 24, 1),
(25, 25, 1),
(26, 26, 1),
(108, 27, 1),
(28, 28, 1),
(75, 29, 1),
(92, 30, 1),
(80, 31, 1),
(32, 32, 1),
(33, 33, 1),
(91, 34, 1),
(102, 35, 1),
(36, 36, 1),
(37, 37, 1),
(112, 38, 1),
(76, 39, 1),
(57, 40, 1),
(63, 41, 1),
(101, 42, 1);

-- --------------------------------------------------------

--
-- Table structure for table `auth_group`
--

CREATE TABLE IF NOT EXISTS `auth_group` (
  `id` int(11) NOT NULL AUTO_INCREMENT,
  `name` varchar(80) NOT NULL,
  PRIMARY KEY (`id`),
  UNIQUE KEY `name` (`name`)
) ENGINE=InnoDB  DEFAULT CHARSET=utf8 AUTO_INCREMENT=2 ;

--
-- Dumping data for table `auth_group`
--

INSERT INTO `auth_group` (`id`, `name`) VALUES
(1, 'manager');

-- --------------------------------------------------------

--
-- Table structure for table `auth_group_permissions`
--

CREATE TABLE IF NOT EXISTS `auth_group_permissions` (
  `id` int(11) NOT NULL AUTO_INCREMENT,
  `group_id` int(11) NOT NULL,
  `permission_id` int(11) NOT NULL,
  PRIMARY KEY (`id`),
  UNIQUE KEY `group_id` (`group_id`,`permission_id`),
  KEY `auth_group_permissions_bda51c3c` (`group_id`),
  KEY `auth_group_permissions_1e014c8f` (`permission_id`)
) ENGINE=InnoDB DEFAULT CHARSET=utf8 AUTO_INCREMENT=1 ;

-- --------------------------------------------------------

--
-- Table structure for table `auth_permission`
--

CREATE TABLE IF NOT EXISTS `auth_permission` (
  `id` int(11) NOT NULL AUTO_INCREMENT,
  `name` varchar(50) NOT NULL,
  `content_type_id` int(11) NOT NULL,
  `codename` varchar(100) NOT NULL,
  PRIMARY KEY (`id`),
  UNIQUE KEY `content_type_id` (`content_type_id`,`codename`),
  KEY `auth_permission_e4470c6e` (`content_type_id`)
) ENGINE=InnoDB  DEFAULT CHARSET=utf8 AUTO_INCREMENT=229 ;

--
-- Dumping data for table `auth_permission`
--

INSERT INTO `auth_permission` (`id`, `name`, `content_type_id`, `codename`) VALUES
(1, 'Can add permission', 1, 'add_permission'),
(2, 'Can change permission', 1, 'change_permission'),
(3, 'Can delete permission', 1, 'delete_permission'),
(4, 'Can add group', 2, 'add_group'),
(5, 'Can change group', 2, 'change_group'),
(6, 'Can delete group', 2, 'delete_group'),
(7, 'Can add user', 3, 'add_user'),
(8, 'Can change user', 3, 'change_user'),
(9, 'Can delete user', 3, 'delete_user'),
(10, 'Can add content type', 4, 'add_contenttype'),
(11, 'Can change content type', 4, 'change_contenttype'),
(12, 'Can delete content type', 4, 'delete_contenttype'),
(13, 'Can add session', 5, 'add_session'),
(14, 'Can change session', 5, 'change_session'),
(15, 'Can delete session', 5, 'delete_session'),
(16, 'Can add site', 6, 'add_site'),
(17, 'Can change site', 6, 'change_site'),
(18, 'Can delete site', 6, 'delete_site'),
(19, 'Can add log entry', 7, 'add_logentry'),
(20, 'Can change log entry', 7, 'change_logentry'),
(21, 'Can delete log entry', 7, 'delete_logentry'),
(22, 'Can add api access', 8, 'add_apiaccess'),
(23, 'Can change api access', 8, 'change_apiaccess'),
(24, 'Can delete api access', 8, 'delete_apiaccess'),
(25, 'Can add api key', 9, 'add_apikey'),
(26, 'Can change api key', 9, 'change_apikey'),
(27, 'Can delete api key', 9, 'delete_apikey'),
(28, 'Can add window', 10, 'add_window'),
(29, 'Can change window', 10, 'change_window'),
(30, 'Can delete window', 10, 'delete_window'),
(31, 'Can add widget type', 11, 'add_widgettype'),
(32, 'Can change widget type', 11, 'change_widgettype'),
(33, 'Can delete widget type', 11, 'delete_widgettype'),
(34, 'Can add widget param', 12, 'add_widgetparam'),
(35, 'Can change widget param', 12, 'change_widgetparam'),
(36, 'Can delete widget param', 12, 'delete_widgetparam'),
(37, 'Can add widget', 13, 'add_widget'),
(38, 'Can change widget', 13, 'change_widget'),
(39, 'Can delete widget', 13, 'delete_widget'),
(40, 'Can add page', 14, 'add_page'),
(41, 'Can change page', 14, 'change_page'),
(42, 'Can delete page', 14, 'delete_page'),
(43, 'Can add Window on page', 15, 'add_pagewindow'),
(44, 'Can change Window on page', 15, 'change_pagewindow'),
(45, 'Can delete Window on page', 15, 'delete_pagewindow'),
(46, 'Can add fund type', 16, 'add_fundtype'),
(47, 'Can change fund type', 16, 'change_fundtype'),
(48, 'Can delete fund type', 16, 'delete_fundtype'),
(49, 'Can add classification', 17, 'add_classification'),
(50, 'Can change classification', 17, 'change_classification'),
(51, 'Can delete classification', 17, 'delete_classification'),
(52, 'Can add custodian', 18, 'add_custodian'),
(53, 'Can change custodian', 18, 'change_custodian'),
(54, 'Can delete custodian', 18, 'delete_custodian'),
(55, 'Can add auditor', 19, 'add_auditor'),
(56, 'Can change auditor', 19, 'change_auditor'),
(57, 'Can delete auditor', 19, 'delete_auditor'),
(58, 'Can add administrator', 20, 'add_administrator'),
(59, 'Can change administrator', 20, 'change_administrator'),
(60, 'Can delete administrator', 20, 'delete_administrator'),
(61, 'Can add currency position month', 21, 'add_currencypositionmonth'),
(62, 'Can change currency position month', 21, 'change_currencypositionmonth'),
(63, 'Can delete currency position month', 21, 'delete_currencypositionmonth'),
(64, 'Can add fx rate', 22, 'add_fxrate'),
(65, 'Can change fx rate', 22, 'change_fxrate'),
(66, 'Can delete fx rate', 22, 'delete_fxrate'),
(67, 'Can add fx hedge', 23, 'add_fxhedge'),
(68, 'Can change fx hedge', 23, 'change_fxhedge'),
(69, 'Can delete fx hedge', 23, 'delete_fxhedge'),
(70, 'Can add fund', 24, 'add_fund'),
(71, 'Can change fund', 24, 'change_fund'),
(72, 'Can delete fund', 24, 'delete_fund'),
(73, 'Can add fund bench', 25, 'add_fundbench'),
(74, 'Can change fund bench', 25, 'change_fundbench'),
(75, 'Can delete fund bench', 25, 'delete_fundbench'),
(76, 'Can add fund bench hist', 26, 'add_fundbenchhist'),
(77, 'Can change fund bench hist', 26, 'change_fundbenchhist'),
(78, 'Can delete fund bench hist', 26, 'delete_fundbenchhist'),
(79, 'Can add menu', 27, 'add_menu'),
(80, 'Can change menu', 27, 'change_menu'),
(81, 'Can delete menu', 27, 'delete_menu'),
(82, 'Can add historic fund', 28, 'add_historicfund'),
(83, 'Can change historic fund', 28, 'change_historicfund'),
(84, 'Can delete historic fund', 28, 'delete_historicfund'),
(85, 'Can add client', 29, 'add_client'),
(86, 'Can change client', 29, 'change_client'),
(87, 'Can delete client', 29, 'delete_client'),
(88, 'Can add historic client', 30, 'add_historicclient'),
(89, 'Can change historic client', 30, 'change_historicclient'),
(90, 'Can delete historic client', 30, 'delete_historicclient'),
(91, 'Can add currency', 31, 'add_currency'),
(92, 'Can change currency', 31, 'change_currency'),
(93, 'Can delete currency', 31, 'delete_currency'),
(94, 'Can add country', 32, 'add_country'),
(95, 'Can change country', 32, 'change_country'),
(96, 'Can delete country', 32, 'delete_country'),
(97, 'Can add trade type', 33, 'add_tradetype'),
(98, 'Can change trade type', 33, 'change_tradetype'),
(99, 'Can delete trade type', 33, 'delete_tradetype'),
(100, 'Can add purchase sale', 34, 'add_purchasesale'),
(101, 'Can change purchase sale', 34, 'change_purchasesale'),
(102, 'Can delete purchase sale', 34, 'delete_purchasesale'),
(103, 'Can add trade', 35, 'add_trade'),
(104, 'Can change trade', 35, 'change_trade'),
(105, 'Can delete trade', 35, 'delete_trade'),
(106, 'Can add fee', 36, 'add_fee'),
(107, 'Can change fee', 36, 'change_fee'),
(108, 'Can delete fee', 36, 'delete_fee'),
(109, 'Can add historical fee', 37, 'add_historicalfee'),
(110, 'Can change historical fee', 37, 'change_historicalfee'),
(111, 'Can delete historical fee', 37, 'delete_historicalfee'),
(112, 'Can add expense', 38, 'add_expense'),
(113, 'Can change expense', 38, 'change_expense'),
(114, 'Can delete expense', 38, 'delete_expense'),
(115, 'Can add historical expense', 39, 'add_historicalexpense'),
(116, 'Can change historical expense', 39, 'change_historicalexpense'),
(117, 'Can delete historical expense', 39, 'delete_historicalexpense'),
(118, 'Can add counter party', 40, 'add_counterparty'),
(119, 'Can change counter party', 40, 'change_counterparty'),
(120, 'Can delete counter party', 40, 'delete_counterparty'),
(121, 'Can add holding', 41, 'add_holding'),
(122, 'Can change holding', 41, 'change_holding'),
(123, 'Can delete holding', 41, 'delete_holding'),
(124, 'Can add holding category', 42, 'add_holdingcategory'),
(125, 'Can change holding category', 42, 'change_holdingcategory'),
(126, 'Can delete holding category', 42, 'delete_holdingcategory'),
(127, 'Can add holding type', 43, 'add_holdingtype'),
(128, 'Can change holding type', 43, 'change_holdingtype'),
(129, 'Can delete holding type', 43, 'delete_holdingtype'),
(130, 'Can add hold perf month', 44, 'add_holdperfmonth'),
(131, 'Can change hold perf month', 44, 'change_holdperfmonth'),
(132, 'Can delete hold perf month', 44, 'delete_holdperfmonth'),
(133, 'Can add hold perf', 45, 'add_holdperf'),
(134, 'Can change hold perf', 45, 'change_holdperf'),
(135, 'Can delete hold perf', 45, 'delete_holdperf'),
(136, 'Can add country breakdown', 46, 'add_countrybreakdown'),
(137, 'Can change country breakdown', 46, 'change_countrybreakdown'),
(138, 'Can delete country breakdown', 46, 'delete_countrybreakdown'),
(139, 'Can add fund perf year', 47, 'add_fundperfyear'),
(140, 'Can change fund perf year', 47, 'change_fundperfyear'),
(141, 'Can delete fund perf year', 47, 'delete_fundperfyear'),
(142, 'Can add fund perf month', 48, 'add_fundperfmonth'),
(143, 'Can change fund perf month', 48, 'change_fundperfmonth'),
(144, 'Can delete fund perf month', 48, 'delete_fundperfmonth'),
(145, 'Can add fund perf', 49, 'add_fundperf'),
(146, 'Can change fund perf', 49, 'change_fundperf'),
(147, 'Can delete fund perf', 49, 'delete_fundperf'),
(148, 'Can add alarm', 50, 'add_alarm'),
(149, 'Can change alarm', 50, 'change_alarm'),
(150, 'Can delete alarm', 50, 'delete_alarm'),
(151, 'Can add benchmark', 51, 'add_benchmark'),
(152, 'Can change benchmark', 51, 'change_benchmark'),
(153, 'Can delete benchmark', 51, 'delete_benchmark'),
(154, 'Can add subscription redemption', 52, 'add_subscriptionredemption'),
(155, 'Can change subscription redemption', 52, 'change_subscriptionredemption'),
(156, 'Can delete subscription redemption', 52, 'delete_subscriptionredemption'),
(157, 'Can add client perf month', 53, 'add_clientperfmonth'),
(158, 'Can change client perf month', 53, 'change_clientperfmonth'),
(159, 'Can delete client perf month', 53, 'delete_clientperfmonth'),
(160, 'Can add currency', 54, 'add_currency'),
(161, 'Can change currency', 54, 'change_currency'),
(162, 'Can delete currency', 54, 'delete_currency'),
(163, 'Can add country', 55, 'add_country'),
(164, 'Can change country', 55, 'change_country'),
(165, 'Can delete country', 55, 'delete_country'),
(166, 'Can add custodian', 56, 'add_custodian'),
(167, 'Can change custodian', 56, 'change_custodian'),
(168, 'Can delete custodian', 56, 'delete_custodian'),
(169, 'Can add auditor', 57, 'add_auditor'),
(170, 'Can change auditor', 57, 'change_auditor'),
(171, 'Can delete auditor', 57, 'delete_auditor'),
(172, 'Can add administrator', 58, 'add_administrator'),
(173, 'Can change administrator', 58, 'change_administrator'),
(174, 'Can delete administrator', 58, 'delete_administrator'),
(175, 'Can add currency position', 59, 'add_currencyposition'),
(176, 'Can change currency position', 59, 'change_currencyposition'),
(177, 'Can delete currency position', 59, 'delete_currencyposition'),
(178, 'Can add fx rate', 60, 'add_fxrate'),
(179, 'Can change fx rate', 60, 'change_fxrate'),
(180, 'Can delete fx rate', 60, 'delete_fxrate'),
(181, 'Can add fx hedge', 61, 'add_fxhedge'),
(182, 'Can change fx hedge', 61, 'change_fxhedge'),
(183, 'Can delete fx hedge', 61, 'delete_fxhedge'),
(184, 'Can add fund', 62, 'add_fund'),
(185, 'Can change fund', 62, 'change_fund'),
(186, 'Can delete fund', 62, 'delete_fund'),
(187, 'Can add peer', 63, 'add_peer'),
(188, 'Can change peer', 63, 'change_peer'),
(189, 'Can delete peer', 63, 'delete_peer'),
(190, 'Can add client', 64, 'add_client'),
(191, 'Can change client', 64, 'change_client'),
(192, 'Can delete client', 64, 'delete_client'),
(193, 'Can add benchmark', 65, 'add_benchmark'),
(194, 'Can change benchmark', 65, 'change_benchmark'),
(195, 'Can delete benchmark', 65, 'delete_benchmark'),
(196, 'Can add category', 66, 'add_category'),
(197, 'Can change category', 66, 'change_category'),
(198, 'Can delete category', 66, 'delete_category'),
(199, 'Can add holding', 67, 'add_holding'),
(200, 'Can change holding', 67, 'change_holding'),
(201, 'Can delete holding', 67, 'delete_holding'),
(202, 'Can add trade', 68, 'add_trade'),
(203, 'Can change trade', 68, 'change_trade'),
(204, 'Can delete trade', 68, 'delete_trade'),
(205, 'Can add country breakdown', 69, 'add_countrybreakdown'),
(206, 'Can change country breakdown', 69, 'change_countrybreakdown'),
(207, 'Can delete country breakdown', 69, 'delete_countrybreakdown'),
(208, 'Can add holding breakdown', 70, 'add_holdingbreakdown'),
(209, 'Can change holding breakdown', 70, 'change_holdingbreakdown'),
(210, 'Can delete holding breakdown', 70, 'delete_holdingbreakdown'),
(211, 'Can add subscription redemption', 71, 'add_subscriptionredemption'),
(212, 'Can change subscription redemption', 71, 'change_subscriptionredemption'),
(213, 'Can delete subscription redemption', 71, 'delete_subscriptionredemption'),
(214, 'Can add benchmark history', 72, 'add_benchmarkhistory'),
(215, 'Can change benchmark history', 72, 'change_benchmarkhistory'),
(216, 'Can delete benchmark history', 72, 'delete_benchmarkhistory'),
(217, 'Can add holding history', 73, 'add_holdinghistory'),
(218, 'Can change holding history', 73, 'change_holdinghistory'),
(219, 'Can delete holding history', 73, 'delete_holdinghistory'),
(220, 'Can add fund history', 74, 'add_fundhistory'),
(221, 'Can change fund history', 74, 'change_fundhistory'),
(222, 'Can delete fund history', 74, 'delete_fundhistory'),
(223, 'Can add client history', 75, 'add_clienthistory'),
(224, 'Can change client history', 75, 'change_clienthistory'),
(225, 'Can delete client history', 75, 'delete_clienthistory'),
(226, 'Can add entry', 76, 'add_entry'),
(227, 'Can change entry', 76, 'change_entry'),
(228, 'Can delete entry', 76, 'delete_entry');

-- --------------------------------------------------------

--
-- Table structure for table `auth_user`
--

CREATE TABLE IF NOT EXISTS `auth_user` (
  `id` int(11) NOT NULL AUTO_INCREMENT,
  `username` varchar(30) NOT NULL,
  `first_name` varchar(30) NOT NULL,
  `last_name` varchar(30) NOT NULL,
  `email` varchar(75) NOT NULL,
  `password` varchar(128) NOT NULL,
  `is_staff` tinyint(1) NOT NULL,
  `is_active` tinyint(1) NOT NULL,
  `is_superuser` tinyint(1) NOT NULL,
  `last_login` datetime NOT NULL,
  `date_joined` datetime NOT NULL,
  PRIMARY KEY (`id`),
  UNIQUE KEY `username` (`username`)
) ENGINE=InnoDB  DEFAULT CHARSET=utf8 AUTO_INCREMENT=2 ;

--
-- Dumping data for table `auth_user`
--

INSERT INTO `auth_user` (`id`, `username`, `first_name`, `last_name`, `email`, `password`, `is_staff`, `is_active`, `is_superuser`, `last_login`, `date_joined`) VALUES
(1, 'andy', '', '', 'asdf@asdf.cm', 'pbkdf2_sha256$10000$l8bXV0IQO3vt$5K40ZfpJsZ415w++TboOA0H9Qs83V+8rO6Dm1kURo5w=', 1, 1, 1, '2013-07-06 23:14:22', '2013-05-28 15:18:21');

-- --------------------------------------------------------

--
-- Table structure for table `auth_user_groups`
--

CREATE TABLE IF NOT EXISTS `auth_user_groups` (
  `id` int(11) NOT NULL AUTO_INCREMENT,
  `user_id` int(11) NOT NULL,
  `group_id` int(11) NOT NULL,
  PRIMARY KEY (`id`),
  UNIQUE KEY `user_id` (`user_id`,`group_id`),
  KEY `auth_user_groups_fbfc09f1` (`user_id`),
  KEY `auth_user_groups_bda51c3c` (`group_id`)
) ENGINE=InnoDB DEFAULT CHARSET=utf8 AUTO_INCREMENT=1 ;

-- --------------------------------------------------------

--
-- Table structure for table `auth_user_user_permissions`
--

CREATE TABLE IF NOT EXISTS `auth_user_user_permissions` (
  `id` int(11) NOT NULL AUTO_INCREMENT,
  `user_id` int(11) NOT NULL,
  `permission_id` int(11) NOT NULL,
  PRIMARY KEY (`id`),
  UNIQUE KEY `user_id` (`user_id`,`permission_id`),
  KEY `auth_user_user_permissions_fbfc09f1` (`user_id`),
  KEY `auth_user_user_permissions_1e014c8f` (`permission_id`)
) ENGINE=InnoDB DEFAULT CHARSET=utf8 AUTO_INCREMENT=1 ;

-- --------------------------------------------------------

--
-- Table structure for table `django_admin_log`
--

CREATE TABLE IF NOT EXISTS `django_admin_log` (
  `id` int(11) NOT NULL AUTO_INCREMENT,
  `action_time` datetime NOT NULL,
  `user_id` int(11) NOT NULL,
  `content_type_id` int(11) DEFAULT NULL,
  `object_id` longtext,
  `object_repr` varchar(200) NOT NULL,
  `action_flag` smallint(5) unsigned NOT NULL,
  `change_message` longtext NOT NULL,
  PRIMARY KEY (`id`),
  KEY `django_admin_log_fbfc09f1` (`user_id`),
  KEY `django_admin_log_e4470c6e` (`content_type_id`)
) ENGINE=InnoDB  DEFAULT CHARSET=utf8 AUTO_INCREMENT=1259 ;

--
-- Dumping data for table `django_admin_log`
--

INSERT INTO `django_admin_log` (`id`, `action_time`, `user_id`, `content_type_id`, `object_id`, `object_repr`, `action_flag`, `change_message`) VALUES
(1, '2013-05-28 15:39:44', 1, 12, '19', 'value_date__year=YEAR', 1, ''),
(2, '2013-05-28 15:39:53', 1, 12, '20', 'value_date__month=MONTH', 1, ''),
(3, '2013-05-28 15:40:08', 1, 13, '5', 'W1 - Data Table', 2, 'Changed widget_param.'),
(4, '2013-05-28 15:48:36', 1, 13, '7', 'W2 - Fund Holding Performance Bar Graph', 2, 'Changed widget_param.'),
(5, '2013-05-28 15:48:52', 1, 12, '21', 'value_date=DATE', 1, ''),
(6, '2013-05-28 15:49:15', 1, 13, '7', 'W2 - Fund Holding Performance Bar Graph', 2, 'Changed key and widget_param.'),
(7, '2013-05-28 15:57:12', 1, 13, '9', 'W3 - Fund Performance Data Table', 2, 'Changed widget_param.'),
(8, '2013-05-28 15:58:16', 1, 12, '22', 'holding_category__holding_group=loc', 1, ''),
(9, '2013-05-28 15:58:21', 1, 12, '23', 'holding_category__holding_group=sub', 1, ''),
(10, '2013-05-28 15:58:29', 1, 12, '24', 'holding_category__holding_group=sec', 1, ''),
(11, '2013-05-28 15:59:24', 1, 13, '9', 'W3 - Fund Performance Data Table', 2, 'Changed key and widget_param.'),
(12, '2013-05-28 16:00:14', 1, 13, '11', 'W4 - Performance by Sub Sector Table', 2, 'Changed key and widget_param.'),
(13, '2013-05-28 16:01:00', 1, 13, '13', 'W5 - Performance by Location Table', 2, 'Changed key and widget_param.'),
(14, '2013-05-28 16:10:28', 1, 13, '10', 'W3 -  Performance by Sector Bar Chart', 2, 'Changed name and widget_param.'),
(15, '2013-05-28 16:11:32', 1, 13, '10', 'W3 -  Performance by Sector Bar Chart', 2, 'Changed key.'),
(16, '2013-05-28 16:11:38', 1, 13, '12', 'W4 - Fund Hold Performance Bar Chart', 2, 'Changed key.'),
(17, '2013-05-28 16:11:38', 1, 13, '14', 'W5 - Performance by Location Bar Chart', 2, 'Changed key.'),
(18, '2013-05-28 16:12:12', 1, 13, '12', 'W4 - Fund Hold Performance Bar Chart', 2, 'Changed widget_param.'),
(19, '2013-05-28 16:12:38', 1, 13, '12', 'W4 - Performance by Sub-Sector Bar Chart', 2, 'Changed name.'),
(20, '2013-05-28 16:13:04', 1, 13, '14', 'W5 - Performance by Location Bar Chart', 2, 'Changed widget_param.'),
(21, '2013-05-28 16:20:21', 1, 13, '1', 'W11 - Data Table', 2, 'Changed key.'),
(22, '2013-05-28 16:43:05', 1, 13, '3', 'W16 - Line Graph', 2, 'Changed key.'),
(23, '2013-05-28 17:32:09', 1, 13, '4', 'W16 - Data Table', 2, 'Changed key.'),
(24, '2013-05-28 17:35:33', 1, 13, '2', 'W11 - Holding Price Line Graph', 2, 'Changed name and key.'),
(25, '2013-05-28 17:35:49', 1, 12, '25', 'holding_fund=FUND', 1, ''),
(26, '2013-05-28 17:36:22', 1, 13, '2', 'W11 - Holding Price Line Graph', 2, 'Changed widget_param.'),
(27, '2013-05-28 17:39:21', 1, 13, '15', 'W11 - Trade Volume Bar Graph', 1, ''),
(28, '2013-05-28 17:57:46', 1, 13, '2', 'W11 - Holding Price Line Graph', 3, ''),
(29, '2013-05-28 17:58:47', 1, 28, '1', 'Trade object', 1, ''),
(30, '2013-05-28 17:58:49', 1, 13, '6', 'W1 - Month Table', 2, 'Changed key.'),
(31, '2013-05-28 17:59:31', 1, 28, '2', 'Trade object', 1, ''),
(32, '2013-05-28 18:00:04', 1, 28, '3', 'Trade object', 1, ''),
(33, '2013-05-28 18:00:39', 1, 28, '4', 'Trade object', 1, ''),
(34, '2013-05-28 18:00:50', 1, 13, '6', 'W1 - Month Table', 2, 'Changed widget_param.'),
(35, '2013-05-28 18:01:14', 1, 28, '5', 'Trade object', 1, ''),
(36, '2013-05-28 18:50:04', 1, 13, '1', 'W11 - Data Table', 2, 'Changed key.'),
(37, '2013-05-28 21:34:47', 1, 2, '1', 'manager', 1, ''),
(38, '2013-05-28 21:35:03', 1, 10, '8', 'W7 - Fund Historical NAV ', 1, ''),
(39, '2013-05-28 21:35:27', 1, 15, '8', 'Asset Allocation / W7 - Fund Historical NAV ', 1, ''),
(40, '2013-05-28 21:49:19', 1, 13, '16', 'W7 - Fund Historical NAV ', 1, ''),
(41, '2013-05-28 21:56:48', 1, 13, '16', 'W7 - Fund Historical NAV ', 2, 'Changed size_x.'),
(42, '2013-05-28 21:56:59', 1, 10, '8', 'W7 - Fund Historical NAV ', 2, 'Changed size_x. Changed position for widget "W7 - Fund Historical NAV ".'),
(43, '2013-05-28 21:57:09', 1, 15, '8', 'Asset Allocation / W7 - Fund Historical NAV ', 2, 'Changed size_x.'),
(44, '2013-05-28 21:57:37', 1, 15, '8', 'Asset Allocation / W7 - Fund Historical NAV ', 2, 'Changed size_y and size_x.'),
(45, '2013-05-28 21:57:55', 1, 13, '16', 'W7 - Fund Historical NAV ', 2, 'Changed size_y.'),
(46, '2013-05-28 21:58:17', 1, 13, '16', 'W7 - Fund Historical NAV ', 2, 'Changed size_x.'),
(47, '2013-05-28 21:59:02', 1, 13, '16', 'W6 - Fund Historical NAV ', 2, 'Changed name.'),
(48, '2013-05-28 21:59:14', 1, 10, '8', 'W6 - Fund Historical NAV ', 2, 'Changed name.'),
(49, '2013-05-28 22:00:10', 1, 10, '8', 'W6 - Fund Historical NAV Table', 2, 'Changed name.'),
(50, '2013-05-28 22:02:20', 1, 10, '9', 'W6 - Fund Historical NAV Bar', 1, ''),
(51, '2013-05-28 22:03:22', 1, 15, '9', 'Asset Allocation / W6 - Fund Historical NAV Bar', 1, ''),
(52, '2013-05-28 22:03:35', 1, 10, '9', 'W7 - Fund Historical NAV Bar', 2, 'Changed name and key.'),
(53, '2013-05-28 22:03:52', 1, 10, '9', 'W7 - Fund Allocation NAV Bar', 2, 'Changed name.'),
(54, '2013-05-28 22:29:24', 1, 13, '17', 'W7 - Fund Historical NAV Bar', 2, 'Changed name.'),
(55, '2013-05-29 09:53:22', 1, 13, '5', 'W1 - Data Table', 2, 'Changed size_y and size_x.'),
(56, '2013-05-29 09:53:55', 1, 13, '7', 'W2 - Fund Holding Performance Bar Graph', 2, 'Changed size_y and size_x.'),
(57, '2013-05-29 09:54:08', 1, 13, '7', 'W2 - Fund Holding Performance Bar Graph', 2, 'Changed size_y and size_x.'),
(58, '2013-05-29 09:54:23', 1, 13, '17', 'W7 - Fund Historical NAV Bar', 2, 'Changed size_x.'),
(59, '2013-05-29 09:54:33', 1, 13, '16', 'W6 - Fund Historical NAV ', 2, 'Changed size_y and size_x.'),
(60, '2013-05-29 09:55:02', 1, 10, '8', 'W6 - Fund Historical NAV Table', 2, 'Changed size_x.'),
(61, '2013-05-29 09:55:26', 1, 15, '8', 'Asset Allocation / W6 - Fund Historical NAV Table', 2, 'Changed size_y and size_x.'),
(62, '2013-05-29 09:55:36', 1, 15, '9', 'Asset Allocation / W7 - Fund Allocation NAV Bar', 2, 'Changed size_x.'),
(63, '2013-05-29 09:58:14', 1, 15, '10', 'Asset Allocation / W11 - Gale B Holdings Trade Tables and Graphs', 1, ''),
(64, '2013-05-29 09:59:44', 1, 15, '10', 'Asset Allocation / W11 - Gale B Holdings Trade Tables and Graphs', 2, 'Changed size_x, col and row.'),
(65, '2013-05-29 10:06:46', 1, 10, '10', 'W8 - Fund NAV by Sector', 1, ''),
(66, '2013-05-29 10:07:29', 1, 15, '11', 'Asset Allocation / W8 - Fund NAV by Sector', 1, ''),
(67, '2013-05-29 10:08:13', 1, 15, '11', 'Asset Allocation / W8 - Fund NAV by Sector', 2, 'Changed size_y and size_x.'),
(68, '2013-05-29 10:08:25', 1, 10, '10', 'W8 - Fund NAV by Sector', 2, 'Changed size_y and size_x.'),
(69, '2013-05-29 10:40:55', 1, 15, '10', 'Asset Allocation / W11 - Gale B Holdings Trade Tables and Graphs', 2, 'Changed size_y.'),
(70, '2013-05-29 10:44:20', 1, 15, '10', 'Asset Allocation / W11 - Gale B Holdings Trade Tables and Graphs', 2, 'Changed size_x.'),
(71, '2013-05-29 20:51:13', 1, 12, '26', 'year__fund=FUND', 1, ''),
(72, '2013-05-29 20:52:22', 1, 13, '11', 'W4 - Performance by Sub Sector Table', 2, 'Changed widget_param.'),
(73, '2013-05-29 20:52:40', 1, 13, '13', 'W5 - Performance by Location Table', 2, 'Changed widget_param.'),
(74, '2013-05-29 20:53:41', 1, 13, '11', 'W4 - Performance by Sub Sector Table', 2, 'Changed widget_param.'),
(75, '2013-05-29 20:53:55', 1, 13, '13', 'W5 - Performance by Location Table', 2, 'Changed widget_param.'),
(76, '2013-05-29 20:54:32', 1, 13, '10', 'W3 -  Performance by Sector Bar Chart', 2, 'Changed widget_param.'),
(77, '2013-05-29 20:54:47', 1, 13, '14', 'W5 - Performance by Location Bar Chart', 2, 'Changed widget_param.'),
(78, '2013-05-29 22:07:30', 1, 13, '18', 'W8 - Fund NAV by Sector Pie Chart', 1, ''),
(79, '2013-05-29 22:15:28', 1, 13, '19', 'W8 - Fund NAV by Location Table', 1, ''),
(80, '2013-05-29 22:15:47', 1, 10, '10', 'W8 - Fund NAV by Sector', 2, 'Changed layout. Changed position for widget "W8 - Fund NAV by Location Table".'),
(81, '2013-05-29 22:18:41', 1, 10, '10', 'W8 - Fund NAV by Sector', 2, 'Changed size_y and size_x. Changed size_x for widget "W8 - Fund NAV by Location Table". Changed size_x for widget "W8 - Fund NAV by Sector Pie Chart".'),
(82, '2013-05-29 22:20:16', 1, 15, '11', 'Asset Allocation / W8 - Fund NAV by Sector', 2, 'Changed size_y and size_x.'),
(83, '2013-05-29 22:54:45', 1, 10, '10', 'W8 - Fund NAV by Sector', 2, 'No fields changed.'),
(84, '2013-05-29 22:55:48', 1, 11, '9', 'Euro Percent Table', 1, ''),
(85, '2013-05-29 22:56:09', 1, 10, '10', 'W8 - Fund NAV by Sector', 2, 'Changed widget_type for widget "W8 - Fund NAV by Location Table".'),
(86, '2013-05-29 23:21:48', 1, 12, '27', 'fields=value', 1, ''),
(87, '2013-05-29 23:21:54', 1, 12, '28', 'fields=nav', 1, ''),
(88, '2013-05-29 23:22:11', 1, 12, '29', 'fields=weight', 1, ''),
(89, '2013-05-29 23:26:22', 1, 13, '9', 'W3 - Fund Performance Data Table', 2, 'Changed widget_param.'),
(90, '2013-05-29 23:26:31', 1, 13, '11', 'W4 - Performance by Sub Sector Table', 2, 'Changed widget_param.'),
(91, '2013-05-29 23:26:46', 1, 13, '13', 'W5 - Performance by Location Table', 2, 'Changed widget_param.'),
(92, '2013-05-29 23:52:55', 1, 13, '19', 'W8 - Fund NAV by Location Table', 2, 'Changed key and widget_param.'),
(93, '2013-05-30 00:43:24', 1, 13, '19', 'W8 - % of Fund NAV by Location Table', 2, 'Changed name.'),
(94, '2013-05-30 00:43:46', 1, 12, '30', 'title=%', 1, ''),
(95, '2013-05-30 00:44:24', 1, 12, '31', 'title=% of Fund', 1, ''),
(96, '2013-05-30 00:45:41', 1, 12, '30', 'title=', 2, 'Changed value.'),
(97, '2013-05-30 00:46:45', 1, 13, '19', 'W8 -  Fund NAV by Location Table', 2, 'Changed name and widget_param.'),
(98, '2013-05-30 00:53:18', 1, 13, '19', 'W8 - Euro Fund NAV by Location Table', 2, 'Changed name.'),
(99, '2013-05-30 00:55:33', 1, 13, '19', 'W8 - Euro Fund NAV by Location Table', 2, 'Changed widget_param.'),
(100, '2013-05-30 01:32:27', 1, 13, '19', 'W8 - Euro Fund NAV by Location Table', 2, 'Changed widget_param.'),
(101, '2013-05-30 01:39:15', 1, 10, '10', 'W8 - Fund NAV by Sector', 2, 'Changed size_x. Changed size_y and size_x for widget "W8 - Euro Fund NAV by Location Table".'),
(102, '2013-05-30 01:39:28', 1, 15, '11', 'Asset Allocation / W8 - Fund NAV by Sector', 2, 'Changed size_x.'),
(103, '2013-05-30 09:25:59', 1, 10, '10', 'W8 - Fund NAV by Sector', 2, 'Changed size_x.'),
(104, '2013-05-30 09:46:47', 1, 13, '18', 'W8 - Fund NAV by Sector Pie Chart', 3, ''),
(105, '2013-05-30 09:57:18', 1, 10, '10', 'W8 - Fund NAV by Sector', 2, 'Changed size_x. Changed size_x for widget "W8 - Euro Fund NAV by Location Table".'),
(106, '2013-05-30 09:57:49', 1, 15, '11', 'Asset Allocation / W8 - Fund NAV by Sector', 2, 'Changed size_x.'),
(107, '2013-05-30 09:58:07', 1, 10, '10', 'W8 - Fund NAV by Sector', 2, 'Changed size_x. Changed size_x for widget "W8 - Euro Fund NAV by Location Table".'),
(108, '2013-05-30 10:04:20', 1, 10, '10', 'W8 - Fund NAV by Sector', 2, 'Changed widget_param for widget "W8 - Euro Fund NAV by Location Table".'),
(109, '2013-05-30 10:07:29', 1, 13, '19', 'W8 - Euro Fund NAV by Sector Table', 2, 'Changed name.'),
(110, '2013-05-30 10:11:19', 1, 13, '19', 'W8 - Euro Fund NAV by Sector Table', 2, 'Changed widget_param.'),
(111, '2013-05-30 10:12:17', 1, 10, '11', 'W9 - Fund NAV by Sub Sector', 1, ''),
(112, '2013-05-30 10:12:52', 1, 15, '12', 'Asset Allocation / W9 - Fund NAV by Sub Sector', 1, ''),
(113, '2013-05-30 10:13:35', 1, 15, '12', 'Asset Allocation / W9 - Fund NAV by Sub Sector', 2, 'Changed size_x.'),
(114, '2013-05-30 10:15:12', 1, 13, '20', 'W9 - Euro Fund NAV by Sub Sector Table', 2, 'Changed widget_param.'),
(115, '2013-05-30 10:17:32', 1, 10, '12', 'W10 - Euro Fund NAV by Location Table', 1, ''),
(116, '2013-05-30 11:08:05', 1, 15, '13', 'Asset Allocation / W10 - Euro Fund NAV by Location Table', 1, ''),
(117, '2013-05-30 11:46:56', 1, 15, '13', 'Asset Allocation / W10 - Euro Fund NAV by Location Table', 2, 'Changed size_x.'),
(118, '2013-05-30 11:47:04', 1, 15, '12', 'Asset Allocation / W9 - Fund NAV by Sub Sector', 2, 'Changed size_x.'),
(119, '2013-05-30 11:47:16', 1, 15, '11', 'Asset Allocation / W8 - Fund NAV by Sector', 2, 'Changed size_x.'),
(120, '2013-05-30 11:47:34', 1, 10, '12', 'W10 - Euro Fund NAV by Location Table', 2, 'Changed size_x. Changed size_x for widget "W10 - Euro Fund NAV by Location Table".'),
(121, '2013-05-30 11:47:44', 1, 10, '11', 'W9 - Fund NAV by Sub Sector', 2, 'Changed size_x. Changed size_x for widget "W9 - Euro Fund NAV by Sub Sector Table".'),
(122, '2013-05-30 11:47:55', 1, 10, '10', 'W8 - Fund NAV by Sector', 2, 'Changed size_x. Changed size_x for widget "W8 - Euro Fund NAV by Sector Table".'),
(123, '2013-05-31 14:51:37', 1, 12, '27', 'fields=performance', 2, 'Changed value.'),
(124, '2013-05-31 14:52:51', 1, 13, '5', 'W1 - Data Table', 2, 'Changed widget_param.'),
(125, '2013-05-31 15:14:47', 1, 10, '13', 'W18', 1, ''),
(126, '2013-05-31 15:15:29', 1, 15, '14', 'Stats / W18', 1, ''),
(127, '2013-05-31 15:15:36', 1, 15, '14', 'Stats / W18', 2, 'Changed col.'),
(128, '2013-06-01 15:52:06', 1, 13, '7', 'W2 - Fund Holding Performance Bar Graph', 2, 'Changed widget_param.'),
(129, '2013-06-01 15:52:53', 1, 13, '7', 'W2 - Fund Holding Performance Bar Graph', 2, 'Changed widget_param.'),
(130, '2013-06-01 15:53:45', 1, 13, '10', 'W3 -  Performance by Sector Bar Chart', 2, 'Changed widget_param.'),
(131, '2013-06-01 15:53:54', 1, 13, '12', 'W4 - Performance by Sub-Sector Bar Chart', 2, 'Changed widget_param.'),
(132, '2013-06-01 15:54:02', 1, 13, '14', 'W5 - Performance by Location Bar Chart', 2, 'Changed widget_param.'),
(133, '2013-06-01 16:00:25', 1, 13, '3', 'W16 - Line Graph', 2, 'Changed widget_param.'),
(134, '2013-06-03 22:15:27', 1, 28, '1', 'Trade object', 1, ''),
(135, '2013-06-03 22:16:54', 1, 28, '2', 'Trade object', 1, ''),
(136, '2013-06-03 22:18:16', 1, 28, '3', 'Trade object', 1, ''),
(137, '2013-06-04 13:42:02', 1, 20, '5', 'Gale B', 2, 'Changed fund.'),
(138, '2013-06-04 13:43:18', 1, 14, '26', 'Fund (Fund of Fund) / Liquidity', 1, ''),
(139, '2013-06-04 15:17:29', 1, 28, '1', 'Trade object', 1, ''),
(140, '2013-06-04 17:35:38', 1, 20, '5', 'Gale B', 2, 'Changed fund.'),
(141, '2013-06-04 17:43:56', 1, 10, '20', 'W73 Holding Liquity', 1, ''),
(142, '2013-06-04 17:44:16', 1, 15, '21', 'Liquidity / W73 Holding Liquity', 1, ''),
(143, '2013-06-04 17:45:53', 1, 10, '20', 'W73 Holding Liquity', 2, 'Changed size_x. Changed size_x for widget "W73 Holding Liquidity Table ".'),
(144, '2013-06-04 17:48:24', 1, 10, '20', 'W73 Holding Liquity', 2, 'Changed size_x. Changed size_x for widget "W73 Holding Liquidity Table ".'),
(145, '2013-06-04 19:15:58', 1, 34, '1', '1', 2, 'Changed fund.'),
(146, '2013-06-04 19:16:34', 1, 34, '1', '1', 2, 'Changed fund.'),
(147, '2013-06-04 20:57:00', 1, 10, '21', 'W74 - Redemption Tracker', 1, ''),
(148, '2013-06-04 20:57:34', 1, 15, '22', 'Liquidity / W74 - Redemption Tracker', 1, ''),
(149, '2013-06-05 01:57:54', 1, 11, '10', 'Double Y Chart', 1, ''),
(150, '2013-06-05 01:58:47', 1, 10, '22', 'W75 - Cumulative Weight', 1, ''),
(151, '2013-06-05 01:59:10', 1, 15, '23', 'Liquidity / W75 - Cumulative Weight', 1, ''),
(152, '2013-06-05 02:01:19', 1, 10, '22', 'W75 - Cumulative Weight', 2, 'Changed size_x. Changed size_x for widget "W75 - Cumulative Weight Table". Changed widget_param for widget "W75 - Cumulative Weight Graph".'),
(153, '2013-06-05 14:00:24', 1, 10, '22', 'W75 - Cumulative Weight', 2, 'No fields changed.'),
(154, '2013-06-05 14:03:18', 1, 10, '22', 'W75 - Cumulative Weight', 2, 'Changed key and widget_type for widget "W75 - Cumulative Weight Graph".'),
(155, '2013-06-05 14:12:32', 1, 10, '22', 'W75 - Cumulative Weight', 2, 'Changed size_x.'),
(156, '2013-06-05 14:12:55', 1, 10, '22', 'W75 - Cumulative Weight', 2, 'Changed size_y.'),
(157, '2013-06-05 17:53:25', 1, 10, '22', 'W75 - Cumulative Weight', 2, 'Changed key and widget_type for widget "W75 - Cumulative Weight Graph".'),
(158, '2013-06-05 17:55:06', 1, 10, '22', 'W75 - Cumulative Weight', 2, 'Changed size_y and size_x.'),
(159, '2013-06-05 18:24:26', 1, 28, '2', 'Trade object', 1, ''),
(160, '2013-06-05 18:37:24', 1, 28, '3', 'Trade object', 1, ''),
(161, '2013-06-05 18:39:25', 1, 28, '4', 'Trade object', 1, ''),
(162, '2013-06-05 18:40:13', 1, 28, '5', 'Trade object', 1, ''),
(163, '2013-06-06 11:30:40', 1, 14, '27', 'Fund (Fund of Fund) / Fund Configuration', 1, ''),
(164, '2013-06-06 11:31:15', 1, 20, '70', 'Fund Configuration', 1, ''),
(165, '2013-06-06 20:08:45', 1, 20, '1', 'John Smith''s Administrators', 1, ''),
(166, '2013-06-06 20:09:21', 1, 19, '1', 'KMPG', 1, ''),
(167, '2013-06-06 20:09:41', 1, 17, '1', 'b&e', 1, ''),
(168, '2013-06-06 20:10:11', 1, 38, '3', 'CounterParty object', 1, ''),
(169, '2013-06-06 20:10:17', 1, 38, '4', 'CounterParty object', 1, ''),
(170, '2013-06-06 20:11:40', 1, 18, '1', 'Credit Suisse', 1, ''),
(171, '2013-06-06 20:45:30', 1, 27, '1', 'Daniel / Klasson', 1, ''),
(172, '2013-06-06 22:14:08', 1, 25, '70', 'Fund Configuration', 2, 'Changed fund.'),
(173, '2013-06-06 22:15:26', 1, 10, '23', 'W15 - Fund Summary', 1, ''),
(174, '2013-06-07 09:06:13', 1, 15, '24', 'Fund Configuration / W15 - Fund Summary', 1, ''),
(175, '2013-06-07 09:09:30', 1, 25, '70', 'Fund Configuration', 2, 'Changed page.'),
(176, '2013-06-07 09:11:40', 1, 25, '70', 'HSBC Funds / Fund Configuration', 2, 'Changed parent and page.'),
(177, '2013-06-07 09:12:17', 1, 25, '70', 'Fund Configuration', 2, 'Changed parent.'),
(178, '2013-06-07 09:25:13', 1, 15, '24', 'Fund Configuration / W15 - Fund Summary', 2, 'Changed page.'),
(179, '2013-06-07 09:26:48', 1, 15, '24', 'Fund Configuration / W15 - Fund Summary', 2, 'Changed page.'),
(180, '2013-06-07 09:27:20', 1, 25, '70', 'Fund Configuration', 2, 'Changed page.'),
(181, '2013-06-07 09:28:06', 1, 14, '8', 'Fund (Fund of Fund) / Fund Configuration', 3, ''),
(182, '2013-06-07 09:29:17', 1, 25, '70', 'Fund Configuration', 2, 'Changed page.'),
(183, '2013-06-07 09:35:18', 1, 25, '70', 'Fund Configuration', 2, 'Changed page.'),
(184, '2013-06-07 12:04:57', 1, 40, '14', 'Euro', 1, ''),
(185, '2013-06-07 12:07:18', 1, 40, '14', 'Euro', 2, 'Changed holding_group.'),
(186, '2013-06-07 12:07:30', 1, 40, '15', 'USD', 1, ''),
(187, '2013-06-07 12:07:38', 1, 40, '16', 'CHF', 1, ''),
(188, '2013-06-07 12:09:56', 1, 21, '1', 'FxHedge object', 1, ''),
(189, '2013-06-07 12:10:28', 1, 21, '2', 'FxHedge object', 1, ''),
(190, '2013-06-07 12:10:57', 1, 21, '3', 'FxHedge object', 1, ''),
(191, '2013-06-07 12:12:10', 1, 21, '1', 'FxHedge object', 2, 'Changed trade_date and settlement_date.'),
(192, '2013-06-07 12:47:04', 1, 66, '1', 'CurrencyPosition object', 1, ''),
(193, '2013-06-07 12:47:17', 1, 66, '2', 'CurrencyPosition object', 1, ''),
(194, '2013-06-07 13:14:40', 1, 66, '2', 'CurrencyPosition object', 2, 'Changed fund.'),
(195, '2013-06-07 13:14:47', 1, 66, '1', 'CurrencyPosition object', 2, 'Changed fund.'),
(196, '2013-06-07 14:30:38', 1, 66, '3', 'CurrencyPosition object', 1, ''),
(197, '2013-06-07 14:30:50', 1, 66, '4', 'CurrencyPosition object', 1, ''),
(198, '2013-06-07 14:31:13', 1, 66, '5', 'CurrencyPosition object', 1, ''),
(199, '2013-06-07 14:31:30', 1, 66, '6', 'CurrencyPosition object', 1, ''),
(200, '2013-06-07 14:31:56', 1, 21, '4', 'FxHedge object', 1, ''),
(201, '2013-06-07 14:32:17', 1, 21, '5', 'FxHedge object', 1, ''),
(202, '2013-06-07 14:32:37', 1, 21, '6', 'FxHedge object', 1, ''),
(203, '2013-06-07 14:33:09', 1, 21, '7', 'FxHedge object', 1, ''),
(204, '2013-06-07 14:36:38', 1, 21, '8', 'FxHedge object', 1, ''),
(205, '2013-06-07 14:39:36', 1, 14, '28', 'Fund (Fund of Fund) / FX Hedges', 1, ''),
(206, '2013-06-07 14:40:10', 1, 14, '8', 'Fund (Fund of Fund) / Fund Configuration', 3, ''),
(207, '2013-06-07 14:44:56', 1, 10, '24', 'W70 - Foreign Currency Positions and Hedges', 1, ''),
(208, '2013-06-07 14:45:52', 1, 21, '8', 'FxHedge object', 2, 'Changed settlement_date.'),
(209, '2013-06-07 14:46:02', 1, 21, '6', 'FxHedge object', 2, 'Changed settlement_date.'),
(210, '2013-06-07 15:52:25', 1, 25, '70', 'Fund Configuration', 2, 'Changed fund.'),
(211, '2013-06-07 15:53:53', 1, 25, '70', 'Fund Configuration', 2, 'Changed page.'),
(212, '2013-06-07 15:54:51', 1, 15, '25', 'FX Hedges / W70 - Foreign Currency Positions and Hedges', 1, ''),
(213, '2013-06-07 16:01:00', 1, 10, '24', 'W70 - Foreign Currency Positions and Hedges', 2, 'Changed size_x.'),
(214, '2013-06-07 16:02:26', 1, 10, '24', 'W70 - Foreign Currency Positions and Hedges', 2, 'Changed size_x for widget "W70 - Currency Hedges".'),
(215, '2013-06-07 16:43:25', 1, 27, '4', 'alex / tather', 1, ''),
(216, '2013-06-07 16:43:54', 1, 27, '5', 'Daniel / Josep', 1, ''),
(217, '2013-06-07 16:47:39', 1, 10, '25', 'W12 - Share Holder Register', 1, ''),
(218, '2013-06-07 16:48:00', 1, 10, '25', 'W12 - Share Holder Register', 2, 'Changed size_y and size_x. Changed size_y and size_x for widget "W12 - Fund Register Table".'),
(219, '2013-06-07 16:48:49', 1, 15, '26', 'Share Holder Register / W12 - Share Holder Register', 1, ''),
(220, '2013-06-07 17:02:51', 1, 48, '1', 'SubscriptionRedemption object', 1, ''),
(221, '2013-06-07 17:03:20', 1, 48, '2', 'SubscriptionRedemption object', 1, ''),
(222, '2013-06-07 19:59:07', 1, 10, '26', 'W23 - Subscription and Redemptions', 1, ''),
(223, '2013-06-07 19:59:43', 1, 15, '27', 'Share Holder Register / W23 - Subscription and Redemptions', 1, ''),
(224, '2013-06-07 20:31:42', 1, 10, '26', 'W23 - Subscription and Redemptions', 2, 'Changed key.'),
(225, '2013-06-07 20:31:56', 1, 10, '25', 'W12 - Share Holder Register', 2, 'Changed key.'),
(226, '2013-06-07 20:32:04', 1, 10, '24', 'W70 - Foreign Currency Positions and Hedges', 2, 'Changed key.'),
(227, '2013-06-07 21:57:41', 1, 25, '70', 'Fund Configuration', 2, 'Changed fund.'),
(228, '2013-06-08 11:07:00', 1, 48, '2', 'SubscriptionRedemption object', 2, 'Changed fund.'),
(229, '2013-06-08 11:07:34', 1, 48, '1', 'SubscriptionRedemption object', 2, 'Changed fund.'),
(230, '2013-06-08 11:09:11', 1, 48, '3', 'SubscriptionRedemption object', 1, ''),
(231, '2013-06-08 13:04:39', 1, 10, '27', 'W25 - NAV Reconciliation', 1, ''),
(232, '2013-06-08 13:05:42', 1, 15, '28', 'Share Holder Register / W25 - NAV Reconciliation', 1, ''),
(233, '2013-06-08 17:40:52', 1, 11, '11', 'Data Group Table', 1, ''),
(234, '2013-06-08 17:42:18', 1, 10, '28', 'W13 - Gross Assets Calculation', 1, ''),
(235, '2013-06-08 17:43:34', 1, 14, '29', 'Fund (Fund of Fund) / Gross Asset Calculation', 1, ''),
(236, '2013-06-08 17:45:24', 1, 15, '29', 'Gross Asset Calculation / W13 - Gross Assets Calculation', 1, ''),
(237, '2013-06-08 18:28:37', 1, 10, '28', 'W13 - Gross Assets Calculation', 2, 'Changed size_x. Changed size_x for widget "W13 - Fund Gross Assets".'),
(238, '2013-06-08 18:29:22', 1, 10, '28', 'W13 - Gross Assets Calculation', 2, 'Changed size_x. Changed size_x for widget "W13 - Fund Gross Assets".'),
(239, '2013-06-08 22:08:00', 1, 27, '70', 'Fund Configuration', 2, 'Changed fund.'),
(240, '2013-06-08 23:16:27', 1, 27, '71', 'Overview / Click here', 1, ''),
(241, '2013-06-09 00:12:04', 1, 27, '70', 'Fund Configuration', 2, 'Changed fund.'),
(242, '2013-06-09 00:14:05', 1, 50, '1', 'SubscriptionRedemption object', 1, ''),
(243, '2013-06-09 00:22:55', 1, 50, '2', 'SubscriptionRedemption object', 1, ''),
(244, '2013-06-09 01:01:21', 1, 27, '70', 'Fund Configuration', 2, 'Changed fund.'),
(245, '2013-06-09 01:06:35', 1, 27, '70', 'Fund Configuration', 2, 'Changed fund.'),
(246, '2013-06-09 02:30:16', 1, 27, '70', 'Fund Configuration', 2, 'Changed fund.'),
(247, '2013-06-09 02:35:08', 1, 27, '70', 'Fund Configuration', 2, 'Changed fund.'),
(248, '2013-06-09 03:14:26', 1, 27, '70', 'Fund Configuration', 2, 'Changed fund.'),
(249, '2013-06-09 04:25:35', 1, 27, '70', 'Fund Configuration', 2, 'Changed fund.'),
(250, '2013-06-09 11:39:22', 1, 23, '1', 'FxHedge object', 1, ''),
(251, '2013-06-09 11:39:46', 1, 23, '2', 'FxHedge object', 1, ''),
(252, '2013-06-09 11:40:07', 1, 23, '3', 'FxHedge object', 1, ''),
(253, '2013-06-09 11:50:41', 1, 21, '1', 'CurrencyPositionMonth object', 1, ''),
(254, '2013-06-09 11:51:28', 1, 21, '2', 'CurrencyPositionMonth object', 1, ''),
(255, '2013-06-09 11:51:40', 1, 21, '3', 'CurrencyPositionMonth object', 1, ''),
(256, '2013-06-09 11:57:46', 1, 10, '7', 'W5 - Gale B Performance by Location', 2, 'Changed size_y.'),
(257, '2013-06-09 12:12:35', 1, 42, '7', 'Europe', 3, ''),
(258, '2013-06-09 12:13:48', 1, 13, '6', 'W1 - Month Table', 3, ''),
(259, '2013-06-09 12:16:38', 1, 10, '4', 'W2 - Gale B Holding Performance Bar Graph', 2, 'Changed size_x.'),
(260, '2013-06-09 12:16:56', 1, 10, '2', 'W16 - Gale B Performance against Benchmarks', 2, 'Changed size_x. Changed size_x for widget "W16 - Line Graph". Changed size_x for widget "W16 - Data Table".'),
(261, '2013-06-09 12:18:07', 1, 10, '3', 'W1 - Gale B Historical Performance', 2, 'Changed size_y. Changed size_x for widget "W1 - Data Table".'),
(262, '2013-06-09 12:19:13', 1, 10, '2', 'W16 - Gale B Performance against Benchmarks', 2, 'Changed size_y.'),
(263, '2013-06-09 12:20:35', 1, 10, '4', 'W2 - Gale B Holding Performance Bar Graph', 2, 'Changed size_y. Changed size_y for widget "W2 - Fund Holding Performance Bar Graph".'),
(264, '2013-06-09 12:20:58', 1, 10, '1', 'W11 - Gale B Holdings Trade Tables and Graphs', 2, 'Changed size_y. Changed position for widget "W11 - Trade Volume Bar Graph".'),
(265, '2013-06-09 12:27:35', 1, 10, '1', 'W11 - Gale B Holdings Trade Tables and Graphs', 2, 'Changed size_x. Changed size_x for widget "W11 - Data Table". Changed size_x for widget "W11 - Trade Volume Bar Graph".'),
(266, '2013-06-09 13:03:36', 1, 12, '36', 'fields=nav', 1, ''),
(267, '2013-06-09 13:03:56', 1, 13, '7', 'W2 - Fund Holding Performance Bar Graph', 2, 'Changed widget_param.'),
(268, '2013-06-09 13:39:19', 1, 14, '7', 'Fund (Fund of Fund) / NAV Calculation', 3, ''),
(269, '2013-06-09 13:43:30', 1, 25, '3', 'FundBench object', 2, 'Changed funds.'),
(270, '2013-06-09 13:43:35', 1, 25, '2', 'FundBench object', 2, 'Changed funds.'),
(271, '2013-06-09 13:43:40', 1, 25, '1', 'FundBench object', 2, 'Changed funds.'),
(272, '2013-06-09 14:57:35', 1, 27, '70', 'Fund Configuration', 2, 'Changed fund.'),
(273, '2013-06-09 15:20:20', 1, 12, '37', 'sort_by=weight', 1, ''),
(274, '2013-06-09 15:20:28', 1, 12, '38', 'sort_by=performance', 1, ''),
(275, '2013-06-09 15:21:12', 1, 13, '17', 'W7 - Fund Historical NAV Bar', 2, 'Changed key.'),
(276, '2013-06-09 15:28:27', 1, 12, '38', 'sort_by=performance', 3, ''),
(277, '2013-06-09 15:28:34', 1, 12, '37', 'sort_by=weight', 3, ''),
(278, '2013-06-09 15:28:48', 1, 12, '39', 'order_by=performance', 1, ''),
(279, '2013-06-09 15:37:31', 1, 12, '40', 'holding_category__isnull=true', 1, ''),
(280, '2013-06-09 15:39:33', 1, 12, '41', 'value_date__day=1', 1, ''),
(281, '2013-06-09 15:40:04', 1, 13, '7', 'W2 - Fund Holding Performance Bar Graph', 2, 'Changed widget_param.'),
(282, '2013-06-09 15:41:40', 1, 13, '17', 'W7 - Fund Historical NAV Bar', 2, 'Changed widget_param.'),
(283, '2013-06-09 15:45:03', 1, 13, '17', 'W7 - Fund Historical NAV Bar', 2, 'Changed widget_param.'),
(284, '2013-06-09 15:46:07', 1, 13, '17', 'W7 - Fund Historical NAV Bar', 2, 'Changed widget_param.'),
(285, '2013-06-09 16:08:57', 1, 10, '8', 'W6 - Fund Historical NAV Table', 2, 'Changed key.'),
(286, '2013-06-09 16:41:24', 1, 27, '70', 'Fund Configuration', 2, 'Changed fund.'),
(287, '2013-06-09 17:26:48', 1, 10, '10', 'W8 - Fund NAV by Sector', 2, 'Changed size_x. Added widget "W8 - NAV by Sector Pie Chart". Changed size_x for widget "W8 - Euro Fund NAV by Sector Table".'),
(288, '2013-06-09 17:27:32', 1, 10, '10', 'W8 - Fund NAV by Sector', 2, 'Changed widget_param for widget "W8 - Euro Fund NAV by Sector Table".'),
(289, '2013-06-09 19:49:21', 1, 42, '17', 'Fund', 1, ''),
(290, '2013-06-09 19:56:33', 1, 12, '42', 'asset_class=17', 1, ''),
(291, '2013-06-09 19:57:47', 1, 13, '29', 'W73 Holding Liquidity Table ', 2, 'Changed widget_param.'),
(292, '2013-06-09 20:32:15', 1, 27, '70', 'Fund Configuration', 2, 'Changed fund.'),
(293, '2013-06-09 20:32:42', 1, 27, '70', 'Fund Configuration', 2, 'Changed fund.'),
(294, '2013-06-09 22:49:54', 1, 27, '70', 'Fund Configuration', 2, 'Changed fund.'),
(295, '2013-06-10 14:11:06', 1, 27, '70', 'Fund Configuration', 2, 'Changed fund.'),
(296, '2013-06-10 14:22:40', 1, 23, '1', 'FxHedge object', 1, ''),
(297, '2013-06-10 14:23:01', 1, 23, '2', 'FxHedge object', 1, ''),
(298, '2013-06-10 14:23:51', 1, 23, '2', 'FxHedge object', 2, 'Changed trade_date.'),
(299, '2013-06-10 14:24:01', 1, 23, '1', 'FxHedge object', 2, 'Changed trade_date.'),
(300, '2013-06-10 14:32:59', 1, 21, '1', 'CurrencyPositionMonth object', 2, 'No fields changed.'),
(301, '2013-06-10 14:33:14', 1, 21, '2', 'CurrencyPositionMonth object', 1, ''),
(302, '2013-06-10 14:36:51', 1, 27, '70', 'HSBC Funds / Gale B', 2, 'Changed name.'),
(303, '2013-06-13 11:46:54', 1, 27, '71', 'Overview / Click here', 1, ''),
(304, '2013-06-13 11:52:13', 1, 27, '71', 'Click here', 2, 'Changed page.'),
(305, '2013-06-13 13:37:02', 1, 10, '10', 'W8 - Fund NAV by Sector', 2, 'Changed widget_param for widget "W8 - NAV by Sector Pie Chart".'),
(306, '2013-06-13 13:45:57', 1, 41, '4', '4', 2, 'Changed name.'),
(307, '2013-06-13 13:46:04', 1, 41, '6', '6', 2, 'Changed name.'),
(308, '2013-06-13 13:46:12', 1, 41, '8', '8', 2, 'Changed name.'),
(309, '2013-06-13 13:46:19', 1, 41, '9', '9', 2, 'Changed name.'),
(310, '2013-06-13 13:48:34', 1, 41, '7', '7', 2, 'Changed name.'),
(311, '2013-06-13 16:46:24', 1, 10, '10', 'W8 - Fund NAV by Sector', 2, 'Changed key for widget "W8 - NAV by Sector Pie Chart".'),
(312, '2013-06-13 16:54:44', 1, 10, '10', 'W8 - Fund NAV by Sector', 2, 'Changed key for widget "W8 - NAV by Sector Pie Chart".'),
(313, '2013-06-13 18:05:57', 1, 10, '11', 'W9 - Fund NAV by Sub Sector', 2, 'Added widget "W9 - Euro Fund NAV by Sub Sector Pie".'),
(314, '2013-06-13 18:07:05', 1, 10, '12', 'W10 - Euro Fund NAV by Location', 2, 'Changed name. Added widget "W10 - Euro Fund NAV by Location Pie".'),
(315, '2013-06-13 18:17:14', 1, 10, '12', 'W10 - Euro Fund NAV by Location', 2, 'Changed size_x. Changed widget_param for widget "W10 - Euro Fund NAV by Location Table".'),
(316, '2013-06-13 18:17:31', 1, 10, '11', 'W9 - Fund NAV by Sub Sector', 2, 'Changed size_x. Changed widget_param for widget "W9 - Euro Fund NAV by Sub Sector Table".'),
(317, '2013-06-13 18:19:06', 1, 10, '11', 'W9 - Fund NAV by Sub Sector', 2, 'Changed size_x for widget "W9 - Euro Fund NAV by Sub Sector Table".'),
(318, '2013-06-13 18:19:20', 1, 10, '12', 'W10 - Euro Fund NAV by Location', 2, 'Changed size_x for widget "W10 - Euro Fund NAV by Location Table".'),
(319, '2013-06-13 18:20:34', 1, 10, '12', 'W10 - Euro Fund NAV by Location', 2, 'Changed layout.'),
(320, '2013-06-13 18:20:46', 1, 10, '11', 'W9 - Fund NAV by Sub Sector', 2, 'Changed layout.'),
(321, '2013-06-13 19:32:13', 1, 10, '1', 'W11 - Gale B Holdings Trade Tables and Graphs', 2, 'Changed widget_param for widget "W11 - Data Table". Changed widget_param for widget "W11 - Trade Volume Bar Graph".'),
(322, '2013-06-13 19:33:03', 1, 10, '1', 'W11 - Gale B Holdings Trade Tables and Graphs', 2, 'Changed widget_param for widget "W11 - Data Table".'),
(323, '2013-06-17 00:24:47', 1, 13, '28', 'W24 - Avg Perf in Neg Months Graph', 2, 'Changed widget_param.'),
(324, '2013-06-17 00:30:17', 1, 10, '19', 'W24 - Average Performance in Negative Equity Month', 2, 'Changed size_y for widget "W24 - Avg Perf in Neg Months Table". Changed size_y for widget "W24 - Avg Perf in Neg Months Graph".'),
(325, '2013-06-17 00:31:11', 1, 10, '19', 'W24 - Average Performance in Negative Equity Month', 2, 'Changed size_y for widget "W24 - Avg Perf in Neg Months Table". Changed size_y for widget "W24 - Avg Perf in Neg Months Graph".'),
(326, '2013-06-17 00:35:34', 1, 13, '28', 'W24 - Avg Perf in Neg Months Graph', 2, 'Changed widget_param.'),
(327, '2013-06-17 03:17:24', 1, 12, '43', 'navigator=true', 1, ''),
(328, '2013-06-17 03:17:34', 1, 12, '44', 'date_type=month', 1, ''),
(329, '2013-06-17 03:18:05', 1, 13, '3', 'W16 - Line Graph', 2, 'Changed widget_param.'),
(330, '2013-06-17 04:28:25', 1, 3, '1', 'andy', 2, 'Changed username and password.'),
(331, '2013-06-17 15:06:59', 1, 12, '45', 'holding_category__holding_group=ass', 1, ''),
(332, '2013-06-17 16:18:28', 1, 14, '30', 'Fixed Income & Treasuries', 1, ''),
(333, '2013-06-17 16:19:20', 1, 14, '31', 'Fixed Income & Treasuries / Performance', 1, ''),
(334, '2013-06-17 16:39:06', 1, 14, '32', 'Fixed Income & Treasuries / Stats', 1, ''),
(335, '2013-06-17 16:39:26', 1, 14, '33', 'Fixed Income & Treasuries / Asset Class', 1, ''),
(336, '2013-06-17 16:46:10', 1, 14, '34', 'Fixed Income & Treasuries / Share Holder Register', 1, ''),
(337, '2013-06-17 17:23:21', 1, 14, '35', 'Fixed Income & Treasuries / Gross Asset Calculation', 1, ''),
(338, '2013-06-17 17:23:38', 1, 14, '36', 'Fixed Income & Treasuries / FX Hedges', 1, ''),
(339, '2013-06-17 17:23:52', 1, 14, '37', 'FX Hedges / Add Trade', 1, ''),
(340, '2013-06-17 17:30:17', 1, 15, '30', 'Performance / W1 - Gale B Historical Performance', 1, ''),
(341, '2013-06-17 17:30:38', 1, 10, '3', 'W1 - Historical Performance', 2, 'Changed name.'),
(342, '2013-06-17 17:31:14', 1, 10, '4', 'W2 - Holding Performance Bar Graph', 2, 'Changed name.'),
(343, '2013-06-17 17:33:41', 1, 13, '5', 'W1 - Data Table', 2, 'No fields changed.'),
(344, '2013-06-17 17:39:10', 1, 27, '72', 'HSBC Funds / Gale G', 1, ''),
(345, '2013-06-17 18:20:35', 1, 27, '73', 'Gale G / Gale G', 1, ''),
(346, '2013-06-17 18:22:05', 1, 27, '73', 'Gale G / Gale G', 3, ''),
(347, '2013-06-17 22:05:35', 1, 27, '72', 'HSBC Funds / Gale G', 2, 'No fields changed.'),
(348, '2013-06-17 22:06:43', 1, 15, '30', 'Performance / W1 - Historical Performance', 2, 'No fields changed.'),
(349, '2013-06-17 22:07:43', 1, 15, '30', 'Performance / W1 - Historical Performance', 2, 'Changed size_y and size_x.'),
(350, '2013-06-17 22:11:00', 1, 27, '72', 'HSBC Funds / Gale G', 2, 'No fields changed.'),
(351, '2013-06-17 22:15:18', 1, 27, '72', 'HSBC Funds / Gale G', 2, 'Changed page.'),
(352, '2013-06-17 22:17:33', 1, 15, '4', 'Performance / W2 - Holding Performance Bar Graph', 2, 'No fields changed.'),
(353, '2013-06-17 22:18:27', 1, 15, '31', 'Performance / W2 - Holding Performance Bar Graph', 1, ''),
(354, '2013-06-17 22:20:06', 1, 15, '31', 'Performance / W2 - Holding Performance Bar Graph', 2, 'Changed row.'),
(355, '2013-06-17 22:20:47', 1, 13, '5', 'W1 - Data Table', 2, 'No fields changed.'),
(356, '2013-06-17 22:21:12', 1, 10, '3', 'W1 - Historical Performance', 2, 'No fields changed.'),
(357, '2013-06-17 22:21:24', 1, 10, '4', 'W2 - Holding Performance Bar Graph', 2, 'Changed size_x.'),
(358, '2013-06-17 22:21:33', 1, 10, '3', 'W1 - Historical Performance', 2, 'No fields changed.'),
(359, '2013-06-17 22:21:53', 1, 15, '3', 'Performance / W1 - Historical Performance', 2, 'Changed size_y and size_x.'),
(360, '2013-06-17 22:23:10', 1, 15, '31', 'Performance / W2 - Holding Performance Bar Graph', 2, 'Changed size_y, size_x and row.'),
(361, '2013-06-17 22:23:40', 1, 15, '30', 'Performance / W1 - Historical Performance', 2, 'Changed size_y and size_x.'),
(362, '2013-06-17 23:11:53', 1, 13, '5', 'FUND_NAME / Historical Performance', 2, 'Changed name.'),
(363, '2013-06-17 23:12:39', 1, 13, '5', 'W1 - Data Table', 2, 'Changed name.'),
(364, '2013-06-17 23:13:28', 1, 10, '3', 'FUND_NAME - Historical Performance', 2, 'Changed name.'),
(365, '2013-06-17 23:13:38', 1, 10, '3', 'FUND_NAME / Historical Performance', 2, 'Changed name.'),
(366, '2013-06-17 23:30:12', 1, 10, '3', 'W1 - FUND_NAME / Historical Performance', 2, 'Changed name.'),
(367, '2013-06-18 02:14:08', 1, 10, '4', 'W2 - Holding Performance Bar Graph', 2, 'Changed size_x.'),
(368, '2013-06-18 02:15:28', 1, 10, '3', 'FUND_NAME - Historical Performance (W1)', 2, 'Changed name.'),
(369, '2013-06-18 02:16:46', 1, 24, '1', 'Gale B', 2, 'Changed name.'),
(370, '2013-06-18 02:59:12', 1, 10, '7', 'FUND_NAME / DATE / Performance by Location', 2, 'Changed name.'),
(371, '2013-06-18 03:10:32', 1, 10, '4', 'FUND_NAME / DATE /  Holding Performance Bar Graph', 2, 'Changed name.'),
(372, '2013-06-18 03:11:26', 1, 10, '3', 'FUND_NAME / Historical Performance (W1)', 2, 'Changed name.'),
(373, '2013-06-18 12:20:54', 1, 10, '2', 'FUND_NAME / Performance against Benchmarks', 2, 'Changed name.'),
(374, '2013-06-18 12:22:38', 1, 10, '1', 'FUND_NAME / Holdings Trade Tables and Graphs', 2, 'Changed name.'),
(375, '2013-06-18 12:24:13', 1, 10, '5', 'FUND_NAME / Performance by Sector', 2, 'Changed name.'),
(376, '2013-06-18 12:43:03', 1, 10, '6', 'FUND_NAME / Performance by Sub Sector', 2, 'Changed name.'),
(377, '2013-06-18 12:43:29', 1, 10, '8', 'FUND_NAME / Historical NAV Table', 2, 'Changed name.'),
(378, '2013-06-18 12:52:51', 1, 10, '9', 'FUND_NAME / Fund Allocation NAV Bar', 2, 'Changed name.'),
(379, '2013-06-18 12:53:35', 1, 10, '10', 'FUND_NAME / Fund NAV by Sector', 2, 'Changed name.'),
(380, '2013-06-18 12:54:00', 1, 10, '11', 'FUND NAME / NAV by Sub Sector', 2, 'Changed name.'),
(381, '2013-06-18 12:54:10', 1, 10, '9', 'FUND_NAME / Allocation NAV Bar', 2, 'Changed name.'),
(382, '2013-06-18 12:54:21', 1, 10, '10', 'FUND_NAME / NAV by Sector', 2, 'Changed name.'),
(383, '2013-06-18 12:54:49', 1, 10, '12', 'FUND_NAME / NAV by Location', 2, 'Changed name.'),
(384, '2013-06-18 12:55:42', 1, 10, '5', 'FUND_NAME / DATE / Performance by Sector', 2, 'Changed name.'),
(385, '2013-06-18 12:55:54', 1, 10, '6', 'FUND_NAME / DATE / Performance by Sub Sector', 2, 'Changed name.'),
(386, '2013-06-18 12:56:16', 1, 10, '9', 'FUND_NAME / DATE / Allocation NAV Bar', 2, 'Changed name.'),
(387, '2013-06-18 13:01:33', 1, 13, '7', 'W2 - Fund Holding Performance Bar Graph', 2, 'Changed widget_param.'),
(388, '2013-06-18 13:03:05', 1, 10, '13', 'FUND_NAME / Historical Statistics', 2, 'Changed name.'),
(389, '2013-06-18 13:03:31', 1, 10, '14', 'FUND_NAME / Returns', 2, 'Changed name.'),
(390, '2013-06-18 13:03:42', 1, 10, '15', 'FUND_NAME / Best Worst Months', 2, 'Changed name.'),
(391, '2013-06-18 13:03:55', 1, 10, '16', 'FUND_NAME / Return Histogram', 2, 'Changed name.'),
(392, '2013-06-18 13:04:16', 1, 10, '17', 'FUND_NAME / Correlation Matrix', 2, 'Changed name.'),
(393, '2013-06-18 13:04:30', 1, 10, '18', 'FUND_NAME / Holdings Correlation Matrix ', 2, 'Changed name.'),
(394, '2013-06-18 13:04:53', 1, 10, '19', 'FUND_ NAME / Performance in Negative Equity Month', 2, 'Changed name.'),
(395, '2013-06-18 13:05:02', 1, 10, '20', 'FUND_NAME /  Holding Liquity', 2, 'Changed name.'),
(396, '2013-06-18 13:05:09', 1, 10, '21', 'FUND_NAME /  Redemption Tracker', 2, 'Changed name.'),
(397, '2013-06-18 13:05:17', 1, 10, '22', 'FUND_NAME /  Cumulative Weight', 2, 'Changed name.'),
(398, '2013-06-18 13:05:25', 1, 10, '23', 'FUND_NAME /  Summary', 2, 'Changed name.'),
(399, '2013-06-18 13:05:34', 1, 10, '24', 'FUND_NAME /  Foreign Currency Positions and Hedges', 2, 'Changed name.'),
(400, '2013-06-18 13:05:42', 1, 10, '25', 'FUND_NAME /  Share Holder Register', 2, 'Changed name.'),
(401, '2013-06-18 13:05:50', 1, 10, '26', 'FUND_NAME /  Subscription and Redemptions', 2, 'Changed name.'),
(402, '2013-06-18 13:06:05', 1, 10, '27', 'FUND_NAME / NAV Reconciliation', 2, 'Changed name.'),
(403, '2013-06-18 13:06:12', 1, 10, '28', 'FUND_NAME /  Gross Assets Calculation', 2, 'Changed name.'),
(404, '2013-06-18 13:10:58', 1, 10, '19', 'FUND_ NAME / Performance in Negative Months', 2, 'Changed name.'),
(405, '2013-06-18 13:10:58', 1, 10, '19', 'FUND_ NAME / Performance in Negative Months', 2, 'No fields changed.'),
(406, '2013-06-18 13:12:36', 1, 10, '19', 'FUND_ NAME / Performance in Negative Months', 2, 'No fields changed.'),
(407, '2013-06-18 13:13:53', 1, 10, '19', 'FUND_ NAME / Performance in Negative Months', 2, 'No fields changed.'),
(408, '2013-06-18 13:43:05', 1, 10, '19', 'FUND_NAME / Performance in Negative Months', 2, 'Changed name.'),
(409, '2013-06-18 14:07:28', 1, 18, '2', 'HSBC', 1, ''),
(410, '2013-06-18 14:11:00', 1, 24, '2', 'Gale E', 1, ''),
(411, '2013-06-18 14:13:00', 1, 27, '6', 'HSBC Funds / Gale E', 2, 'Changed page and fund.'),
(412, '2013-06-18 14:16:29', 1, 17, '2', 'FI & Treasuries', 1, ''),
(413, '2013-06-18 14:16:54', 1, 24, '3', 'Gale G', 1, ''),
(414, '2013-06-18 14:16:58', 1, 27, '72', 'HSBC Funds / Gale G', 2, 'Changed fund.'),
(415, '2013-06-18 14:18:55', 1, 24, '4', 'CS Fixed Income & Treasuries', 1, ''),
(416, '2013-06-18 14:19:10', 1, 27, '73', 'Credit Suisse / CS Fixed Income & Treasuries', 1, ''),
(417, '2013-06-18 14:25:25', 1, 15, '32', 'Performance / FUND_NAME / DATE / Performance by Sector', 1, ''),
(418, '2013-06-18 14:25:51', 1, 15, '33', 'Performance / FUND_NAME / DATE / Performance by Location', 1, ''),
(419, '2013-06-18 14:30:32', 1, 10, '29', 'FUND_NAME / Performance by Asset Class', 1, ''),
(420, '2013-06-18 14:33:26', 1, 13, '40', 'W4b - Performance by Asset Class', 1, ''),
(421, '2013-06-18 14:36:56', 1, 13, '41', 'W4b - Performance by Asset Class Bar Chart', 1, ''),
(422, '2013-06-18 14:38:00', 1, 15, '34', 'Performance / FUND_NAME / Performance by Asset Class', 1, ''),
(423, '2013-06-18 14:39:18', 1, 15, '34', 'Performance / FUND_NAME / Performance by Asset Class', 2, 'Changed size_y and size_x.'),
(424, '2013-06-18 14:40:19', 1, 13, '40', 'W4b - Performance by Asset Class', 2, 'Changed column_width and position.'),
(425, '2013-06-18 14:41:50', 1, 10, '29', 'FUND_NAME / Performance by Asset Class', 2, 'Changed layout.'),
(426, '2013-06-18 14:42:26', 1, 10, '29', 'FUND_NAME / Performance by Asset Class', 2, 'Changed size_x.'),
(427, '2013-06-18 14:43:10', 1, 10, '29', 'FUND_NAME / Performance by Asset Class', 2, 'Changed size_y.'),
(428, '2013-06-18 15:01:44', 1, 15, '31', 'Performance / FUND_NAME / DATE /  Holding Performance Bar Graph', 2, 'Changed size_x.'),
(429, '2013-06-18 15:03:37', 1, 15, '31', 'Performance / FUND_NAME / DATE /  Holding Performance Bar Graph', 2, 'Changed size_x.'),
(430, '2013-06-18 15:05:33', 1, 10, '4', 'FUND_NAME / DATE /  Holding Performance Bar Graph', 2, 'No fields changed.'),
(431, '2013-06-18 15:06:58', 1, 15, '35', 'Performance / FUND_NAME / Performance against Benchmarks', 1, ''),
(432, '2013-06-18 15:06:58', 1, 15, '36', 'Performance / FUND_NAME / Performance against Benchmarks', 1, ''),
(433, '2013-06-18 15:14:06', 1, 10, '2', 'FUND_NAME / Performance against Benchmarks', 2, 'No fields changed.'),
(434, '2013-06-18 15:14:06', 1, 10, '2', 'FUND_NAME / Performance against Benchmarks', 2, 'No fields changed.'),
(435, '2013-06-18 15:15:28', 1, 15, '35', 'Performance / FUND_NAME / Performance against Benchmarks', 3, ''),
(436, '2013-06-18 15:15:46', 1, 13, '41', 'W4b - Performance by Asset Class Bar Chart', 2, 'Changed widget_param.'),
(437, '2013-06-18 15:18:26', 1, 13, '10', 'W3 -  Performance by Sector Bar Chart', 2, 'Changed widget_param.'),
(438, '2013-06-18 15:23:13', 1, 13, '14', 'W5 - Performance by Location Bar Chart', 2, 'Changed widget_param.'),
(439, '2013-06-18 15:25:24', 1, 13, '10', 'W3 -  Performance by Sector Bar Chart', 2, 'No fields changed.'),
(440, '2013-06-18 15:27:35', 1, 13, '10', 'W3 -  Performance by Sector Bar Chart', 2, 'Changed widget_param.'),
(441, '2013-06-18 15:27:53', 1, 13, '14', 'W5 - Performance by Location Bar Chart', 2, 'Changed widget_param.'),
(442, '2013-06-18 15:33:32', 1, 15, '36', 'Performance / FUND_NAME / Performance against Benchmarks', 2, 'No fields changed.'),
(443, '2013-06-18 15:36:32', 1, 15, '37', 'Performance / FUND_NAME / Holdings Trade Tables and Graphs', 1, ''),
(444, '2013-06-18 17:53:56', 1, 17, '3', 'Fund of Funds', 1, ''),
(445, '2013-06-18 17:55:06', 1, 24, '2', 'Gale E', 2, 'Changed classification.'),
(446, '2013-06-18 17:55:13', 1, 24, '1', 'Gale B', 2, 'Changed classification.'),
(447, '2013-06-18 17:57:53', 1, 10, '3', 'FUND_NAME / Historical Performance', 2, 'Changed name.'),
(448, '2013-06-18 17:58:54', 1, 15, '38', 'Stats / FUND_NAME / Historical Statistics', 1, ''),
(449, '2013-06-18 18:01:18', 1, 15, '39', 'Stats / FUND_NAME / Return Histogram', 1, ''),
(450, '2013-06-18 18:02:43', 1, 15, '40', 'Stats / FUND_NAME / Returns', 1, ''),
(451, '2013-06-18 18:05:02', 1, 15, '41', 'Stats / FUND_NAME / Performance in Negative Months', 1, ''),
(452, '2013-06-18 18:05:23', 1, 15, '42', 'Stats / FUND_NAME / Best Worst Months', 1, ''),
(453, '2013-06-18 18:07:13', 1, 15, '43', 'Stats / FUND_NAME / Correlation Matrix', 1, ''),
(454, '2013-06-18 18:08:27', 1, 15, '44', 'Asset Class / FUND_NAME / Historical NAV Table', 1, ''),
(455, '2013-06-18 18:09:23', 1, 14, '33', 'Fixed Income & Treasuries / Asset Allocation', 2, 'Changed title.'),
(456, '2013-06-18 18:11:39', 1, 15, '45', 'Asset Allocation / FUND_NAME / DATE / Allocation NAV Bar', 1, ''),
(457, '2013-06-18 18:11:54', 1, 17, '3', 'Fund of Funds', 2, 'Changed key.'),
(458, '2013-06-18 18:12:10', 1, 17, '2', 'FI & Treasuries', 2, 'Changed key.'),
(459, '2013-06-18 18:12:12', 1, 15, '46', 'Asset Allocation / FUND_NAME / NAV by Sector', 1, ''),
(460, '2013-06-18 18:12:31', 1, 15, '47', 'Asset Allocation / FUND_NAME / NAV by Location', 1, ''),
(461, '2013-06-18 18:16:13', 1, 10, '30', 'FUND_ NAME / NAV by Asset Class', 1, ''),
(462, '2013-06-18 18:16:27', 1, 13, '42', 'W9b _ NAV by Asset Class Pie', 1, ''),
(463, '2013-06-18 18:17:06', 1, 13, '42', 'W9b _ NAV by Asset Class Pie', 2, 'Changed key.'),
(464, '2013-06-18 18:19:48', 1, 13, '43', 'W9b - NAV by Asset Class Table', 1, ''),
(465, '2013-06-18 18:20:29', 1, 10, '30', 'FUND_ NAME / NAV by Asset Class', 2, 'Changed position for widget "W9b - NAV by Asset Class Table".'),
(466, '2013-06-18 18:23:41', 1, 15, '48', 'Asset Allocation / FUND_ NAME / NAV by Asset Class', 1, ''),
(467, '2013-06-18 18:24:41', 1, 15, '48', 'Asset Allocation / FUND_ NAME / NAV by Asset Class', 2, 'Changed size_x.'),
(468, '2013-06-18 18:25:06', 1, 10, '30', 'FUND_ NAME / NAV by Asset Class', 2, 'Changed size_x.'),
(469, '2013-06-18 18:27:18', 1, 10, '30', 'FUND_NAME / NAV by Asset Class', 2, 'Changed name.'),
(470, '2013-06-18 18:32:03', 1, 15, '49', 'Asset Allocation / FUND_NAME / Holdings Trade Tables and Graphs', 1, ''),
(471, '2013-06-18 18:50:38', 1, 15, '50', 'Share Holder Register / FUND_NAME /  Share Holder Register', 1, ''),
(472, '2013-06-18 19:00:49', 1, 15, '51', 'Share Holder Register / FUND_NAME / NAV Reconciliation', 1, ''),
(473, '2013-06-18 19:01:17', 1, 15, '52', 'Share Holder Register / FUND_NAME /  Subscription and Redemptions', 1, ''),
(474, '2013-06-18 19:02:06', 1, 15, '53', 'FX Hedges / FUND_NAME /  Foreign Currency Positions and Hedges', 1, ''),
(475, '2013-06-18 19:03:24', 1, 15, '52', 'Share Holder Register / FUND_NAME /  Subscription and Redemptions', 2, 'No fields changed.'),
(476, '2013-06-18 19:04:19', 1, 14, '38', 'Fixed Income & Treasuries / Summary', 1, ''),
(477, '2013-06-18 19:04:29', 1, 15, '54', 'Summary / FUND_NAME /  Summary', 1, ''),
(478, '2013-06-18 19:06:27', 1, 14, '38', 'Fixed Income & Treasuries / Configuration', 2, 'Changed title.'),
(479, '2013-06-18 19:06:45', 1, 14, '38', 'Fixed Income & Treasuries / Fund Configuration', 2, 'Changed title.'),
(480, '2013-06-18 20:05:25', 1, 14, '39', 'Credit Suisse', 1, ''),
(481, '2013-06-18 20:07:16', 1, 14, '39', 'Equities, Options, Futures', 2, 'Changed title.'),
(482, '2013-06-18 20:07:43', 1, 14, '40', 'Equities, Options, Futures / Performance', 1, ''),
(483, '2013-06-18 20:07:58', 1, 14, '41', 'Equities, Options, Futures / Stats', 1, ''),
(484, '2013-06-18 20:08:18', 1, 14, '42', 'Equities, Options, Futures / Asset Allocation', 1, ''),
(485, '2013-06-18 20:08:43', 1, 14, '43', 'Asset Allocation / Share Holder Register', 1, ''),
(486, '2013-06-18 20:09:34', 1, 14, '43', 'Equities, Options, Futures / Share Holder Register', 2, 'Changed parent.'),
(487, '2013-06-18 20:09:50', 1, 14, '44', 'Equities, Options, Futures / Gross Asset Calculation', 1, ''),
(488, '2013-06-18 20:10:10', 1, 14, '45', 'Equities, Options, Futures / FX Hedges', 1, ''),
(489, '2013-06-18 20:10:27', 1, 14, '46', 'Equities, Options, Futures / Fund Configuration', 1, ''),
(490, '2013-06-18 20:10:43', 1, 14, '47', 'Equities, Options, Futures / Add Trade', 1, ''),
(491, '2013-06-18 20:11:17', 1, 14, '48', 'Limited Holdings', 1, ''),
(492, '2013-06-18 20:11:39', 1, 14, '49', 'Limited Holdings / Performance', 1, ''),
(493, '2013-06-18 20:11:50', 1, 14, '50', 'Limited Holdings / Stats', 1, ''),
(494, '2013-06-18 20:12:26', 1, 14, '51', 'Limited Holdings / Asset Allocation', 1, ''),
(495, '2013-06-18 20:12:36', 1, 14, '52', 'Limited Holdings / Share Holder Register', 1, ''),
(496, '2013-06-18 20:12:47', 1, 14, '53', 'Limited Holdings / Gross Asset Calculation', 1, ''),
(497, '2013-06-18 20:13:05', 1, 14, '54', 'Limited Holdings / FX Hedges', 1, ''),
(498, '2013-06-18 20:13:21', 1, 14, '55', 'Limited Holdings / Fund Configuration', 1, ''),
(499, '2013-06-18 20:13:33', 1, 14, '56', 'Limited Holdings / Add Trade', 1, ''),
(500, '2013-06-18 20:14:36', 1, 14, '57', 'Side Pockets', 1, ''),
(501, '2013-06-18 20:14:55', 1, 14, '58', 'Side Pockets / Performance', 1, ''),
(502, '2013-06-18 20:15:10', 1, 14, '59', 'Side Pockets / Stats', 1, ''),
(503, '2013-06-18 20:16:45', 1, 14, '60', 'Side Pockets / Asset Allocation', 1, ''),
(504, '2013-06-18 20:16:57', 1, 14, '61', 'Side Pockets / Share Holder Register', 1, ''),
(505, '2013-06-18 20:19:15', 1, 14, '62', 'Side Pockets / Gross Asset Calculation', 1, ''),
(506, '2013-06-18 20:20:53', 1, 14, '63', 'Side Pockets / FX Hedges', 1, ''),
(507, '2013-06-18 20:23:24', 1, 14, '64', 'Side Pockets / Fund Configuration', 1, ''),
(508, '2013-06-18 20:24:24', 1, 14, '65', 'Side Pockets / Add Trade', 1, ''),
(509, '2013-06-18 20:26:09', 1, 14, '66', 'Private Equity', 1, ''),
(510, '2013-06-18 20:27:24', 1, 14, '67', 'Private Equity / Performance', 1, ''),
(511, '2013-06-18 20:28:41', 1, 14, '68', 'Private Equity / Stats', 1, ''),
(512, '2013-06-18 20:29:08', 1, 14, '69', 'Private Equity / Asset Allocation', 1, ''),
(513, '2013-06-18 20:29:58', 1, 14, '70', 'Private Equity / Share Holder Register', 1, ''),
(514, '2013-06-18 20:30:13', 1, 14, '71', 'Private Equity / Gross Asset Calculation', 1, ''),
(515, '2013-06-18 20:30:30', 1, 14, '72', 'Private Equity / FX Hedges', 1, ''),
(516, '2013-06-18 20:30:57', 1, 14, '73', 'Private Equity / Fund Configuration', 1, ''),
(517, '2013-06-18 20:31:12', 1, 14, '74', 'Private Equity / Add Trade', 1, ''),
(518, '2013-06-18 20:33:44', 1, 17, '4', 'Side Pockets', 1, ''),
(519, '2013-06-18 20:34:05', 1, 24, '5', 'Gale K', 1, ''),
(520, '2013-06-18 20:34:16', 1, 27, '8', 'HSBC Funds / Gale K', 2, 'Changed page and fund.'),
(521, '2013-06-18 20:37:49', 1, 17, '5', 'Equity, Options and Futures', 1, ''),
(522, '2013-06-18 20:38:09', 1, 24, '6', 'Gale L', 1, '');
INSERT INTO `django_admin_log` (`id`, `action_time`, `user_id`, `content_type_id`, `object_id`, `object_repr`, `action_flag`, `change_message`) VALUES
(523, '2013-06-18 20:38:18', 1, 27, '9', 'HSBC Funds / Gale L', 2, 'Changed page and fund.'),
(524, '2013-06-18 20:40:25', 1, 24, '7', 'Gale M', 1, ''),
(525, '2013-06-18 20:40:28', 1, 27, '10', 'HSBC Funds / Gale M', 2, 'Changed page and fund.'),
(526, '2013-06-18 20:44:23', 1, 24, '8', 'Gale N', 1, ''),
(527, '2013-06-18 20:44:26', 1, 27, '11', 'HSBC Funds / Gale N', 2, 'Changed page and fund.'),
(528, '2013-06-18 20:45:52', 1, 24, '9', 'Calibrator', 1, ''),
(529, '2013-06-18 20:45:59', 1, 27, '74', 'Credit Suisse / Calibrator', 1, ''),
(530, '2013-06-18 20:47:18', 1, 24, '10', 'Volatility', 1, ''),
(531, '2013-06-18 20:47:20', 1, 27, '19', 'Credit Suisse / CS Volatility', 2, 'Changed page and fund.'),
(532, '2013-06-18 20:58:01', 1, 24, '11', 'CS European Equity', 1, ''),
(533, '2013-06-18 20:58:04', 1, 27, '14', 'Credit Suisse / CS European Equity', 2, 'Changed page and fund.'),
(534, '2013-06-18 21:00:32', 1, 24, '12', 'CS US Equity', 1, ''),
(535, '2013-06-18 21:00:35', 1, 27, '15', 'Credit Suisse / CS US Equity', 2, 'Changed page and fund.'),
(536, '2013-06-18 21:03:55', 1, 24, '13', 'CS Asia Equity', 1, ''),
(537, '2013-06-18 21:03:57', 1, 27, '16', 'Credit Suisse / CS Asia Equity', 2, 'Changed page and fund.'),
(538, '2013-06-18 21:05:16', 1, 18, '3', 'Private Equity', 1, ''),
(539, '2013-06-18 21:05:38', 1, 17, '6', 'Private Equity', 1, ''),
(540, '2013-06-18 21:05:59', 1, 24, '14', 'Private Equity', 1, ''),
(541, '2013-06-18 21:06:06', 1, 27, '18', 'Private Equity / Private Equity', 2, 'Changed page and fund.'),
(542, '2013-06-18 21:53:44', 1, 15, '55', 'Performance / FUND_NAME / Historical Performance', 1, ''),
(543, '2013-06-18 21:54:22', 1, 15, '56', 'Performance / FUND_NAME / DATE /  Holding Performance Bar Graph', 1, ''),
(544, '2013-06-18 21:54:57', 1, 15, '57', 'Performance / FUND_NAME / DATE / Performance by Sector', 1, ''),
(545, '2013-06-18 21:55:22', 1, 15, '58', 'Performance / FUND_NAME / DATE / Performance by Sub Sector', 1, ''),
(546, '2013-06-18 21:55:43', 1, 15, '59', 'Performance / FUND_NAME / DATE / Performance by Location', 1, ''),
(547, '2013-06-19 00:39:54', 1, 12, '46', 'column_border_x=ytd', 1, ''),
(548, '2013-06-19 00:50:44', 1, 12, '47', 'column_width=50,58', 1, ''),
(549, '2013-06-19 01:01:03', 1, 12, '46', 'column_border_y=ytd', 2, 'Changed key.'),
(550, '2013-06-19 01:15:25', 1, 13, '5', 'W1 - Data Table', 2, 'Changed widget_param and description.'),
(551, '2013-06-19 01:25:27', 1, 12, '47', 'column_width=100,58', 2, 'Changed value.'),
(552, '2013-06-19 01:27:52', 1, 12, '47', 'column_width=58,58', 2, 'Changed value.'),
(553, '2013-06-19 01:28:12', 1, 12, '47', 'column_width=59,59', 2, 'Changed value.'),
(554, '2013-06-19 01:28:29', 1, 12, '47', 'column_width=60,60', 2, 'Changed value.'),
(555, '2013-06-19 01:30:26', 1, 13, '9', 'W3 - Fund Performance Data Table', 2, 'Changed widget_param.'),
(556, '2013-06-19 01:35:52', 1, 13, '9', 'W3 - Fund Performance Data Table', 2, 'No fields changed.'),
(557, '2013-06-19 01:36:33', 1, 12, '48', 'column_width=50, 80', 1, ''),
(558, '2013-06-19 01:37:02', 1, 13, '16', 'W6 - Fund Historical NAV ', 2, 'Changed widget_param.'),
(559, '2013-06-19 01:37:15', 1, 12, '49', 'column_width=100,100', 1, ''),
(560, '2013-06-19 01:37:25', 1, 13, '4', 'W16 - Data Table', 2, 'Changed widget_param.'),
(561, '2013-06-19 01:39:48', 1, 13, '22', 'W19 Fund Return Table', 2, 'Changed widget_param.'),
(562, '2013-06-19 01:40:23', 1, 12, '50', 'column_width=120,80', 1, ''),
(563, '2013-06-19 01:41:06', 1, 12, '51', 'column_width=100,80', 1, ''),
(564, '2013-06-19 01:41:57', 1, 13, '25', 'w21 - fund correlation matrix', 2, 'Changed widget_param.'),
(565, '2013-06-19 01:42:11', 1, 13, '26', 'w21 - hold correlation matrix', 2, 'Changed widget_param.'),
(566, '2013-06-19 01:42:51', 1, 13, '27', 'W24 - Avg Perf in Neg Months Table', 2, 'Changed widget_param.'),
(567, '2013-06-19 01:43:26', 1, 12, '52', 'column_width=80,80', 1, ''),
(568, '2013-06-19 01:48:54', 1, 12, '53', 'column_width=160,85', 1, ''),
(569, '2013-06-19 01:49:42', 1, 12, '53', 'column_width=160,85', 3, ''),
(570, '2013-06-19 01:54:27', 1, 12, '54', 'column_width=80,50', 1, ''),
(571, '2013-06-19 01:54:38', 1, 13, '21', 'W10 - Euro Fund NAV by Location Table', 2, 'Changed widget_param.'),
(572, '2013-06-19 01:54:51', 1, 13, '9', 'W3 - Fund Performance Data Table', 2, 'Changed widget_param.'),
(573, '2013-06-19 01:54:59', 1, 13, '11', 'W4 - Performance by Sub Sector Table', 2, 'Changed widget_param.'),
(574, '2013-06-19 01:55:08', 1, 13, '40', 'W4b - Performance by Asset Class', 2, 'Changed widget_param.'),
(575, '2013-06-19 01:55:18', 1, 13, '13', 'W5 - Performance by Location Table', 2, 'Changed widget_param.'),
(576, '2013-06-19 01:55:29', 1, 13, '19', 'W8 - Euro Fund NAV by Sector Table', 2, 'Changed widget_param.'),
(577, '2013-06-19 01:55:37', 1, 13, '20', 'W9 - Euro Fund NAV by Sub Sector Table', 2, 'Changed widget_param.'),
(578, '2013-06-19 01:55:44', 1, 13, '43', 'W9b - NAV by Asset Class Table', 2, 'Changed widget_param.'),
(579, '2013-06-19 01:56:31', 1, 12, '55', 'column_width=100,85', 1, ''),
(580, '2013-06-19 01:57:14', 1, 13, '30', 'W74 - Redemption Tracker', 2, 'Changed widget_param.'),
(581, '2013-06-19 01:57:29', 1, 13, '31', 'W75 - Cumulative Weight Table', 2, 'Changed widget_param.'),
(582, '2013-06-19 01:58:10', 1, 12, '56', 'column_width=115,130', 1, ''),
(583, '2013-06-19 01:58:50', 1, 13, '1', 'W11 - Data Table', 2, 'Changed widget_param.'),
(584, '2013-06-19 02:00:45', 1, 13, '29', 'W73 Holding Liquidity Table ', 2, 'Changed widget_param.'),
(585, '2013-06-19 02:14:32', 1, 12, '48', 'column_width=50,80', 2, 'Changed value.'),
(586, '2013-06-19 02:15:23', 1, 12, '57', 'column_width=50,70', 1, ''),
(587, '2013-06-19 02:15:39', 1, 13, '16', 'W6 - Fund Historical NAV ', 2, 'Changed widget_param.'),
(588, '2013-06-19 02:16:02', 1, 12, '57', 'column_width=50,60', 2, 'Changed value.'),
(589, '2013-06-19 02:22:16', 1, 13, '16', 'W6 - Fund Historical NAV ', 2, 'Changed widget_param.'),
(590, '2013-06-19 02:22:24', 1, 12, '57', 'column_width=50,60', 3, ''),
(591, '2013-06-19 06:28:01', 1, 27, '6', 'HSBC Funds / Gale E', 2, 'Changed page.'),
(592, '2013-06-19 06:28:34', 1, 27, '8', 'HSBC Funds / Gale K', 2, 'Changed page.'),
(593, '2013-06-19 06:29:17', 1, 27, '72', 'HSBC Funds / Gale G', 2, 'Changed page.'),
(594, '2013-06-19 06:29:34', 1, 27, '18', 'Private Equity / Private Equity', 2, 'Changed page.'),
(595, '2013-06-19 06:29:47', 1, 27, '73', 'Credit Suisse / CS Fixed Income & Treasuries', 2, 'Changed page.'),
(596, '2013-06-19 06:31:45', 1, 15, '60', 'Performance / FUND_NAME / Holdings Trade Tables and Graphs', 1, ''),
(597, '2013-06-19 06:37:40', 1, 15, '61', 'Performance / FUND_NAME / Performance by Asset Class', 1, ''),
(598, '2013-06-19 06:38:31', 1, 15, '62', 'Performance / FUND_NAME / Performance against Benchmarks', 1, ''),
(599, '2013-06-19 06:41:53', 1, 15, '63', 'Stats / FUND_NAME / Historical Statistics', 1, ''),
(600, '2013-06-19 06:42:18', 1, 15, '64', 'Stats / FUND_NAME / Returns', 1, ''),
(601, '2013-06-19 06:42:31', 1, 15, '65', 'Stats / FUND_NAME / Best Worst Months', 1, ''),
(602, '2013-06-19 06:42:49', 1, 15, '66', 'Stats / FUND_NAME / Return Histogram', 1, ''),
(603, '2013-06-19 06:43:22', 1, 15, '67', 'Stats / FUND_NAME / Correlation Matrix', 1, ''),
(604, '2013-06-19 06:43:43', 1, 15, '68', 'Stats / FUND_NAME / Performance in Negative Months', 1, ''),
(605, '2013-06-19 06:46:23', 1, 15, '69', 'Asset Allocation / FUND_NAME / Historical NAV Table', 1, ''),
(606, '2013-06-19 06:47:36', 1, 15, '70', 'Asset Allocation / FUND_NAME / DATE / Allocation NAV Bar', 1, ''),
(607, '2013-06-19 06:47:55', 1, 15, '71', 'Asset Allocation / FUND_NAME / NAV by Asset Class', 1, ''),
(608, '2013-06-19 06:48:11', 1, 15, '72', 'Asset Allocation / FUND_NAME / NAV by Sector', 1, ''),
(609, '2013-06-19 07:02:48', 1, 12, '58', 'column_width=80,90', 1, ''),
(610, '2013-06-19 07:03:35', 1, 13, '33', 'W70 - Currency Hedges', 2, 'Changed widget_param.'),
(611, '2013-06-19 07:07:06', 1, 15, '73', 'Asset Allocation / FUND_NAME / DATE / Allocation NAV Bar', 1, ''),
(612, '2013-06-19 07:07:16', 1, 15, '73', 'Asset Allocation / FUND_NAME / DATE / Allocation NAV Bar', 3, ''),
(613, '2013-06-19 07:09:15', 1, 15, '74', 'Asset Allocation / FUND_NAME / Holdings Trade Tables and Graphs', 1, ''),
(614, '2013-06-19 07:09:17', 1, 12, '59', 'align=center', 1, ''),
(615, '2013-06-19 07:09:53', 1, 15, '75', 'Asset Allocation / FUND_NAME / NAV by Location', 1, ''),
(616, '2013-06-19 07:10:23', 1, 13, '5', 'W1 - Data Table', 2, 'Changed widget_param.'),
(617, '2013-06-19 07:18:59', 1, 15, '76', 'Share Holder Register / FUND_NAME /  Share Holder Register', 1, ''),
(618, '2013-06-19 07:20:01', 1, 15, '77', 'Share Holder Register / FUND_NAME / NAV Reconciliation', 1, ''),
(619, '2013-06-19 07:20:26', 1, 15, '78', 'Share Holder Register / FUND_NAME /  Subscription and Redemptions', 1, ''),
(620, '2013-06-19 07:25:56', 1, 15, '75', 'Asset Allocation / FUND_NAME / NAV by Location', 3, ''),
(621, '2013-06-19 07:26:09', 1, 15, '59', 'Performance / FUND_NAME / DATE / Performance by Location', 3, ''),
(622, '2013-06-19 07:27:19', 1, 15, '79', 'FX Hedges / FUND_NAME /  Foreign Currency Positions and Hedges', 1, ''),
(623, '2013-06-19 07:28:19', 1, 15, '80', 'Fund Configuration / FUND_NAME /  Summary', 1, ''),
(624, '2013-06-19 07:52:08', 1, 15, '81', 'Performance / FUND_NAME / Historical Performance', 1, ''),
(625, '2013-06-19 07:52:24', 1, 15, '82', 'Performance / FUND_NAME / DATE /  Holding Performance Bar Graph', 1, ''),
(626, '2013-06-19 07:54:41', 1, 15, '83', 'Performance / FUND_NAME / DATE / Performance by Sector', 1, ''),
(627, '2013-06-19 07:59:54', 1, 15, '84', 'Performance / FUND_NAME / DATE / Performance by Location', 1, ''),
(628, '2013-06-19 08:00:11', 1, 15, '83', 'Performance / FUND_NAME / Performance by Asset Class', 2, 'Changed window.'),
(629, '2013-06-19 08:00:35', 1, 15, '85', 'Performance / FUND_NAME / Holdings Trade Tables and Graphs', 1, ''),
(630, '2013-06-19 08:07:23', 1, 17, '7', 'Limited Holdings', 1, ''),
(631, '2013-06-19 08:07:44', 1, 24, '15', 'Gale H', 1, ''),
(632, '2013-06-19 08:07:54', 1, 27, '75', 'HSBC Funds / Gale H', 1, ''),
(633, '2013-06-19 08:36:28', 1, 24, '16', 'Gale I', 1, ''),
(634, '2013-06-19 08:36:35', 1, 27, '76', 'HSBC Funds / Gale I', 1, ''),
(635, '2013-06-19 08:47:26', 1, 27, '8', 'HSBC Funds / Gale K', 2, 'Changed page.'),
(636, '2013-06-19 08:48:13', 1, 27, '72', 'HSBC Funds / Gale G', 2, 'Changed page.'),
(637, '2013-06-19 08:48:22', 1, 27, '6', 'HSBC Funds / Gale E', 2, 'Changed page.'),
(638, '2013-06-19 08:48:35', 1, 27, '73', 'Credit Suisse / CS Fixed Income & Treasuries', 2, 'Changed page.'),
(639, '2013-06-19 08:48:46', 1, 27, '18', 'Private Equity / Private Equity', 2, 'Changed page.'),
(640, '2013-06-19 08:57:20', 1, 15, '86', 'Performance / FUND_NAME / Performance against Benchmarks', 1, ''),
(641, '2013-06-19 09:04:22', 1, 15, '87', 'Stats / FUND_NAME / Historical Statistics', 1, ''),
(642, '2013-06-19 09:06:47', 1, 15, '88', 'Limited Holdings / FUND_NAME / Returns', 1, ''),
(643, '2013-06-19 09:07:09', 1, 15, '88', 'Stats / FUND_NAME / Returns', 2, 'Changed page.'),
(644, '2013-06-19 09:07:28', 1, 15, '89', 'Stats / FUND_NAME / Best Worst Months', 1, ''),
(645, '2013-06-19 09:07:49', 1, 15, '90', 'Stats / FUND_NAME / Return Histogram', 1, ''),
(646, '2013-06-19 09:11:04', 1, 15, '91', 'Stats / FUND_NAME / Performance in Negative Months', 1, ''),
(647, '2013-06-19 09:11:39', 1, 15, '92', 'Stats / FUND_NAME / Correlation Matrix', 1, ''),
(648, '2013-06-19 09:39:22', 1, 15, '93', 'Asset Allocation / FUND_NAME / Historical NAV Table', 1, ''),
(649, '2013-06-19 09:47:58', 1, 15, '94', 'Asset Allocation / FUND_NAME / NAV by Location', 1, ''),
(650, '2013-06-19 09:48:18', 1, 15, '95', 'Asset Allocation / FUND_NAME / Holdings Trade Tables and Graphs', 1, ''),
(651, '2013-06-19 09:49:58', 1, 15, '96', 'Asset Allocation / FUND_NAME / NAV by Asset Class', 1, ''),
(652, '2013-06-19 09:55:31', 1, 15, '97', 'Share Holder Register / FUND_NAME /  Share Holder Register', 1, ''),
(653, '2013-06-19 09:57:50', 1, 15, '98', 'Asset Allocation / FUND_NAME / DATE / Allocation NAV Bar', 1, ''),
(654, '2013-06-19 09:59:01', 1, 15, '99', 'FX Hedges / FUND_NAME /  Foreign Currency Positions and Hedges', 1, ''),
(655, '2013-06-19 09:59:24', 1, 15, '100', 'Fund Configuration / FUND_NAME /  Summary', 1, ''),
(656, '2013-06-19 10:00:10', 1, 15, '101', 'Performance / FUND_NAME / Historical Performance', 1, ''),
(657, '2013-06-19 10:00:47', 1, 15, '102', 'Performance / FUND_NAME / DATE /  Holding Performance Bar Graph', 1, ''),
(658, '2013-06-19 10:02:29', 1, 15, '103', 'Share Holder Register / FUND_NAME / NAV Reconciliation', 1, ''),
(659, '2013-06-19 10:02:52', 1, 15, '104', 'Share Holder Register / FUND_NAME /  Subscription and Redemptions', 1, ''),
(660, '2013-06-19 10:10:50', 1, 15, '105', 'Performance / FUND_NAME / DATE / Performance by Sector', 1, ''),
(661, '2013-06-19 10:11:13', 1, 15, '106', 'Performance / FUND_NAME / DATE / Performance by Location', 1, ''),
(662, '2013-06-19 10:14:43', 1, 12, '60', 'investtype=investmenttype', 1, ''),
(663, '2013-06-19 10:15:27', 1, 12, '60', 'investtype=investmenttype', 3, ''),
(664, '2013-06-19 10:16:53', 1, 15, '107', 'Performance / FUND_NAME / Performance against Benchmarks', 1, ''),
(665, '2013-06-19 10:18:24', 1, 15, '108', 'Performance / FUND_NAME / DATE /  Holding Performance Bar Graph', 1, ''),
(666, '2013-06-19 10:19:09', 1, 15, '109', 'Performance / FUND_NAME / Holdings Trade Tables and Graphs', 1, ''),
(667, '2013-06-19 10:19:25', 1, 15, '110', 'Stats / FUND_NAME / Historical Statistics', 1, ''),
(668, '2013-06-19 10:19:59', 1, 15, '111', 'Stats / FUND_NAME / Returns', 1, ''),
(669, '2013-06-19 10:20:12', 1, 15, '112', 'Stats / FUND_NAME / Best Worst Months', 1, ''),
(670, '2013-06-19 10:20:30', 1, 15, '113', 'Stats / FUND_NAME / Return Histogram', 1, ''),
(671, '2013-06-19 10:20:53', 1, 15, '114', 'Stats / FUND_NAME / Correlation Matrix', 1, ''),
(672, '2013-06-19 10:21:09', 1, 15, '115', 'Stats / FUND_NAME / Performance in Negative Months', 1, ''),
(673, '2013-06-19 10:27:23', 1, 15, '109', 'Performance / FUND_NAME / Holdings Trade Tables and Graphs', 3, ''),
(674, '2013-06-19 10:27:51', 1, 15, '108', 'Performance / FUND_NAME / DATE /  Holding Performance Bar Graph', 3, ''),
(675, '2013-06-19 10:28:29', 1, 15, '116', 'Asset Allocation / FUND_NAME / Historical NAV Table', 1, ''),
(676, '2013-06-19 10:44:46', 1, 15, '107', 'Performance / FUND_NAME / Performance against Benchmarks', 3, ''),
(677, '2013-06-19 10:51:32', 1, 15, '102', 'Performance / FUND_NAME / DATE /  Holding Performance Bar Graph', 3, ''),
(678, '2013-06-19 10:51:40', 1, 15, '105', 'Performance / FUND_NAME / DATE / Performance by Sector', 3, ''),
(679, '2013-06-19 10:51:55', 1, 15, '106', 'Performance / FUND_NAME / DATE / Performance by Location', 3, ''),
(680, '2013-06-19 10:53:19', 1, 15, '117', 'Share Holder Register / FUND_NAME /  Share Holder Register', 1, ''),
(681, '2013-06-19 10:53:35', 1, 15, '118', 'Share Holder Register / FUND_NAME /  Subscription and Redemptions', 1, ''),
(682, '2013-06-19 10:53:51', 1, 15, '119', 'Share Holder Register / FUND_NAME / NAV Reconciliation', 1, ''),
(683, '2013-06-19 10:54:11', 1, 15, '120', 'Gross Asset Calculation / FUND_NAME /  Gross Assets Calculation', 1, ''),
(684, '2013-06-19 10:54:41', 1, 15, '121', 'FX Hedges / FUND_NAME /  Foreign Currency Positions and Hedges', 1, ''),
(685, '2013-06-19 10:54:59', 1, 15, '122', 'Fund Configuration / FUND_NAME /  Summary', 1, ''),
(686, '2013-06-19 11:00:14', 1, 15, '123', 'Performance / FUND_NAME / DATE /  Holding Performance Bar Graph', 1, ''),
(687, '2013-06-19 11:00:30', 1, 15, '124', 'Performance / FUND_NAME / Performance against Benchmarks', 1, ''),
(688, '2013-06-19 11:00:56', 1, 15, '125', 'Performance / FUND_NAME / DATE / Performance by Location', 1, ''),
(689, '2013-06-19 11:01:40', 1, 15, '126', 'Performance / FUND_NAME / Historical Performance', 1, ''),
(690, '2013-06-19 11:08:29', 1, 15, '127', 'Stats / FUND_NAME / Historical Statistics', 1, ''),
(691, '2013-06-19 11:08:50', 1, 15, '128', 'Stats / FUND_NAME / Returns', 1, ''),
(692, '2013-06-19 11:09:10', 1, 15, '129', 'Stats / FUND_NAME / Best Worst Months', 1, ''),
(693, '2013-06-19 11:09:26', 1, 15, '130', 'Stats / FUND_NAME / Return Histogram', 1, ''),
(694, '2013-06-19 11:09:43', 1, 15, '131', 'Stats / FUND_NAME / Correlation Matrix', 1, ''),
(695, '2013-06-19 11:10:01', 1, 15, '132', 'Stats / FUND_NAME / Performance in Negative Months', 1, ''),
(696, '2013-06-19 11:10:58', 1, 15, '133', 'FX Hedges / FUND_NAME /  Foreign Currency Positions and Hedges', 1, ''),
(697, '2013-06-19 11:11:16', 1, 15, '134', 'Fund Configuration / FUND_NAME /  Summary', 1, ''),
(698, '2013-06-19 11:28:29', 1, 15, '135', 'Asset Allocation / FUND_NAME / Historical NAV Table', 1, ''),
(699, '2013-06-19 11:31:35', 1, 15, '136', 'Asset Allocation / FUND_NAME / DATE / Allocation NAV Bar', 1, ''),
(700, '2013-06-19 11:39:13', 1, 15, '137', 'Stats / FUND_NAME / Best Worst Months', 1, ''),
(701, '2013-06-19 11:39:55', 1, 15, '138', 'Stats / FUND_NAME / Performance in Negative Months', 1, ''),
(702, '2013-06-19 11:41:07', 1, 15, '139', 'Stats / FUND_NAME / Best Worst Months', 1, ''),
(703, '2013-06-19 11:43:15', 1, 15, '91', 'Stats / FUND_NAME / Performance in Negative Months', 2, 'No fields changed.'),
(704, '2013-06-21 01:05:29', 1, 10, '2', 'FUND_NAME / Performance against Benchmarks', 2, 'Changed size_y for widget "W16 - Line Graph". Changed size_y for widget "W16 - Data Table".'),
(705, '2013-06-21 01:07:44', 1, 13, '3', 'W16 - Line Graph', 2, 'Changed widget_param.'),
(706, '2013-06-21 01:09:10', 1, 13, '3', 'W16 - Line Graph', 2, 'Changed widget_param.'),
(707, '2013-06-21 01:09:44', 1, 13, '3', 'W16 - Line Graph', 2, 'Changed widget_param.'),
(708, '2013-06-21 01:10:39', 1, 13, '3', 'W16 - Line Graph', 2, 'Changed widget_param.'),
(709, '2013-06-21 01:11:57', 1, 13, '3', 'W16 - Line Graph', 2, 'Changed size_x.'),
(710, '2013-06-21 01:12:12', 1, 13, '4', 'W16 - Data Table', 2, 'Changed size_x.'),
(711, '2013-06-21 01:12:53', 1, 13, '4', 'W16 - Data Table', 2, 'Changed size_x.'),
(712, '2013-06-21 01:13:26', 1, 13, '4', 'W16 - Data Table', 2, 'Changed size_x.'),
(713, '2013-06-21 01:51:11', 1, 13, '5', 'W1 - Data Table', 2, 'Changed size_x.'),
(714, '2013-06-21 01:55:39', 1, 12, '15', 'title=true', 2, 'Changed value.'),
(715, '2013-06-21 01:55:47', 1, 12, '14', 'title=false', 2, 'Changed value.'),
(716, '2013-06-25 06:16:41', 1, 32, '1', 'Brazil', 2, 'Changed name and code.'),
(717, '2013-06-25 06:16:52', 1, 32, '2', 'Mexico', 1, ''),
(718, '2013-06-25 06:16:58', 1, 32, '3', 'Chile', 1, ''),
(719, '2013-06-25 06:17:01', 1, 32, '4', 'Peru', 1, ''),
(720, '2013-06-25 06:17:17', 1, 32, '5', 'Singapore', 1, ''),
(721, '2013-06-25 06:17:36', 1, 32, '6', 'China', 1, ''),
(722, '2013-06-25 06:17:39', 1, 32, '7', 'Japan', 1, ''),
(723, '2013-06-25 06:17:49', 1, 32, '8', 'U.K', 1, ''),
(724, '2013-06-25 06:18:03', 1, 32, '9', 'Greece', 1, ''),
(725, '2013-06-25 06:18:14', 1, 32, '10', 'Spain', 1, ''),
(726, '2013-06-25 12:18:46', 1, 17, '7', 'limited_holdings', 2, 'Changed name.'),
(727, '2013-06-25 12:19:10', 1, 17, '7', 'Limited Holdings', 2, 'Changed key and name.'),
(728, '2013-06-25 12:19:15', 1, 17, '6', 'Private Equity', 2, 'Changed key.'),
(729, '2013-06-25 12:19:19', 1, 17, '5', 'Equity, Options and Futures', 2, 'Changed key.'),
(730, '2013-06-25 12:19:22', 1, 17, '4', 'Side Pockets', 2, 'Changed key.'),
(731, '2013-06-25 12:19:26', 1, 17, '3', 'Fund of Funds', 2, 'Changed key.'),
(732, '2013-06-25 12:19:29', 1, 17, '2', 'FI & Treasuries', 2, 'No fields changed.'),
(733, '2013-06-25 12:23:25', 1, 27, '71', 'Click here', 2, 'Changed fund.'),
(734, '2013-06-25 12:29:37', 1, 24, '1', 'XRzErpnx', 2, 'Changed classification.'),
(735, '2013-06-25 12:31:52', 1, 10, '11', 'FUND_NAME / NAV by Sub Sector', 2, 'Changed name.'),
(736, '2013-06-26 20:51:10', 1, 12, '60', 'subtable=true', 1, ''),
(737, '2013-06-27 02:23:27', 1, 10, '31', 'w5b - FUND_NAME / DATE / Performance by Location', 1, ''),
(738, '2013-06-27 02:37:37', 1, 15, '140', 'Equities, Options, Futures / FUND_NAME / DATE / Performance by Location', 1, ''),
(739, '2013-06-27 02:38:03', 1, 27, '9', 'HSBC Funds / Gale L', 2, 'Changed fund.'),
(740, '2013-06-27 02:49:39', 1, 15, '140', 'Performance / FUND_NAME / DATE / Performance by Location', 2, 'Changed page.'),
(741, '2013-06-27 02:55:40', 1, 15, '140', 'Performance / FUND_NAME / DATE / Performance by Location', 2, 'Changed col.'),
(742, '2013-06-27 04:40:43', 1, 13, '44', 'W5b - Performance by Location Table', 2, 'Changed name.'),
(743, '2013-06-27 04:51:25', 1, 13, '44', 'W5b - Performance by Location Table', 2, 'Changed widget_param.'),
(744, '2013-06-27 04:59:35', 1, 13, '45', 'W5b - Performance by Location Bar Chart', 2, 'Changed name and widget_param.'),
(745, '2013-06-27 05:20:05', 1, 27, '71', 'Click here', 2, 'Changed page.'),
(746, '2013-06-27 06:26:05', 1, 10, '32', 'w13 - FUND_NAME /  Gross Assets Calculation', 1, ''),
(747, '2013-06-27 06:27:01', 1, 10, '32', 'w13b - FUND_NAME /  Gross Assets Calculation', 2, 'Changed key. Changed name for widget "W13b - Fund Gross Assets".'),
(748, '2013-06-27 06:27:31', 1, 13, '36', 'W13 - Fund Gross Assets', 2, 'Changed key.'),
(749, '2013-06-27 06:27:32', 1, 13, '46', 'W13b - Fund Gross Assets', 2, 'Changed key.'),
(750, '2013-06-27 06:31:25', 1, 10, '33', 'w13b - FUND_NAME /  Gross Assets Calculation', 1, ''),
(751, '2013-06-27 06:31:37', 1, 10, '33', 'w13c - FUND_NAME /  Gross Assets Calculation', 2, 'Changed key. Changed name and key for widget "W13c - Fund Gross Assets".'),
(752, '2013-06-27 06:32:38', 1, 27, '72', 'HSBC Funds / Gale G', 2, 'Changed fund.'),
(753, '2013-06-27 13:35:14', 1, 42, '18', 'Side Pockets', 1, ''),
(754, '2013-06-27 13:35:21', 1, 42, '19', 'Fund of Funds', 1, ''),
(755, '2013-06-27 13:35:26', 1, 42, '20', 'Cash', 1, ''),
(756, '2013-06-27 13:36:23', 1, 42, '21', 'Pussy', 1, ''),
(757, '2013-06-27 13:36:28', 1, 42, '22', 'Coca Cola', 1, ''),
(758, '2013-06-27 13:36:35', 1, 42, '23', 'Pepsi', 1, ''),
(759, '2013-06-27 14:16:46', 1, 13, '48', 'W8 - Euro Fund NAV by Sector Table', 1, ''),
(760, '2013-06-27 14:17:49', 1, 12, '61', 'holding_category__holding_group=hol', 1, ''),
(761, '2013-06-27 14:17:59', 1, 12, '62', 'holding_category__holding_group=inv', 1, ''),
(762, '2013-06-27 14:19:27', 1, 13, '48', 'W8 - Euro Fund NAV by Sector Table', 3, ''),
(763, '2013-06-27 14:19:36', 1, 10, '34', 'w8 - FUND_NAME / NAV by Sector', 1, ''),
(764, '2013-06-27 14:19:56', 1, 10, '34', 'w8b - FUND_NAME / NAV by Sector', 2, 'Changed key. Changed name for widget "W8b - Euro Fund NAV by Sector Table". Changed name for widget "W8b - NAV by Sector Pie Chart".'),
(765, '2013-06-27 14:21:01', 1, 15, '46', 'Fixed Income & Treasuries / FUND_NAME / NAV by Sector', 2, 'Changed window.'),
(766, '2013-06-27 14:21:28', 1, 10, '34', 'w8b - FUND_NAME / NAV by Sector', 2, 'No fields changed.'),
(767, '2013-06-27 14:22:52', 1, 13, '49', 'W8b - Euro Fund NAV by Sector Table', 2, 'Changed widget_param.'),
(768, '2013-06-27 14:24:05', 1, 13, '50', 'W8b - NAV by Sector Pie Chart', 2, 'Changed widget_param.'),
(769, '2013-06-27 19:00:47', 1, 13, '44', 'W5b - Performance by Location Table', 2, 'Changed widget_param.'),
(770, '2013-06-27 19:01:24', 1, 13, '44', 'W5b - Performance by Location Table', 2, 'Changed widget_param.'),
(771, '2013-06-28 05:40:49', 1, 42, '24', 'test', 1, ''),
(772, '2013-06-28 05:48:14', 1, 13, '44', 'W5b - Performance by Location Table', 2, 'Changed size_y.'),
(773, '2013-06-28 06:14:34', 1, 13, '44', 'W5b - Performance by Location Table', 2, 'Changed size_x.'),
(774, '2013-06-28 06:18:06', 1, 13, '44', 'W5b - Performance by Location Table', 2, 'Changed size_y and size_x.'),
(775, '2013-06-28 06:34:38', 1, 13, '44', 'W5b - Performance by Location Table', 2, 'Changed size_y and size_x.'),
(776, '2013-06-28 06:34:55', 1, 13, '44', 'W5b - Performance by Location Table', 2, 'Changed size_y and size_x.'),
(777, '2013-06-28 06:35:26', 1, 13, '44', 'W5b - Performance by Location Table', 2, 'Changed size_x.'),
(778, '2013-06-28 06:35:57', 1, 13, '44', 'W5b - Performance by Location Table', 2, 'Changed size_x.'),
(779, '2013-06-28 06:36:29', 1, 13, '44', 'W5b - Performance by Location Table', 2, 'Changed size_x.'),
(780, '2013-06-28 06:39:58', 1, 13, '44', 'W5b - Performance by Location Table', 2, 'Changed size_x.'),
(781, '2013-06-28 07:35:56', 1, 13, '44', 'W5b - Performance by Location Table', 2, 'Changed widget_type.'),
(782, '2013-06-28 07:39:23', 1, 10, '31', 'w5b - FUND_NAME / DATE / Performance by Location', 2, 'Changed size_y for widget "W5b - Performance by Location Table". Changed size_y for widget "W5b - Performance by Location Bar Chart".'),
(783, '2013-06-28 08:02:46', 1, 13, '44', 'W5b - Performance by Location Table', 2, 'Changed widget_type and size_y.'),
(784, '2013-06-28 08:29:49', 1, 13, '44', 'W5b - Performance by Location Table', 2, 'Changed widget_type.'),
(785, '2013-06-28 12:11:41', 1, 13, '44', 'W5b - Performance by Location Table', 2, 'Changed widget_param.'),
(786, '2013-06-28 13:08:55', 1, 13, '44', 'W5b - Performance by Location Table', 2, 'Changed size_x.'),
(787, '2013-06-28 13:10:38', 1, 13, '44', 'W5b - Performance by Location Table', 2, 'Changed size_x.'),
(788, '2013-06-28 13:10:59', 1, 13, '44', 'W5b - Performance by Location Table', 2, 'Changed size_x.'),
(789, '2013-06-28 13:12:35', 1, 13, '44', 'W5b - Performance by Location Table', 2, 'Changed size_x.'),
(790, '2013-06-28 13:24:13', 1, 13, '44', 'W5b - Performance by Location Table', 2, 'Changed size_y.'),
(791, '2013-06-29 14:00:52', 1, 42, '24', 'test', 3, ''),
(792, '2013-06-29 18:10:28', 1, 10, '35', 'w31 - FUND_NAME / Summary of Commitments ', 1, ''),
(793, '2013-06-29 18:12:00', 1, 27, '18', 'Private Equity / Private Equity', 2, 'Changed fund.'),
(794, '2013-06-29 18:16:43', 1, 15, '141', 'Private Equity / FUND_NAME / Summary of Commitments ', 1, ''),
(795, '2013-06-29 18:19:08', 1, 13, '51', 'W31 - Holding', 2, 'Changed widget_param.'),
(796, '2013-06-29 18:20:26', 1, 12, '63', 'fields=name,commit,drawdown,various,residual_commit,distribution,valuation,total_value,proceed,irr', 1, ''),
(797, '2013-06-29 18:20:46', 1, 13, '51', 'W31 - Holding', 2, 'Changed widget_param.'),
(798, '2013-06-29 18:21:28', 1, 15, '142', 'Private Equity / FUND_NAME / Summary of Commitments ', 1, ''),
(799, '2013-06-29 18:21:52', 1, 10, '35', 'w31 - FUND_NAME / Summary of Commitments ', 2, 'Changed size_y and size_x.'),
(800, '2013-06-29 18:24:35', 1, 13, '51', 'W31 - Holding', 2, 'Changed v2.'),
(801, '2013-06-29 19:36:05', 1, 12, '63', 'fields=id,name,commit,drawdown,various,residual_commit,distribution,valuation,total_value,proceed,irr', 2, 'Changed value.'),
(802, '2013-06-30 13:56:48', 1, 27, '8', 'HSBC Funds / Gale K', 2, 'Changed fund.'),
(803, '2013-06-30 14:07:14', 1, 10, '36', 'w28 - FUND_NAME / Valuation & Cash Flows', 1, ''),
(804, '2013-06-30 14:08:43', 1, 13, '52', 'W28 - Holding Valution & Cash Flows', 2, 'Changed widget_param and v2.'),
(805, '2013-06-30 14:10:01', 1, 15, '143', 'Side Pockets / FUND_NAME / Valuation & Cash Flows', 1, ''),
(806, '2013-06-30 14:10:31', 1, 15, '144', 'Fund (Fund of Fund) / FUND_NAME / Valuation & Cash Flows', 1, ''),
(807, '2013-06-30 14:17:50', 1, 27, '8', 'HSBC Funds / Gale K', 2, 'Changed fund.'),
(808, '2013-06-30 14:17:56', 1, 27, '18', 'Private Equity / Private Equity', 2, 'Changed fund.'),
(809, '2013-06-30 15:22:40', 1, 27, '8', 'HSBC Funds / Gale K', 2, 'Changed fund.'),
(810, '2013-06-30 15:23:13', 1, 13, '53', 'W28 - Fund Valution & Cash Flows', 2, 'Changed v2.'),
(811, '2013-06-30 15:23:36', 1, 13, '53', 'W28 - Fund Valution & Cash Flows', 2, 'Changed widget_param.'),
(812, '2013-06-30 15:26:44', 1, 13, '51', 'W31 - Holding', 2, 'No fields changed.'),
(813, '2013-06-30 15:31:29', 1, 27, '70', 'HSBC Funds / Gale B', 2, 'Changed fund.'),
(814, '2013-07-01 11:57:34', 1, 27, '8', 'HSBC Funds / Gale K', 2, 'Changed fund.'),
(815, '2013-07-01 12:03:09', 1, 27, '18', 'Private Equity / Private Equity', 2, 'Changed fund.'),
(816, '2013-07-01 12:18:13', 1, 27, '8', 'HSBC Funds / Gale K', 2, 'Changed fund.'),
(817, '2013-07-01 12:18:24', 1, 27, '18', 'Private Equity / Private Equity', 2, 'Changed fund.'),
(818, '2013-07-01 14:22:57', 1, 13, '54', 'W12 - Fund Register Table', 1, ''),
(819, '2013-07-01 14:24:39', 1, 12, '64', 'fields=client__name,commit,drawdown,various,residual_commit,distribution,valuation,total_value,proceed,irr', 1, ''),
(820, '2013-07-01 18:16:45', 1, 12, '64', 'fields=first_name,last_name,commit,drawdown,various,residual_commit,distribution,valuation,total_value,proceed', 2, 'Changed value.'),
(821, '2013-07-01 18:17:05', 1, 13, '54', 'W12b - Fund Register Table', 2, 'Changed name, key, widget_param and v2.'),
(822, '2013-07-01 18:18:34', 1, 10, '37', 'w12b - FUND_NAME / Share Holder Register', 1, ''),
(823, '2013-07-01 18:19:21', 1, 13, '54', 'W12b - Fund Register Table', 2, 'Changed window.'),
(824, '2013-07-01 18:22:48', 1, 15, '117', 'Side Pockets / FUND_NAME / Share Holder Register', 2, 'Changed window.'),
(825, '2013-07-01 18:23:50', 1, 10, '37', 'w12b - FUND_NAME / Share Holder Register', 2, 'Changed size_x.'),
(826, '2013-07-01 18:24:24', 1, 27, '75', 'HSBC Funds / Gale H', 2, 'Changed fund.'),
(827, '2013-07-01 18:28:19', 1, 12, '64', 'fields=first_name,last_name,commit,drawdown,various,residual_commit,distribution,valuation,total_value,proceed,irr', 2, 'Changed value.'),
(828, '2013-07-01 18:28:30', 1, 27, '70', 'HSBC Funds / Gale B', 2, 'Changed fund.'),
(829, '2013-07-01 18:35:59', 1, 13, '54', 'W12b - Fund Register Table', 2, 'Changed size_x.'),
(830, '2013-07-01 18:36:55', 1, 13, '54', 'W12b - Fund Register Table', 2, 'Changed size_x.'),
(831, '2013-07-01 18:37:18', 1, 10, '37', 'w12b - FUND_NAME / Share Holder Register', 2, 'Changed size_x for widget "W12b - Fund Register Table".'),
(832, '2013-07-01 18:38:49', 1, 10, '37', 'w12b - FUND_NAME / Share Holder Register', 2, 'Changed size_x. Changed size_x for widget "W12b - Fund Register Table".'),
(833, '2013-07-01 22:09:04', 1, 12, '65', 'distinct=true', 1, ''),
(834, '2013-07-01 22:09:20', 1, 13, '54', 'W12b - Fund Register Table', 2, 'Changed widget_param.'),
(835, '2013-07-01 23:08:32', 1, 41, '1', '1', 2, 'Changed client.'),
(836, '2013-07-01 23:09:44', 1, 41, '2', '2', 2, 'Changed client.'),
(837, '2013-07-01 23:43:30', 1, 27, '8', 'HSBC Funds / Gale K', 2, 'Changed fund.'),
(838, '2013-07-01 23:44:32', 1, 27, '18', 'Private Equity / Private Equity', 2, 'Changed fund.'),
(839, '2013-07-01 23:45:54', 1, 12, '64', 'fields=id,first_name,last_name,commit,drawdown,various,residual_commit,distribution,valuation,total_value,proceed,irr', 2, 'Changed value.'),
(840, '2013-07-01 23:45:54', 1, 12, '64', 'fields=id,first_name,last_name,commit,drawdown,various,residual_commit,distribution,valuation,total_value,proceed,irr', 2, 'No fields changed.'),
(841, '2013-07-02 14:38:19', 1, 27, '70', 'HSBC Funds / Gale B', 2, 'Changed fund.'),
(842, '2013-07-02 19:18:12', 1, 27, '70', 'HSBC Funds / Gale B', 2, 'Changed page.'),
(843, '2013-07-02 19:20:19', 1, 27, '8', 'HSBC Funds / Gale K', 2, 'Changed page.'),
(844, '2013-07-02 19:28:24', 1, 27, '72', 'HSBC Funds / Gale G', 2, 'Changed page and fund.'),
(845, '2013-07-02 19:28:38', 1, 27, '75', 'HSBC Funds / Gale H', 2, 'Changed page and fund.'),
(846, '2013-07-02 19:28:54', 1, 27, '9', 'HSBC Funds / Gale L', 2, 'Changed page and fund.'),
(847, '2013-07-02 20:10:44', 1, 13, '5', 'W1 - Data Table', 2, 'Changed widget_type.'),
(848, '2013-07-02 20:13:28', 1, 27, '71', 'Click here', 2, 'Changed page and fund.'),
(849, '2013-07-02 20:36:27', 1, 13, '5', 'W1 - Data Table', 2, 'Changed widget_type.'),
(850, '2013-07-02 23:08:20', 1, 12, '66', 'column_width=200,200', 1, ''),
(851, '2013-07-02 23:08:34', 1, 13, '5', 'W1 - Data Table', 2, 'Changed widget_param.'),
(852, '2013-07-02 23:11:58', 1, 13, '5', 'W1 - Data Table', 2, 'Changed widget_param.'),
(853, '2013-07-02 23:12:58', 1, 13, '5', 'W1 - Data Table', 2, 'Changed widget_param.'),
(854, '2013-07-02 23:13:50', 1, 12, '67', 'column_width=40,50', 1, ''),
(855, '2013-07-02 23:14:01', 1, 13, '5', 'W1 - Data Table', 2, 'Changed widget_param.'),
(856, '2013-07-02 23:14:48', 1, 13, '5', 'W1 - Data Table', 2, 'Changed widget_param.'),
(857, '2013-07-02 23:15:42', 1, 13, '5', 'W1 - Data Table', 2, 'Changed size_x.'),
(858, '2013-07-02 23:16:18', 1, 12, '66', 'column_width=200,40', 2, 'Changed value.'),
(859, '2013-07-03 00:11:19', 1, 10, '38', 'w1 - FUND_NAME / Historical Performance', 1, ''),
(860, '2013-07-03 00:11:42', 1, 10, '38', 'w1b - FUND_NAME / Historical Performance', 2, 'Changed key. Changed name for widget "W1b - Data Table".'),
(861, '2013-07-03 12:19:26', 1, 15, '145', 'Side Pockets / FUND_NAME / Historical Performance', 1, ''),
(862, '2013-07-03 12:26:02', 1, 10, '39', 'w4b - FUND_NAME / Performance by Asset Class', 1, ''),
(863, '2013-07-03 12:26:27', 1, 10, '39', 'w4c - FUND_NAME / Performance by Type of Investment', 2, 'Changed name and key. Changed name for widget "W4c - Performance by Asset Class". Changed name for widget "W4c - Performance by Asset Class Bar Chart".'),
(864, '2013-07-03 12:27:37', 1, 13, '56', 'W4c - Performance by Asset Class', 2, 'Changed widget_param.'),
(865, '2013-07-03 12:28:40', 1, 13, '57', 'W4c - Performance by Asset Class Bar Chart', 2, 'Changed widget_param.'),
(866, '2013-07-03 12:29:42', 1, 15, '146', 'Side Pockets / FUND_NAME / Performance by Type of Investment', 1, ''),
(867, '2013-07-03 12:30:57', 1, 10, '39', 'w4c - FUND_NAME / Performance by Type of Investment', 2, 'Changed size_x. Changed size_x for widget "W4c - Performance by Asset Class". Changed size_x for widget "W4c - Performance by Asset Class Bar Chart".'),
(868, '2013-07-03 12:47:21', 1, 10, '40', 'w9 - FUND_NAME / NAV by Sub Sector', 1, ''),
(869, '2013-07-03 12:48:26', 1, 10, '40', 'w9 - FUND_NAME / NAV by Sub Sector', 3, ''),
(870, '2013-07-03 16:18:50', 1, 10, '40', 'w9b - FUND_NAME / NAV by Asset Class', 1, ''),
(871, '2013-07-03 16:19:43', 1, 10, '40', 'w9c - FUND_NAME / NAV by Asset Class', 2, 'Changed key and size_x. Changed name and size_x for widget "W9c - NAV by Asset Class Table". Changed name for widget "W9c  - NAV by Asset Class Pie".'),
(872, '2013-07-03 16:41:40', 1, 12, '68', 'fields=euro_nav', 1, ''),
(873, '2013-07-03 16:41:46', 1, 12, '69', 'fields=cash_flow', 1, ''),
(874, '2013-07-03 16:55:34', 1, 13, '58', 'W9c - NAV by Asset Class Table', 2, 'Changed widget_param.'),
(875, '2013-07-03 17:00:03', 1, 13, '59', 'W9c  - NAV by Asset Class Pie', 2, 'Changed widget_param.'),
(876, '2013-07-03 17:02:05', 1, 15, '147', 'Side Pockets / FUND_NAME / NAV by Asset Class', 1, ''),
(877, '2013-07-03 17:06:32', 1, 13, '59', 'W9c  - NAV by Asset Class Pie', 2, 'Changed widget_param.'),
(878, '2013-07-03 17:07:39', 1, 13, '58', 'W9c - NAV by Asset Class Table', 2, 'Changed widget_param.'),
(879, '2013-07-03 17:11:46', 1, 13, '58', 'W9c - NAV by Invstment type', 2, 'Changed name.'),
(880, '2013-07-03 17:16:55', 1, 10, '41', 'w9c - FUND_NAME / NAV by Asset Class', 1, ''),
(881, '2013-07-03 17:19:01', 1, 10, '41', 'w26 - FUND_NAME / Net movement % by Investment type', 2, 'Changed name, key and size_x. Changed name and size_x for widget "W26 - NAV by Invstment type". Changed name and size_x for widget "W26  - NAV by Invstment type".'),
(882, '2013-07-03 17:19:07', 1, 10, '42', 'w26 - FUND_NAME / Net movement % by Investment type', 1, ''),
(883, '2013-07-03 17:20:00', 1, 10, '42', 'w27 - FUND_NAME / Net movement Euro by Investment type', 2, 'Changed name and key. Changed name for widget "W27". Changed name for widget "W27".'),
(884, '2013-07-03 17:20:27', 1, 10, '41', 'w26 - FUND_NAME / Net movement % by Investment type', 2, 'Changed name for widget "W26 - Net movement % by Investment type". Changed name for widget "W26  - Net movement % by Investment type".'),
(885, '2013-07-03 17:20:55', 1, 10, '40', 'w9c - FUND_NAME / NAV by Invstment type', 2, 'Changed name. Changed name for widget "W9c  - NAV by Invstment type".'),
(886, '2013-07-03 17:26:38', 1, 15, '148', 'Side Pockets / FUND_NAME / Net movement % by Investment type', 1, ''),
(887, '2013-07-03 17:27:19', 1, 15, '149', 'Fund (Fund of Fund) / FUND_NAME / Net movement Euro by Investment type', 1, ''),
(888, '2013-07-03 17:27:44', 1, 15, '146', 'Side Pockets / FUND_NAME / Performance by Type of Investment', 3, ''),
(889, '2013-07-03 17:29:51', 1, 13, '62', 'W27', 2, 'Changed widget_param.'),
(890, '2013-07-03 17:30:27', 1, 13, '60', 'W26 - Net movement % by Investment type', 2, 'Changed widget_param.'),
(891, '2013-07-03 17:31:45', 1, 13, '61', 'W26  - Net movement % by Investment type', 2, 'Changed widget_param.'),
(892, '2013-07-03 18:13:29', 1, 15, '149', 'Side Pockets / FUND_NAME / Net movement Euro by Investment type', 2, 'Changed page.'),
(893, '2013-07-03 18:13:42', 1, 15, '144', 'Side Pockets / FUND_NAME / Valuation & Cash Flows', 2, 'Changed page.'),
(894, '2013-07-03 18:23:01', 1, 13, '59', 'W9c  - NAV by Investment type', 2, 'Changed name.'),
(895, '2013-07-03 18:23:54', 1, 13, '62', 'W27 - Net movement Euro by Investment type', 2, 'Changed name.'),
(896, '2013-07-03 18:25:44', 1, 13, '63', 'W27 - Net movement Euro by Investment type', 2, 'Changed name and widget_param.'),
(897, '2013-07-03 18:26:10', 1, 10, '40', 'w9c - FUND_NAME / NAV by Invstment type', 2, 'Changed size_x. Changed size_x for widget "W9c - NAV by Invstment type".'),
(898, '2013-07-03 18:26:33', 1, 10, '38', 'w1b - FUND_NAME / Historical Performance', 2, 'Changed size_x. Changed size_x for widget "W1b - Data Table".'),
(899, '2013-07-03 18:28:05', 1, 10, '40', 'w9c - FUND_NAME / NAV by Invstment type', 2, 'Changed size_x. Changed size_x for widget "W9c - NAV by Invstment type".'),
(900, '2013-07-03 18:30:12', 1, 10, '40', 'w9c - FUND_NAME / NAV by Invstment type', 2, 'Changed size_x. Changed size_x for widget "W9c - NAV by Invstment type".'),
(901, '2013-07-03 18:33:52', 1, 10, '40', 'w9c - FUND_NAME / NAV by Invstment type', 2, 'Changed size_x for widget "W9c - NAV by Invstment type".'),
(902, '2013-07-03 18:34:32', 1, 10, '40', 'w9c - FUND_NAME / NAV by Invstment type', 2, 'Changed size_x for widget "W9c - NAV by Invstment type". Changed size_x for widget "W9c  - NAV by Investment type".'),
(903, '2013-07-03 18:35:32', 1, 10, '40', 'w9c - FUND_NAME / NAV by Invstment type', 2, 'Changed size_x. Changed size_x for widget "W9c - NAV by Invstment type". Changed size_x for widget "W9c  - NAV by Investment type".'),
(904, '2013-07-03 18:35:44', 1, 10, '42', 'w27 - FUND_NAME / Net movement Euro by Investment type', 2, 'Changed size_x. Changed size_x for widget "W27 - Net movement Euro by Investment type". Changed size_x for widget "W27 - Net movement Euro by Investment type".'),
(905, '2013-07-03 18:35:54', 1, 10, '41', 'w26 - FUND_NAME / Net movement % by Investment type', 2, 'Changed size_x. Changed size_x for widget "W26 - Net movement % by Investment type". Changed size_x for widget "W26  - Net movement % by Investment type".'),
(906, '2013-07-03 19:07:40', 1, 13, '63', 'W27 - Net movement Euro by Investment type', 2, 'Changed key, widget_type and widget_param.'),
(907, '2013-07-03 19:08:34', 1, 13, '61', 'W26  - Net movement % by Investment type', 2, 'Changed key, widget_type and widget_param.'),
(908, '2013-07-03 19:09:43', 1, 10, '41', 'w26 - FUND_NAME / Net movement % by Investment type', 2, 'Changed size_y, size_x and layout. Changed size_y for widget "W26 - Net movement % by Investment type". Changed size_y and size_x for widget "W26  - Net movement % by Investment type".'),
(909, '2013-07-03 19:10:02', 1, 10, '42', 'w27 - FUND_NAME / Net movement Euro by Investment type', 2, 'Changed size_x. Changed size_y for widget "W27 - Net movement Euro by Investment type". Changed size_y and size_x for widget "W27 - Net movement Euro by Investment type".'),
(910, '2013-07-03 19:10:18', 1, 10, '42', 'w27 - FUND_NAME / Net movement Euro by Investment type', 2, 'Changed size_y and layout.'),
(911, '2013-07-03 19:12:11', 1, 10, '41', 'w26 - FUND_NAME / Net movement % by Investment type', 2, 'Changed size_y for widget "W26 - Net movement % by Investment type". Changed size_y for widget "W26  - Net movement % by Investment type".'),
(912, '2013-07-03 19:12:30', 1, 10, '42', 'w27 - FUND_NAME / Net movement Euro by Investment type', 2, 'Changed size_y for widget "W27 - Net movement Euro by Investment type". Changed size_y for widget "W27 - Net movement Euro by Investment type".'),
(913, '2013-07-03 19:13:23', 1, 13, '60', 'W26 - Net movement % by Investment type', 2, 'Changed widget_type.'),
(914, '2013-07-03 19:13:34', 1, 13, '62', 'W27 - Net movement Euro by Investment type', 2, 'Changed widget_type.'),
(915, '2013-07-03 19:45:26', 1, 27, '18', 'Private Equity / Private Equity', 2, 'Changed page.'),
(916, '2013-07-03 19:49:29', 1, 15, '126', 'Private Equity / FUND_NAME / Historical Performance', 2, 'Changed window.'),
(917, '2013-07-03 19:53:36', 1, 25, '3', 'FundBench object', 2, 'Changed funds.'),
(918, '2013-07-03 19:53:40', 1, 25, '2', 'FundBench object', 2, 'Changed funds.'),
(919, '2013-07-03 19:53:44', 1, 25, '1', 'FundBench object', 2, 'Changed funds.'),
(920, '2013-07-03 19:54:23', 1, 23, '1', 'FxHedge object', 1, ''),
(921, '2013-07-03 19:54:48', 1, 23, '2', 'FxHedge object', 1, ''),
(922, '2013-07-03 20:05:52', 1, 15, '150', 'Private Equity / FUND_NAME / Summary of Commitments ', 1, ''),
(923, '2013-07-03 20:05:52', 1, 15, '151', 'Private Equity / FUND_NAME / Summary of Commitments ', 1, ''),
(924, '2013-07-03 20:05:52', 1, 15, '152', 'Private Equity / FUND_NAME / Summary of Commitments ', 1, ''),
(925, '2013-07-03 20:05:52', 1, 15, '153', 'Private Equity / FUND_NAME / Summary of Commitments ', 1, ''),
(926, '2013-07-03 20:05:52', 1, 15, '154', 'Private Equity / FUND_NAME / Summary of Commitments ', 1, ''),
(927, '2013-07-03 20:08:50', 1, 15, '154', 'Private Equity / FUND_NAME / Summary of Commitments ', 3, ''),
(928, '2013-07-03 20:09:03', 1, 15, '153', 'Private Equity / FUND_NAME / Summary of Commitments ', 3, ''),
(929, '2013-07-03 20:09:25', 1, 15, '152', 'Private Equity / FUND_NAME / Summary of Commitments ', 3, ''),
(930, '2013-07-03 20:09:41', 1, 15, '151', 'Private Equity / FUND_NAME / Summary of Commitments ', 2, 'Changed row.'),
(931, '2013-07-03 20:09:49', 1, 15, '150', 'Private Equity / FUND_NAME / Summary of Commitments ', 3, ''),
(932, '2013-07-03 20:29:26', 1, 15, '151', 'Private Equity / FUND_NAME / Historical Performance', 2, 'Changed window.'),
(933, '2013-07-03 20:32:45', 1, 13, '5', 'W1 - Data Table', 2, 'Changed widget_param.'),
(934, '2013-07-03 20:32:49', 1, 13, '55', 'W1b - Data Table', 2, 'Changed widget_param.'),
(935, '2013-07-03 20:46:23', 1, 15, '32', 'Fixed Income & Treasuries / FUND_NAME / DATE / Performance by Sector', 3, ''),
(936, '2013-07-03 20:46:40', 1, 15, '151', 'Private Equity / FUND_NAME / Historical Performance', 3, ''),
(937, '2013-07-03 21:01:22', 1, 13, '5', 'W1 - Data Table', 2, 'Changed widget_param.'),
(938, '2013-07-04 15:18:40', 1, 27, '14', 'Credit Suisse / CS European Equity', 2, 'Changed fund.'),
(939, '2013-07-04 15:19:38', 1, 27, '14', 'Credit Suisse / CS European Equity', 2, 'Changed page.'),
(940, '2013-07-04 15:19:48', 1, 27, '15', 'Credit Suisse / CS US Equity', 2, 'Changed page and fund.'),
(941, '2013-07-04 15:19:59', 1, 27, '16', 'Credit Suisse / CS Asia Equity', 2, 'Changed page and fund.'),
(942, '2013-07-04 15:20:11', 1, 27, '19', 'Credit Suisse / CS Volatility', 2, 'Changed page and fund.'),
(943, '2013-07-04 15:20:25', 1, 27, '73', 'Credit Suisse / CS Fixed Income & Treasuries', 2, 'Changed page and fund.'),
(944, '2013-07-04 15:20:35', 1, 27, '74', 'Credit Suisse / Calibrator', 2, 'Changed page and fund.'),
(945, '2013-07-04 16:26:12', 1, 10, '5', 'w3 - FUND_NAME / DATE / Performance by Sector', 2, 'Added widget "W3b - Total Fund Performance Data Table". Changed size_y for widget "W3 -  Performance by Sector Bar Chart".'),
(946, '2013-07-04 16:28:27', 1, 12, '70', 'value=performance', 1, ''),
(947, '2013-07-04 16:28:36', 1, 12, '71', 'title=fund__name', 1, ''),
(948, '2013-07-04 16:28:57', 1, 12, '72', 'date=value_date', 1, ''),
(949, '2013-07-04 16:29:18', 1, 12, '73', 'date_type=yearly', 1, ''),
(950, '2013-07-04 16:29:45', 1, 12, '73', 'date_type=year', 2, 'Changed value.'),
(951, '2013-07-04 16:31:01', 1, 13, '64', 'W3b - Total Fund Performance Data Table', 2, 'Changed widget_param.'),
(952, '2013-07-04 16:35:20', 1, 10, '5', 'w3 - FUND_NAME / DATE / Performance by Sector', 2, 'Changed position for widget "W3 -  Performance by Sector Bar Chart". Changed position for widget "W3b - Total Fund Performance Data Table".'),
(953, '2013-07-04 16:37:42', 1, 10, '5', 'w3 - FUND_NAME / DATE / Performance by Sector', 2, 'Changed size_y for widget "W3b - Total Fund Performance Data Table". Changed size_y for widget "W3 -  Performance by Sector Bar Chart".'),
(954, '2013-07-04 16:42:46', 1, 12, '73', 'data_type=year', 2, 'Changed key.'),
(955, '2013-07-04 16:43:44', 1, 13, '64', 'W3b - Total Fund Performance Data Table', 2, 'Changed widget_param.'),
(956, '2013-07-04 16:44:55', 1, 12, '74', 'extra_fields=ytd,si', 1, ''),
(957, '2013-07-04 16:48:58', 1, 12, '75', 'column_header=false', 1, ''),
(958, '2013-07-04 16:49:09', 1, 13, '64', 'W3b - Total Fund Performance Data Table', 2, 'Changed widget_param.'),
(959, '2013-07-04 16:50:27', 1, 13, '64', 'W3b - Total Fund Performance Data Table', 2, 'Changed widget_param.'),
(960, '2013-07-04 16:51:00', 1, 10, '5', 'w3 - FUND_NAME / DATE / Performance by Sector', 2, 'Changed size_y for widget "W3 - Fund Performance Data Table". Changed size_y for widget "W3b - Total Fund Performance Data Table". Changed size_y for widget "W3 -  Performance by Sector Bar Chart".'),
(961, '2013-07-04 16:52:31', 1, 13, '64', 'W3b - Total Fund Performance Data Table', 2, 'Changed widget_param.'),
(962, '2013-07-04 16:53:02', 1, 10, '5', 'w3 - FUND_NAME / DATE / Performance by Sector', 2, 'Changed size_y for widget "W3 - Fund Performance Data Table". Changed size_y for widget "W3b - Total Fund Performance Data Table". Changed size_y for widget "W3 -  Performance by Sector Bar Chart".'),
(963, '2013-07-04 17:01:53', 1, 10, '5', 'w3 - FUND_NAME / DATE / Performance by Sector', 2, 'Changed size_y for widget "W3 - Fund Performance Data Table". Changed size_y for widget "W3 -  Performance by Sector Bar Chart".'),
(964, '2013-07-04 17:03:14', 1, 10, '5', 'w3 - FUND_NAME / DATE / Performance by Sector', 2, 'Changed size_x. Changed size_x for widget "W3 - Fund Performance Data Table". Changed size_x for widget "W3b - Total Fund Performance Data Table". Changed size_x for widget "W3 -  Performance by Sector Bar Chart".'),
(965, '2013-07-04 20:38:17', 1, 10, '6', 'w4 - FUND_NAME / DATE / Performance by Sub Sector', 2, 'Changed size_x. Added widget "W4 - Total Performance by Sub Sector Table". Changed size_x for widget "W4 - Performance by Sub Sector Table". Changed size_y and size_x for widget "W4 - Performance by Sub-Sector Bar Chart".'),
(966, '2013-07-04 20:39:10', 1, 10, '29', 'w4b - FUND_NAME / Performance by Asset Class', 2, 'Changed size_x. Added widget "W4b - Total Performance by Asset Class". Changed size_x for widget "W4b - Performance by Asset Class". Changed size_y and size_x for widget "W4b - Performance by Asset Class Bar Chart".'),
(967, '2013-07-04 20:40:09', 1, 10, '6', 'w4 - FUND_NAME / DATE / Performance by Sub Sector', 2, 'Changed position for widget "W4 - Performance by Sub-Sector Bar Chart". Changed position for widget "W4 - Total Performance by Sub Sector Table".'),
(968, '2013-07-04 20:41:53', 1, 10, '29', 'w4b - FUND_NAME / Performance by Asset Class', 2, 'Changed position for widget "W4b - Performance by Asset Class Bar Chart". Changed position for widget "W4b - Total Performance by Asset Class".'),
(969, '2013-07-04 20:42:24', 1, 10, '39', 'w4c - FUND_NAME / Performance by Type of Investment', 2, 'Added widget "W4c - Total Performance by Asset Class". Changed size_y and position for widget "W4c - Performance by Asset Class Bar Chart".'),
(970, '2013-07-04 20:43:08', 1, 10, '7', 'w5 - FUND_NAME / DATE / Performance by Location', 2, 'Changed size_x. Added widget "W5 - Total Performance by Location Table". Changed size_x for widget "W5 - Performance by Location Table". Changed size_y, size_x and position for widget "W5 - Performance by Location Bar Chart".'),
(971, '2013-07-04 20:43:44', 1, 10, '31', 'w5b - FUND_NAME / DATE / Performance by Location', 2, 'Changed size_x. Added widget "W5b - Total Performance by Location Table". Changed size_x for widget "W5b - Performance by Location Table". Changed size_x and position for widget "W5b - Performance by Location Bar Chart".'),
(972, '2013-07-04 20:46:02', 1, 13, '65', 'W4 - Total Performance by Sub Sector Table', 2, 'Changed widget_param.'),
(973, '2013-07-04 20:46:46', 1, 13, '66', 'W4b - Total Performance by Asset Class', 2, 'Changed widget_param.'),
(974, '2013-07-04 20:47:27', 1, 13, '67', 'W4c - Total Performance by Asset Class', 2, 'Changed widget_param.'),
(975, '2013-07-04 20:47:58', 1, 13, '68', 'W5 - Total Performance by Location Table', 2, 'Changed widget_param.'),
(976, '2013-07-04 20:48:52', 1, 13, '69', 'W5b - Total Performance by Location Table', 2, 'Changed widget_param.'),
(977, '2013-07-04 20:48:58', 1, 13, '64', 'W3b - Total Fund Performance Data Table', 2, 'No fields changed.'),
(978, '2013-07-04 20:50:09', 1, 10, '4', 'w2 - FUND_NAME / DATE /  Holding Performance Bar Graph', 2, 'Changed size_x. Changed size_x for widget "W2 - Fund Holding Performance Bar Graph".'),
(979, '2013-07-04 20:54:36', 1, 15, '143', 'Side Pockets / FUND_NAME / Valuation & Cash Flows', 3, ''),
(980, '2013-07-04 20:57:49', 1, 10, '31', 'w5b - FUND_NAME / DATE / Performance by Location', 2, 'Changed size_y for widget "W5b - Performance by Location Table".'),
(981, '2013-07-04 21:03:56', 1, 10, '12', 'w10 - FUND_NAME / NAV by Location', 2, 'Changed size_x. Changed size_x for widget "W10 - Euro Fund NAV by Location Table".'),
(982, '2013-07-04 21:04:03', 1, 10, '11', 'w9 - FUND_NAME / NAV by Sub Sector', 2, 'Changed size_x. Changed size_x for widget "W9 - Euro Fund NAV by Sub Sector Table".'),
(983, '2013-07-04 21:04:12', 1, 10, '10', 'w8 - FUND_NAME / NAV by Sector', 2, 'Changed size_x. Changed size_x for widget "W8 - Euro Fund NAV by Sector Table".');
INSERT INTO `django_admin_log` (`id`, `action_time`, `user_id`, `content_type_id`, `object_id`, `object_repr`, `action_flag`, `change_message`) VALUES
(984, '2013-07-04 21:05:31', 1, 10, '12', 'w10 - FUND_NAME / NAV by Location', 2, 'Changed size_x. Changed size_x for widget "W10 - Euro Fund NAV by Location Table".'),
(985, '2013-07-04 21:05:38', 1, 10, '11', 'w9 - FUND_NAME / NAV by Sub Sector', 2, 'Changed size_x. Changed size_x for widget "W9 - Euro Fund NAV by Sub Sector Table".'),
(986, '2013-07-04 21:05:45', 1, 10, '10', 'w8 - FUND_NAME / NAV by Sector', 2, 'Changed size_x. Changed size_x for widget "W8 - Euro Fund NAV by Sector Table".'),
(987, '2013-07-04 21:06:39', 1, 10, '12', 'w10 - FUND_NAME / NAV by Location', 2, 'Changed size_x. Changed size_x for widget "W10 - Euro Fund NAV by Location Table".'),
(988, '2013-07-04 21:06:45', 1, 10, '11', 'w9 - FUND_NAME / NAV by Sub Sector', 2, 'Changed size_x. Changed size_x for widget "W9 - Euro Fund NAV by Sub Sector Table".'),
(989, '2013-07-04 21:06:53', 1, 10, '10', 'w8 - FUND_NAME / NAV by Sector', 2, 'Changed size_x. Changed size_x for widget "W8 - Euro Fund NAV by Sector Table".'),
(990, '2013-07-05 06:59:41', 1, 15, '150', 'Side Pockets / FUND_NAME / Performance by Type of Investment', 1, ''),
(991, '2013-07-05 07:01:29', 1, 15, '149', 'Side Pockets / FUND_NAME / Net movement Euro by Investment type', 3, ''),
(992, '2013-07-05 07:01:37', 1, 15, '148', 'Side Pockets / FUND_NAME / Net movement % by Investment type', 3, ''),
(993, '2013-07-05 07:02:42', 1, 15, '147', 'Side Pockets / FUND_NAME / NAV by Invstment type', 3, ''),
(994, '2013-07-05 07:03:51', 1, 15, '151', 'Private Equity / FUND_NAME / Valuation & Cash Flows', 1, ''),
(995, '2013-07-05 07:09:04', 1, 15, '152', 'Side Pockets / FUND_NAME / Net movement % by Investment type', 1, ''),
(996, '2013-07-05 07:09:35', 1, 15, '153', 'Limited Holdings / FUND_NAME / Net movement Euro by Investment type', 1, ''),
(997, '2013-07-05 07:10:49', 1, 15, '154', 'Side Pockets / FUND_NAME / Net movement Euro by Investment type', 1, ''),
(998, '2013-07-05 07:12:38', 1, 15, '155', 'Side Pockets / FUND_NAME / Valuation & Cash Flows', 1, ''),
(999, '2013-07-05 07:37:54', 1, 15, '58', 'Equities, Options, Futures / FUND_NAME / DATE / Performance by Sub Sector', 3, ''),
(1000, '2013-07-05 07:38:16', 1, 15, '156', 'Equities, Options, Futures / FUND_NAME / DATE / Performance by Sector', 1, ''),
(1001, '2013-07-05 07:46:16', 1, 15, '157', 'Equities, Options, Futures / FUND_NAME / NAV by Location', 1, ''),
(1002, '2013-07-05 07:53:16', 1, 27, '10', 'HSBC Funds / Gale M', 2, 'Changed fund.'),
(1003, '2013-07-05 07:54:17', 1, 27, '11', 'HSBC Funds / Gale N', 2, 'Changed fund.'),
(1004, '2013-07-05 07:54:32', 1, 27, '76', 'HSBC Funds / Gale I', 2, 'Changed fund.'),
(1005, '2013-07-05 07:54:43', 1, 27, '6', 'HSBC Funds / Gale E', 2, 'Changed fund.'),
(1006, '2013-07-05 07:55:04', 1, 27, '6', 'HSBC Funds / Gale E', 2, 'Changed page.'),
(1007, '2013-07-05 07:55:18', 1, 27, '76', 'HSBC Funds / Gale I', 2, 'No fields changed.'),
(1008, '2013-07-05 07:56:09', 1, 27, '10', 'HSBC Funds / Gale M', 2, 'Changed page.'),
(1009, '2013-07-05 07:56:21', 1, 27, '76', 'HSBC Funds / Gale I', 2, 'Changed page.'),
(1010, '2013-07-05 07:56:42', 1, 27, '11', 'HSBC Funds / Gale N', 2, 'Changed page.'),
(1011, '2013-07-05 07:59:10', 1, 15, '3', 'Fund (Fund of Fund) / FUND_NAME / Historical Performance', 2, 'Changed window.'),
(1012, '2013-07-05 08:01:54', 1, 15, '3', 'Fund (Fund of Fund) / FUND_NAME / Historical Performance', 2, 'Changed window.'),
(1013, '2013-07-05 08:05:28', 1, 10, '30', 'w9b - FUND_NAME / NAV by Asset Class', 2, 'Changed size_x.'),
(1014, '2013-07-05 08:06:20', 1, 10, '34', 'w8b - FUND_NAME / NAV by Sector', 2, 'Changed size_x. Changed size_x for widget "W8b - Euro Fund NAV by Sector Table".'),
(1015, '2013-07-05 08:07:06', 1, 10, '30', 'w9b - FUND_NAME / NAV by Asset Class', 2, 'Changed size_x for widget "W9b - NAV by Asset Class Table".'),
(1016, '2013-07-05 08:09:52', 1, 10, '9', 'w7 - FUND_NAME / DATE / Allocation NAV Bar', 2, 'Changed size_y and size_x. Changed size_y for widget "W7 - Fund Historical NAV Bar".'),
(1017, '2013-07-05 08:26:14', 1, 10, '38', 'w1b - FUND_NAME / Historical Performance', 2, 'Changed size_x. Changed size_x for widget "W1b - Data Table".'),
(1018, '2013-07-05 08:30:35', 1, 15, '3', 'Fund (Fund of Fund) / FUND_NAME / Historical Performance', 2, 'Changed window.'),
(1019, '2013-07-05 08:31:54', 1, 15, '101', 'Side Pockets / FUND_NAME / Historical Performance', 2, 'Changed window.'),
(1020, '2013-07-05 08:32:06', 1, 15, '81', 'Limited Holdings / FUND_NAME / Historical Performance', 2, 'Changed window.'),
(1021, '2013-07-05 08:55:35', 1, 15, '158', 'Private Equity / FUND_NAME / DATE / Performance by Sector', 1, ''),
(1022, '2013-07-05 08:55:55', 1, 15, '159', 'Private Equity / FUND_NAME / DATE / Performance by Location', 1, ''),
(1023, '2013-07-05 09:01:43', 1, 15, '6', 'Fund (Fund of Fund) / FUND_NAME / DATE / Performance by Sub Sector', 3, ''),
(1024, '2013-07-05 09:03:09', 1, 15, '160', 'Fund (Fund of Fund) / FUND_NAME / DATE / Performance by Sub Sector', 1, ''),
(1025, '2013-07-05 09:04:27', 1, 15, '125', 'Private Equity / FUND_NAME / DATE / Performance by Location', 3, ''),
(1026, '2013-07-05 09:13:05', 1, 10, '3', 'w1 - FUND_NAME / Historical Performance', 2, 'Changed size_x. Changed size_x for widget "W1 - Data Table".'),
(1027, '2013-07-05 09:13:28', 1, 10, '38', 'w1b - FUND_NAME / Historical Performance', 2, 'Changed size_x. Changed size_x for widget "W1b - Data Table".'),
(1028, '2013-07-05 09:14:27', 1, 10, '38', 'w1b - FUND_NAME / Historical Performance', 2, 'Changed size_x.'),
(1029, '2013-07-05 09:14:38', 1, 10, '3', 'w1 - FUND_NAME / Historical Performance', 2, 'Changed size_x. Changed size_x for widget "W1 - Data Table".'),
(1030, '2013-07-05 09:15:06', 1, 10, '2', 'w16 - FUND_NAME / Performance against Benchmarks', 2, 'Changed size_x. Changed size_x for widget "W16 - Line Graph". Changed size_x for widget "W16 - Data Table".'),
(1031, '2013-07-05 09:29:38', 1, 15, '161', 'Side Pockets / FUND_NAME / DATE /  Holding Performance Bar Graph', 1, ''),
(1032, '2013-07-05 09:30:55', 1, 15, '162', 'Side Pockets / FUND_NAME / DATE / Performance by Location', 1, ''),
(1033, '2013-07-05 09:34:44', 1, 15, '163', 'Side Pockets / FUND_NAME / DATE /  Holding Performance Bar Graph', 1, ''),
(1034, '2013-07-05 09:36:33', 1, 15, '163', 'Side Pockets / FUND_NAME / DATE /  Holding Performance Bar Graph', 3, ''),
(1035, '2013-07-05 09:37:30', 1, 15, '164', 'Side Pockets / FUND_NAME / Performance against Benchmarks', 1, ''),
(1036, '2013-07-05 10:02:58', 1, 15, '153', 'Limited Holdings / FUND_NAME / Net movement Euro by Investment type', 3, ''),
(1037, '2013-07-05 10:22:50', 1, 15, '165', 'Side Pockets / FUND_NAME / DATE / Performance by Location', 1, ''),
(1038, '2013-07-05 10:24:10', 1, 15, '162', 'Side Pockets / FUND_NAME / DATE / Performance by Location', 3, ''),
(1039, '2013-07-05 10:24:39', 1, 15, '166', 'Side Pockets / FUND_NAME / DATE / Performance by Sector', 1, ''),
(1040, '2013-07-05 10:27:14', 1, 15, '167', 'Side Pockets / FUND_NAME / NAV by Invstment type', 1, ''),
(1041, '2013-07-05 10:28:14', 1, 15, '167', 'Side Pockets / FUND_NAME / NAV by Invstment type', 2, 'Changed page.'),
(1042, '2013-07-05 10:34:16', 1, 15, '168', 'Side Pockets / FUND_NAME / NAV by Sector', 1, ''),
(1043, '2013-07-05 10:35:08', 1, 15, '168', 'Side Pockets / FUND_NAME / NAV by Sector', 2, 'Changed page.'),
(1044, '2013-07-05 10:39:51', 1, 10, '42', 'w27 - FUND_NAME / Net movement Euro by Investment type', 2, 'Changed size_y. Changed size_y for widget "W27 - Net movement Euro by Investment type". Changed size_y for widget "W27 - Net movement Euro by Investment type".'),
(1045, '2013-07-05 10:41:38', 1, 10, '42', 'w27 - FUND_NAME / Net movement Euro by Investment type', 2, 'Changed size_y. Changed size_y for widget "W27 - Net movement Euro by Investment type".'),
(1046, '2013-07-05 11:36:06', 1, 15, '169', 'Side Pockets / FUND_NAME / DATE / Allocation NAV Bar', 1, ''),
(1047, '2013-07-05 11:47:35', 1, 10, '35', 'w31 - FUND_NAME / Summary of Commitments ', 2, 'No fields changed.'),
(1048, '2013-07-05 12:23:54', 1, 15, '42', 'Fixed Income & Treasuries / FUND_NAME / Best Worst Months', 3, ''),
(1049, '2013-07-05 12:34:00', 1, 10, '16', 'w22 - FUND_NAME / Return Histogram', 2, 'Changed size_y and size_x for widget "W22 - Return Histogram".'),
(1050, '2013-07-05 12:54:06', 1, 15, '89', 'Limited Holdings / FUND_NAME / Best Worst Months', 3, ''),
(1051, '2013-07-05 12:54:29', 1, 15, '91', 'Limited Holdings / FUND_NAME / Performance in Negative Months', 3, ''),
(1052, '2013-07-05 13:22:20', 1, 10, '22', 'w75 - FUND_NAME /  Cumulative Weight', 2, 'Changed size_y. Changed size_y for widget "W75 - Cumulative Weight Table". Changed size_y for widget "W75 - Cumulative Weight Graph".'),
(1053, '2013-07-05 13:22:47', 1, 10, '22', 'w75 - FUND_NAME /  Cumulative Weight', 2, 'Changed size_y for widget "W75 - Cumulative Weight Table". Changed size_y for widget "W75 - Cumulative Weight Graph".'),
(1054, '2013-07-05 13:24:40', 1, 10, '22', 'w75 - FUND_NAME /  Cumulative Weight', 2, 'Changed size_y. Changed size_y and size_x for widget "W75 - Cumulative Weight Graph".'),
(1055, '2013-07-05 13:27:08', 1, 10, '22', 'w75 - FUND_NAME /  Cumulative Weight', 2, 'Changed size_y and size_x.'),
(1056, '2013-07-05 13:40:19', 1, 10, '27', 'w25 - FUND_NAME / NAV Reconciliation', 2, 'Changed size_x. Changed size_x for widget "W25 - NAV Reconciliation".'),
(1057, '2013-07-05 14:02:22', 1, 15, '117', 'Private Equity / FUND_NAME / Share Holder Register', 2, 'Changed page.'),
(1058, '2013-07-05 14:04:18', 1, 15, '151', 'Private Equity / FUND_NAME / Summary of Commitments ', 2, 'Changed window.'),
(1059, '2013-07-05 14:06:40', 1, 15, '117', 'Private Equity / FUND_NAME / Share Holder Register', 3, ''),
(1060, '2013-07-05 14:14:52', 1, 15, '118', 'Side Pockets / FUND_NAME /  Subscription and Redemptions', 3, ''),
(1061, '2013-07-05 14:15:20', 1, 15, '119', 'Side Pockets / FUND_NAME / NAV Reconciliation', 3, ''),
(1062, '2013-07-05 14:20:54', 1, 15, '142', 'Private Equity / FUND_NAME / Share Holder Register', 2, 'Changed window.'),
(1063, '2013-07-05 14:58:17', 1, 15, '170', 'Fixed Income & Treasuries / FUND_NAME /  Gross Assets Calculation', 1, ''),
(1064, '2013-07-05 15:23:04', 1, 15, '171', 'Limited Holdings / FUND_NAME /  Gross Assets Calculation', 1, ''),
(1065, '2013-07-05 15:28:58', 1, 15, '120', 'Side Pockets / FUND_NAME /  Gross Assets Calculation', 3, ''),
(1066, '2013-07-05 15:33:30', 1, 15, '172', 'Private Equity / FUND_NAME / Summary of Commitments ', 1, ''),
(1067, '2013-07-05 15:35:03', 1, 15, '172', 'Private Equity / FUND_NAME / Summary of Commitments ', 3, ''),
(1068, '2013-07-06 21:45:13', 1, 13, '68', 'W5 - Total Performance by Location Table', 2, 'Changed widget_param.'),
(1069, '2013-07-06 21:49:43', 1, 13, '5', 'W1 - Data Table', 2, 'Changed widget_param.'),
(1070, '2013-07-06 21:56:03', 1, 13, '5', 'W1 - Data Table', 2, 'Changed widget_param.'),
(1071, '2013-07-06 21:56:36', 1, 13, '5', 'W1 - Data Table', 2, 'Changed widget_param.'),
(1072, '2013-07-06 21:56:49', 1, 13, '5', 'W1 - Data Table', 2, 'Changed size_x.'),
(1073, '2013-07-06 21:57:38', 1, 13, '55', 'W1b - Data Table', 2, 'Changed size_x.'),
(1074, '2013-07-07 06:15:49', 1, 10, '3', 'w1 - FUND_NAME / Historical Performance', 2, 'Changed size_x.'),
(1075, '2013-07-07 06:16:42', 1, 10, '3', 'w1 - FUND_NAME / Historical Performance', 2, 'No fields changed.'),
(1076, '2013-07-07 06:20:01', 1, 10, '2', 'w16 - FUND_NAME / Performance against Benchmarks', 2, 'Changed size_x. Changed size_x for widget "W16 - Line Graph". Changed size_x for widget "W16 - Data Table".'),
(1077, '2013-07-07 06:20:14', 1, 10, '38', 'w1b - FUND_NAME / Historical Performance', 2, 'Changed size_x. Changed size_x for widget "W1b - Data Table".'),
(1078, '2013-07-07 06:20:27', 1, 10, '3', 'w1 - FUND_NAME / Historical Performance', 2, 'Changed size_x for widget "W1 - Data Table".'),
(1079, '2013-07-07 06:22:01', 1, 10, '43', 'w16.b - FUND_NAME / Performance against Benchmarks', 1, ''),
(1080, '2013-07-07 06:22:46', 1, 15, '2', 'Fund (Fund of Fund) / FUND_NAME / Performance against Benchmarks', 2, 'Changed window.'),
(1081, '2013-07-07 06:24:22', 1, 10, '43', 'w16.b - FUND_NAME / Performance against Benchmarks', 2, 'No fields changed.'),
(1082, '2013-07-07 06:24:44', 1, 15, '2', 'Fund (Fund of Fund) / FUND_NAME / Performance against Benchmarks', 2, 'Changed window.'),
(1083, '2013-07-07 06:25:55', 1, 10, '43', 'w16.b - FUND_NAME / Performance against Benchmarks', 3, ''),
(1084, '2013-07-07 06:39:53', 1, 15, '172', 'Private Equity / FUND_NAME / NAV by Location', 1, ''),
(1085, '2013-07-07 06:40:15', 1, 15, '173', 'Private Equity / FUND_NAME / NAV by Sector', 1, ''),
(1086, '2013-07-07 10:40:39', 1, 15, '174', 'Side Pockets / FUND_NAME /  Share Holder Register', 1, ''),
(1087, '2013-07-07 11:05:06', 1, 15, '175', 'Private Equity / FUND_NAME / Summary of Commitments ', 1, ''),
(1088, '2013-07-07 11:10:17', 1, 15, '175', 'Private Equity / FUND_NAME / Summary of Commitments ', 3, ''),
(1089, '2013-07-07 18:14:52', 1, 14, '30', 'Fixed Income & Treasuries Gale G', 2, 'Changed title.'),
(1090, '2013-07-07 18:16:01', 1, 14, '75', 'Fixed Income & Treasuries CS Fixed Income', 1, ''),
(1091, '2013-07-07 18:16:55', 1, 14, '75', 'Fixed Income & Treasuries CS Fixed Income', 2, 'Changed parent.'),
(1092, '2013-07-07 18:17:43', 1, 14, '76', 'Fixed Income & Treasuries CS Fixed Income / Performance', 1, ''),
(1093, '2013-07-07 18:17:59', 1, 14, '77', 'Fixed Income & Treasuries CS Fixed Income / Stats', 1, ''),
(1094, '2013-07-07 18:18:17', 1, 14, '78', 'Fixed Income & Treasuries CS Fixed Income / Asset Allocation', 1, ''),
(1095, '2013-07-07 18:21:18', 1, 14, '79', 'Fixed Income & Treasuries CS Fixed Income / Share Holder Register', 1, ''),
(1096, '2013-07-07 18:21:28', 1, 14, '80', 'Fixed Income & Treasuries CS Fixed Income / Gross Asset Calculation', 1, ''),
(1097, '2013-07-07 18:21:45', 1, 14, '81', 'Fixed Income & Treasuries CS Fixed Income / FX Hedges', 1, ''),
(1098, '2013-07-07 18:21:59', 1, 14, '82', 'Fixed Income & Treasuries CS Fixed Income / Fund Configuration', 1, ''),
(1099, '2013-07-07 18:22:18', 1, 14, '83', 'Fixed Income & Treasuries CS Fixed Income / Add Trade', 1, ''),
(1100, '2013-07-07 18:22:46', 1, 14, '75', 'Fixed Income & Treasuries CS Fixed Income', 2, 'No fields changed.'),
(1101, '2013-07-07 18:25:30', 1, 27, '73', 'Credit Suisse / CS Fixed Income & Treasuries', 2, 'Changed page.'),
(1102, '2013-07-07 18:26:48', 1, 15, '170', 'Fixed Income & Treasuries Gale G / FUND_NAME /  Gross Assets Calculation', 2, 'Changed window.'),
(1103, '2013-07-07 18:28:27', 1, 15, '176', 'Fixed Income & Treasuries CS Fixed Income / FUND_NAME / DATE / Performance by Sector', 1, ''),
(1104, '2013-07-07 18:28:50', 1, 15, '177', 'Fixed Income & Treasuries CS Fixed Income / FUND_NAME / Holdings Trade Tables and Graphs', 1, ''),
(1105, '2013-07-07 18:29:16', 1, 15, '178', 'Fixed Income & Treasuries CS Fixed Income / FUND_NAME / Performance against Benchmarks', 1, ''),
(1106, '2013-07-07 18:29:38', 1, 15, '179', 'Fixed Income & Treasuries CS Fixed Income / FUND_NAME / Performance by Asset Class', 1, ''),
(1107, '2013-07-07 18:30:00', 1, 15, '180', 'Fixed Income & Treasuries CS Fixed Income / FUND_NAME / DATE / Performance by Location', 1, ''),
(1108, '2013-07-07 18:30:21', 1, 15, '181', 'Fixed Income & Treasuries CS Fixed Income / FUND_NAME / DATE /  Holding Performance Bar Graph', 1, ''),
(1109, '2013-07-07 18:30:53', 1, 15, '182', 'Fixed Income & Treasuries CS Fixed Income / FUND_NAME / Historical Performance', 1, ''),
(1110, '2013-07-07 18:31:34', 1, 15, '183', 'Fixed Income & Treasuries CS Fixed Income / FUND_NAME / Best Worst Months', 1, ''),
(1111, '2013-07-07 18:32:10', 1, 15, '184', 'Fixed Income & Treasuries CS Fixed Income / FUND_NAME / Correlation Matrix', 1, ''),
(1112, '2013-07-07 18:32:30', 1, 15, '185', 'Fixed Income & Treasuries CS Fixed Income / FUND_NAME / Performance in Negative Months', 1, ''),
(1113, '2013-07-07 18:33:26', 1, 15, '186', 'Fixed Income & Treasuries CS Fixed Income / FUND_NAME / Returns', 1, ''),
(1114, '2013-07-07 18:38:03', 1, 15, '187', 'Fixed Income & Treasuries CS Fixed Income / FUND_NAME / Returns', 1, ''),
(1115, '2013-07-07 18:38:36', 1, 15, '188', 'Fixed Income & Treasuries CS Fixed Income / FUND_NAME / Return Histogram', 1, ''),
(1116, '2013-07-07 18:39:08', 1, 15, '189', 'Fixed Income & Treasuries CS Fixed Income / FUND_NAME / Historical Statistics', 1, ''),
(1117, '2013-07-07 18:41:05', 1, 15, '190', 'Fixed Income & Treasuries CS Fixed Income / FUND_NAME / Holdings Trade Tables and Graphs', 1, ''),
(1118, '2013-07-07 18:41:33', 1, 15, '191', 'Fixed Income & Treasuries CS Fixed Income / FUND_NAME / NAV by Asset Class', 1, ''),
(1119, '2013-07-07 18:42:11', 1, 15, '192', 'Fixed Income & Treasuries CS Fixed Income / FUND_NAME / NAV by Location', 1, ''),
(1120, '2013-07-07 18:42:38', 1, 15, '193', 'Fixed Income & Treasuries CS Fixed Income / FUND_NAME / NAV by Sector', 1, ''),
(1121, '2013-07-07 18:43:07', 1, 15, '194', 'Fixed Income & Treasuries CS Fixed Income / FUND_NAME / DATE / Allocation NAV Bar', 1, ''),
(1122, '2013-07-07 18:43:38', 1, 15, '195', 'Fixed Income & Treasuries CS Fixed Income / FUND_NAME / Historical NAV Table', 1, ''),
(1123, '2013-07-07 18:44:20', 1, 15, '196', 'Fixed Income & Treasuries CS Fixed Income / FUND_NAME /  Subscription and Redemptions', 1, ''),
(1124, '2013-07-07 18:44:54', 1, 15, '197', 'Fixed Income & Treasuries CS Fixed Income / FUND_NAME / NAV Reconciliation', 1, ''),
(1125, '2013-07-07 18:47:04', 1, 15, '198', 'Fixed Income & Treasuries CS Fixed Income / FUND_NAME /  Share Holder Register', 1, ''),
(1126, '2013-07-07 18:47:35', 1, 15, '199', 'Fixed Income & Treasuries CS Fixed Income / FUND_NAME /  Gross Assets Calculation', 1, ''),
(1127, '2013-07-07 18:48:02', 1, 15, '200', 'Fixed Income & Treasuries CS Fixed Income / FUND_NAME /  Foreign Currency Positions and Hedges', 1, ''),
(1128, '2013-07-07 18:48:28', 1, 15, '201', 'Fixed Income & Treasuries CS Fixed Income / FUND_NAME /  Summary', 1, ''),
(1129, '2013-07-07 18:52:35', 1, 15, '187', 'Fixed Income & Treasuries CS Fixed Income / FUND_NAME / Returns', 3, ''),
(1130, '2013-07-07 21:05:53', 1, 14, '39', 'Equities, Options, Futures Gale L, M, N', 2, 'Changed title.'),
(1131, '2013-07-07 21:06:35', 1, 14, '84', 'Equities, Options, Futures CS Equities', 1, ''),
(1132, '2013-07-07 21:07:02', 1, 14, '85', 'Equities, Options, Futures CS Cal/Vol', 1, ''),
(1133, '2013-07-07 21:07:15', 1, 14, '86', 'Equities, Options, Futures CS Options', 1, ''),
(1134, '2013-07-07 21:08:40', 1, 14, '87', 'Equities, Options, Futures CS Equities / Performance', 1, ''),
(1135, '2013-07-07 21:09:05', 1, 14, '88', 'Equities, Options, Futures CS Equities / Stats', 1, ''),
(1136, '2013-07-07 21:09:49', 1, 14, '89', 'Equities, Options, Futures CS Equities / Performance', 1, ''),
(1137, '2013-07-07 21:10:15', 1, 14, '89', 'Equities, Options, Futures CS Equities / Asset Allocation', 2, 'Changed title.'),
(1138, '2013-07-07 21:10:36', 1, 14, '90', 'Equities, Options, Futures CS Equities / Share Holder Register', 1, ''),
(1139, '2013-07-07 21:10:55', 1, 14, '91', 'Equities, Options, Futures CS Equities / FX Hedges', 1, ''),
(1140, '2013-07-07 21:11:14', 1, 14, '92', 'Equities, Options, Futures CS Equities / Fund Configuration', 1, ''),
(1141, '2013-07-07 21:11:27', 1, 14, '93', 'Equities, Options, Futures CS Equities / Add Trade', 1, ''),
(1142, '2013-07-07 21:11:43', 1, 14, '94', 'Equities, Options, Futures CS Cal/Vol / Performance', 1, ''),
(1143, '2013-07-07 21:11:55', 1, 14, '95', 'Equities, Options, Futures CS Cal/Vol / Stats', 1, ''),
(1144, '2013-07-07 21:12:06', 1, 14, '96', 'Equities, Options, Futures CS Cal/Vol / Asset Allocation', 1, ''),
(1145, '2013-07-07 21:12:17', 1, 14, '97', 'Equities, Options, Futures CS Cal/Vol / Share Holder Register', 1, ''),
(1146, '2013-07-07 21:12:33', 1, 14, '98', 'Equities, Options, Futures CS Cal/Vol / FX Hedges', 1, ''),
(1147, '2013-07-07 21:12:52', 1, 14, '99', 'Equities, Options, Futures CS Cal/Vol / Fund Configuration', 1, ''),
(1148, '2013-07-07 21:13:18', 1, 14, '100', 'Equities, Options, Futures CS Cal/Vol / Add Trade', 1, ''),
(1149, '2013-07-07 21:13:41', 1, 14, '101', 'Equities, Options, Futures CS Options / Performance', 1, ''),
(1150, '2013-07-07 21:13:52', 1, 14, '102', 'Equities, Options, Futures CS Options / Stats', 1, ''),
(1151, '2013-07-07 21:14:02', 1, 14, '103', 'Equities, Options, Futures CS Options / Asset Allocation', 1, ''),
(1152, '2013-07-07 21:14:24', 1, 14, '104', 'Equities, Options, Futures CS Options / Share Holder Register', 1, ''),
(1153, '2013-07-07 21:14:42', 1, 14, '105', 'Equities, Options, Futures CS Options / FX Hedges', 1, ''),
(1154, '2013-07-07 21:14:58', 1, 14, '106', 'Equities, Options, Futures CS Options / Fund Configuration', 1, ''),
(1155, '2013-07-07 21:15:21', 1, 14, '107', 'Equities, Options, Futures CS Options / Add Trade', 1, ''),
(1156, '2013-07-07 21:17:18', 1, 15, '202', 'Equities, Options, Futures CS Equities / FUND_NAME / DATE / Performance by Sector', 1, ''),
(1157, '2013-07-07 21:17:42', 1, 15, '203', 'Equities, Options, Futures CS Equities / FUND_NAME / DATE / Performance by Location', 1, ''),
(1158, '2013-07-07 21:18:10', 1, 15, '204', 'Equities, Options, Futures CS Equities / FUND_NAME / Performance against Benchmarks', 1, ''),
(1159, '2013-07-07 21:18:35', 1, 15, '205', 'Equities, Options, Futures CS Equities / FUND_NAME / Performance by Asset Class', 1, ''),
(1160, '2013-07-07 21:18:59', 1, 15, '206', 'Equities, Options, Futures CS Equities / FUND_NAME / Holdings Trade Tables and Graphs', 1, ''),
(1161, '2013-07-07 21:19:19', 1, 15, '207', 'Equities, Options, Futures CS Equities / FUND_NAME / DATE /  Holding Performance Bar Graph', 1, ''),
(1162, '2013-07-07 21:19:42', 1, 15, '208', 'Equities, Options, Futures CS Equities / FUND_NAME / Historical Performance', 1, ''),
(1163, '2013-07-07 21:20:05', 1, 15, '209', 'Equities, Options, Futures CS Equities / FUND_NAME / Best Worst Months', 1, ''),
(1164, '2013-07-07 21:20:39', 1, 15, '210', 'Equities, Options, Futures CS Equities / FUND_NAME / Performance in Negative Months', 1, ''),
(1165, '2013-07-07 21:20:59', 1, 15, '211', 'Equities, Options, Futures CS Equities / FUND_NAME / Correlation Matrix', 1, ''),
(1166, '2013-07-07 21:21:19', 1, 15, '212', 'Equities, Options, Futures CS Equities / FUND_NAME / Return Histogram', 1, ''),
(1167, '2013-07-07 21:21:49', 1, 15, '213', 'Equities, Options, Futures CS Equities / FUND_NAME / Returns', 1, ''),
(1168, '2013-07-07 21:22:09', 1, 15, '214', 'Equities, Options, Futures CS Equities / FUND_NAME / Historical Statistics', 1, ''),
(1169, '2013-07-07 21:22:36', 1, 15, '215', 'Equities, Options, Futures CS Equities / FUND_NAME / NAV by Location', 1, ''),
(1170, '2013-07-07 21:23:03', 1, 15, '216', 'Equities, Options, Futures CS Equities / FUND_NAME / Holdings Trade Tables and Graphs', 1, ''),
(1171, '2013-07-07 21:23:21', 1, 15, '217', 'Equities, Options, Futures CS Equities / FUND_NAME / NAV by Sector', 1, ''),
(1172, '2013-07-07 21:23:43', 1, 15, '218', 'Equities, Options, Futures CS Equities / FUND_NAME / NAV by Asset Class', 1, ''),
(1173, '2013-07-07 21:24:07', 1, 15, '219', 'Equities, Options, Futures CS Equities / FUND_NAME / DATE / Allocation NAV Bar', 1, ''),
(1174, '2013-07-07 21:26:43', 1, 15, '220', 'Equities, Options, Futures CS Equities / FUND_NAME / Historical NAV Table', 1, ''),
(1175, '2013-07-07 21:29:35', 1, 15, '221', 'Equities, Options, Futures CS Equities / FUND_NAME /  Subscription and Redemptions', 1, ''),
(1176, '2013-07-07 21:30:39', 1, 15, '222', 'Equities, Options, Futures CS Equities / FUND_NAME / NAV Reconciliation', 1, ''),
(1177, '2013-07-07 21:31:18', 1, 15, '223', 'Equities, Options, Futures CS Equities / FUND_NAME /  Share Holder Register', 1, ''),
(1178, '2013-07-07 21:31:57', 1, 15, '224', 'Equities, Options, Futures CS Equities / FUND_NAME /  Foreign Currency Positions and Hedges', 1, ''),
(1179, '2013-07-07 21:32:43', 1, 15, '225', 'Equities, Options, Futures CS Equities / FUND_NAME /  Summary', 1, ''),
(1180, '2013-07-07 21:34:15', 1, 15, '226', 'Equities, Options, Futures CS Cal/Vol / FUND_NAME / DATE / Performance by Sector', 1, ''),
(1181, '2013-07-07 21:34:42', 1, 15, '227', 'Equities, Options, Futures CS Cal/Vol / FUND_NAME / DATE / Performance by Location', 1, ''),
(1182, '2013-07-07 21:35:15', 1, 15, '228', 'Equities, Options, Futures CS Cal/Vol / FUND_NAME / Performance against Benchmarks', 1, ''),
(1183, '2013-07-07 21:35:51', 1, 15, '229', 'Equities, Options, Futures CS Cal/Vol / FUND_NAME / Performance by Asset Class', 1, ''),
(1184, '2013-07-07 21:36:17', 1, 15, '230', 'Equities, Options, Futures CS Cal/Vol / FUND_NAME / Holdings Trade Tables and Graphs', 1, ''),
(1185, '2013-07-07 21:36:38', 1, 15, '231', 'Equities, Options, Futures CS Cal/Vol / FUND_NAME / DATE /  Holding Performance Bar Graph', 1, ''),
(1186, '2013-07-07 21:36:58', 1, 15, '232', 'Equities, Options, Futures CS Equities / FUND_NAME / Historical Performance', 1, ''),
(1187, '2013-07-07 21:37:32', 1, 15, '233', 'Equities, Options, Futures CS Cal/Vol / FUND_NAME / Best Worst Months', 1, ''),
(1188, '2013-07-07 21:38:00', 1, 15, '234', 'Equities, Options, Futures CS Cal/Vol / FUND_NAME / Performance in Negative Months', 1, ''),
(1189, '2013-07-07 21:38:26', 1, 15, '235', 'Equities, Options, Futures CS Cal/Vol / FUND_NAME / Correlation Matrix', 1, ''),
(1190, '2013-07-07 21:38:37', 1, 15, '234', 'Equities, Options, Futures CS Cal/Vol / FUND_NAME / Performance in Negative Months', 2, 'Changed page.'),
(1191, '2013-07-07 21:38:50', 1, 15, '233', 'Equities, Options, Futures CS Cal/Vol / FUND_NAME / Best Worst Months', 2, 'Changed page.'),
(1192, '2013-07-07 21:39:26', 1, 15, '236', 'Equities, Options, Futures CS Cal/Vol / FUND_NAME / Return Histogram', 1, ''),
(1193, '2013-07-07 21:39:49', 1, 15, '237', 'Equities, Options, Futures CS Equities / FUND_NAME / Returns', 1, ''),
(1194, '2013-07-07 21:40:16', 1, 15, '238', 'Equities, Options, Futures CS Cal/Vol / FUND_NAME / Historical Statistics', 1, ''),
(1195, '2013-07-07 21:41:01', 1, 15, '239', 'Equities, Options, Futures CS Cal/Vol / FUND_NAME / NAV by Location', 1, ''),
(1196, '2013-07-07 21:41:26', 1, 15, '240', 'Equities, Options, Futures CS Cal/Vol / FUND_NAME / Holdings Trade Tables and Graphs', 1, ''),
(1197, '2013-07-07 21:41:47', 1, 15, '241', 'Equities, Options, Futures CS Cal/Vol / FUND_NAME / NAV by Sector', 1, ''),
(1198, '2013-07-07 21:42:13', 1, 15, '242', 'Equities, Options, Futures CS Cal/Vol / FUND_NAME / NAV by Asset Class', 1, ''),
(1199, '2013-07-07 21:42:34', 1, 15, '243', 'Equities, Options, Futures CS Cal/Vol / FUND_NAME / DATE / Allocation NAV Bar', 1, ''),
(1200, '2013-07-07 21:42:58', 1, 15, '244', 'Equities, Options, Futures CS Cal/Vol / FUND_NAME / Historical NAV Table', 1, ''),
(1201, '2013-07-07 21:43:32', 1, 15, '245', 'Equities, Options, Futures CS Cal/Vol / FUND_NAME /  Share Holder Register', 1, ''),
(1202, '2013-07-07 21:44:07', 1, 15, '246', 'Equities, Options, Futures CS Cal/Vol / FUND_NAME /  Subscription and Redemptions', 1, ''),
(1203, '2013-07-07 21:44:28', 1, 15, '247', 'Equities, Options, Futures CS Cal/Vol / FUND_NAME / NAV Reconciliation', 1, ''),
(1204, '2013-07-07 21:44:55', 1, 15, '248', 'Equities, Options, Futures CS Cal/Vol / FUND_NAME /  Foreign Currency Positions and Hedges', 1, ''),
(1205, '2013-07-07 21:45:21', 1, 15, '249', 'Equities, Options, Futures CS Cal/Vol / FUND_NAME /  Summary', 1, ''),
(1206, '2013-07-07 21:46:10', 1, 15, '250', 'Equities, Options, Futures CS Options / FUND_NAME / DATE / Performance by Sector', 1, ''),
(1207, '2013-07-07 21:46:36', 1, 15, '251', 'Equities, Options, Futures CS Options / FUND_NAME / DATE / Performance by Location', 1, ''),
(1208, '2013-07-07 21:47:02', 1, 15, '252', 'Equities, Options, Futures CS Options / FUND_NAME / Performance against Benchmarks', 1, ''),
(1209, '2013-07-07 21:47:36', 1, 15, '253', 'Equities, Options, Futures CS Options / FUND_NAME / Performance by Asset Class', 1, ''),
(1210, '2013-07-07 21:47:56', 1, 15, '254', 'Equities, Options, Futures CS Options / FUND_NAME / Holdings Trade Tables and Graphs', 1, ''),
(1211, '2013-07-07 21:48:15', 1, 15, '255', 'Equities, Options, Futures CS Options / FUND_NAME / DATE /  Holding Performance Bar Graph', 1, ''),
(1212, '2013-07-07 21:48:34', 1, 15, '256', 'Equities, Options, Futures CS Options / FUND_NAME / Historical Performance', 1, ''),
(1213, '2013-07-07 21:48:57', 1, 15, '257', 'Equities, Options, Futures CS Options / FUND_NAME / Best Worst Months', 1, ''),
(1214, '2013-07-07 21:49:19', 1, 15, '258', 'Equities, Options, Futures CS Options / FUND_NAME / Performance in Negative Months', 1, ''),
(1215, '2013-07-07 21:49:47', 1, 15, '259', 'Equities, Options, Futures CS Options / FUND_NAME / Correlation Matrix', 1, ''),
(1216, '2013-07-07 21:50:18', 1, 15, '260', 'Equities, Options, Futures CS Options / FUND_NAME / Return Histogram', 1, ''),
(1217, '2013-07-07 21:50:42', 1, 15, '261', 'Equities, Options, Futures CS Options / FUND_NAME / Returns', 1, ''),
(1218, '2013-07-07 21:51:04', 1, 15, '262', 'Equities, Options, Futures CS Options / FUND_NAME / Historical Statistics', 1, ''),
(1219, '2013-07-07 21:51:35', 1, 15, '263', 'Equities, Options, Futures CS Options / FUND_NAME / NAV by Location', 1, ''),
(1220, '2013-07-07 21:51:56', 1, 15, '264', 'Equities, Options, Futures CS Options / FUND_NAME / Holdings Trade Tables and Graphs', 1, ''),
(1221, '2013-07-07 21:52:24', 1, 15, '265', 'Equities, Options, Futures CS Options / FUND_NAME / NAV by Sector', 1, ''),
(1222, '2013-07-07 21:52:58', 1, 15, '266', 'Equities, Options, Futures CS Cal/Vol / FUND_NAME / NAV by Asset Class', 1, ''),
(1223, '2013-07-07 21:53:31', 1, 15, '267', 'Equities, Options, Futures CS Options / FUND_NAME / DATE / Allocation NAV Bar', 1, ''),
(1224, '2013-07-07 21:53:56', 1, 15, '268', 'Equities, Options, Futures CS Options / FUND_NAME / Historical NAV Table', 1, ''),
(1225, '2013-07-07 21:54:36', 1, 15, '269', 'Equities, Options, Futures CS Options / FUND_NAME /  Share Holder Register', 1, ''),
(1226, '2013-07-07 21:54:55', 1, 15, '270', 'Equities, Options, Futures CS Options / FUND_NAME /  Subscription and Redemptions', 1, ''),
(1227, '2013-07-07 21:55:14', 1, 15, '271', 'Equities, Options, Futures CS Options / FUND_NAME / NAV Reconciliation', 1, ''),
(1228, '2013-07-07 21:55:41', 1, 15, '272', 'Equities, Options, Futures CS Options / FUND_NAME /  Foreign Currency Positions and Hedges', 1, ''),
(1229, '2013-07-07 21:56:20', 1, 15, '273', 'Equities, Options, Futures CS Options / FUND_NAME /  Summary', 1, ''),
(1230, '2013-07-07 21:56:44', 1, 14, '108', 'Equities, Options, Futures CS Equities / Gross Asset Calculation', 1, ''),
(1231, '2013-07-07 21:57:20', 1, 14, '109', 'Equities, Options, Futures CS Cal/Vol / Gross Asset Calculation', 1, ''),
(1232, '2013-07-07 21:57:54', 1, 14, '110', 'Equities, Options, Futures CS Options / Gross Asset Calculation', 1, ''),
(1233, '2013-07-07 21:59:45', 1, 15, '274', 'Equities, Options, Futures Gale L, M, N / FUND_NAME /  Gross Assets Calculation', 1, ''),
(1234, '2013-07-07 22:02:32', 1, 27, '14', 'Credit Suisse / CS European Equity', 2, 'Changed page.'),
(1235, '2013-07-07 22:02:49', 1, 27, '15', 'Credit Suisse / CS US Equity', 2, 'Changed page.'),
(1236, '2013-07-07 22:03:03', 1, 27, '16', 'Credit Suisse / CS Asia Equity', 2, 'Changed page.'),
(1237, '2013-07-07 22:03:21', 1, 27, '19', 'Credit Suisse / CS Volatility', 2, 'Changed page.'),
(1238, '2013-07-07 22:03:46', 1, 27, '74', 'Credit Suisse / Calibrator', 2, 'Changed page.'),
(1239, '2013-07-07 22:04:07', 1, 27, '74', 'Credit Suisse / Options', 2, 'Changed name.'),
(1240, '2013-07-07 22:15:47', 1, 15, '208', 'Equities, Options, Futures CS Cal/Vol / FUND_NAME / Historical Performance', 2, 'Changed page.'),
(1241, '2013-07-07 22:18:23', 1, 15, '213', 'Equities, Options, Futures CS Equities / FUND_NAME / Returns', 3, ''),
(1242, '2013-07-07 22:21:55', 1, 15, '275', 'Equities, Options, Futures CS Cal/Vol / FUND_NAME / Returns', 1, ''),
(1243, '2013-07-07 22:25:30', 1, 15, '266', 'Equities, Options, Futures CS Cal/Vol / FUND_NAME / NAV by Asset Class', 3, ''),
(1244, '2013-07-07 22:25:54', 1, 27, '74', 'Credit Suisse / CS Options', 2, 'Changed name.'),
(1245, '2013-07-07 22:31:53', 1, 15, '276', 'Equities, Options, Futures CS Options / FUND_NAME / NAV by Asset Class', 1, ''),
(1246, '2013-07-07 22:38:35', 1, 15, '277', 'Equities, Options, Futures CS Options / FUND_NAME /  Gross Assets Calculation', 1, ''),
(1247, '2013-07-07 22:42:16', 1, 15, '278', 'Equities, Options, Futures CS Equities / FUND_NAME /  Gross Assets Calculation', 1, ''),
(1248, '2013-07-08 03:07:23', 1, 13, '24', 'W22 - Return Histogram', 2, 'Changed widget_param.'),
(1249, '2013-07-08 03:08:00', 1, 12, '76', 'labels=rotated', 1, ''),
(1250, '2013-07-08 03:08:10', 1, 13, '27', 'W24 - Avg Perf in Neg Months Table', 2, 'Changed widget_param.'),
(1251, '2013-07-08 03:08:52', 1, 13, '27', 'W24 - Avg Perf in Neg Months Table', 2, 'Changed widget_param.'),
(1252, '2013-07-08 03:09:05', 1, 13, '28', 'W24 - Avg Perf in Neg Months Graph', 2, 'Changed widget_param.'),
(1253, '2013-07-08 04:21:29', 1, 13, '55', 'W1b - Data Table', 2, 'No fields changed.'),
(1254, '2013-07-08 04:21:31', 1, 13, '5', 'W1 - Data Table', 2, 'Changed widget_param.'),
(1255, '2013-07-08 04:22:08', 1, 15, '101', 'Side Pockets / FUND_NAME / Historical Performance', 2, 'Changed window.'),
(1256, '2013-07-08 04:22:24', 1, 15, '126', 'Private Equity / FUND_NAME / Historical Performance', 2, 'Changed window.'),
(1257, '2013-07-08 04:22:38', 1, 15, '81', 'Limited Holdings / FUND_NAME / Historical Performance', 2, 'Changed window.'),
(1258, '2013-07-08 04:22:55', 1, 15, '3', 'Fund (Fund of Fund) / FUND_NAME / Historical Performance', 2, 'Changed window.');

-- --------------------------------------------------------

--
-- Table structure for table `django_content_type`
--

CREATE TABLE IF NOT EXISTS `django_content_type` (
  `id` int(11) NOT NULL AUTO_INCREMENT,
  `name` varchar(100) NOT NULL,
  `app_label` varchar(100) NOT NULL,
  `model` varchar(100) NOT NULL,
  PRIMARY KEY (`id`),
  UNIQUE KEY `app_label` (`app_label`,`model`)
) ENGINE=InnoDB  DEFAULT CHARSET=utf8 AUTO_INCREMENT=77 ;

--
-- Dumping data for table `django_content_type`
--

INSERT INTO `django_content_type` (`id`, `name`, `app_label`, `model`) VALUES
(1, 'permission', 'auth', 'permission'),
(2, 'group', 'auth', 'group'),
(3, 'user', 'auth', 'user'),
(4, 'content type', 'contenttypes', 'contenttype'),
(5, 'session', 'sessions', 'session'),
(6, 'site', 'sites', 'site'),
(7, 'log entry', 'admin', 'logentry'),
(8, 'api access', 'tastypie', 'apiaccess'),
(9, 'api key', 'tastypie', 'apikey'),
(10, 'window', 'app', 'window'),
(11, 'widget type', 'app', 'widgettype'),
(12, 'widget param', 'app', 'widgetparam'),
(13, 'widget', 'app', 'widget'),
(14, 'page', 'app', 'page'),
(15, 'Window on page', 'app', 'pagewindow'),
(16, 'fund type', 'app', 'fundtype'),
(17, 'classification', 'app', 'classification'),
(18, 'custodian', 'app', 'custodian'),
(19, 'auditor', 'app', 'auditor'),
(20, 'administrator', 'app', 'administrator'),
(21, 'currency position month', 'app', 'currencypositionmonth'),
(22, 'fx rate', 'app', 'fxrate'),
(23, 'fx hedge', 'app', 'fxhedge'),
(24, 'fund', 'app', 'fund'),
(25, 'fund bench', 'app', 'fundbench'),
(26, 'fund bench hist', 'app', 'fundbenchhist'),
(27, 'menu', 'app', 'menu'),
(28, 'historic fund', 'app', 'historicfund'),
(29, 'client', 'app', 'client'),
(30, 'historic client', 'app', 'historicclient'),
(31, 'currency', 'app', 'currency'),
(32, 'country', 'app', 'country'),
(33, 'trade type', 'app', 'tradetype'),
(34, 'purchase sale', 'app', 'purchasesale'),
(35, 'trade', 'app', 'trade'),
(36, 'fee', 'app', 'fee'),
(37, 'historical fee', 'app', 'historicalfee'),
(38, 'expense', 'app', 'expense'),
(39, 'historical expense', 'app', 'historicalexpense'),
(40, 'counter party', 'app', 'counterparty'),
(41, 'holding', 'app', 'holding'),
(42, 'holding category', 'app', 'holdingcategory'),
(43, 'holding type', 'app', 'holdingtype'),
(44, 'hold perf month', 'app', 'holdperfmonth'),
(45, 'hold perf', 'app', 'holdperf'),
(46, 'country breakdown', 'app', 'countrybreakdown'),
(47, 'fund perf year', 'app', 'fundperfyear'),
(48, 'fund perf month', 'app', 'fundperfmonth'),
(49, 'fund perf', 'app', 'fundperf'),
(50, 'alarm', 'app', 'alarm'),
(51, 'benchmark', 'app', 'benchmark'),
(52, 'subscription redemption', 'app', 'subscriptionredemption'),
(53, 'client perf month', 'app', 'clientperfmonth'),
(54, 'currency', 'app2', 'currency'),
(55, 'country', 'app2', 'country'),
(56, 'custodian', 'app2', 'custodian'),
(57, 'auditor', 'app2', 'auditor'),
(58, 'administrator', 'app2', 'administrator'),
(59, 'currency position', 'app2', 'currencyposition'),
(60, 'fx rate', 'app2', 'fxrate'),
(61, 'fx hedge', 'app2', 'fxhedge'),
(62, 'fund', 'app2', 'fund'),
(63, 'peer', 'app2', 'peer'),
(64, 'client', 'app2', 'client'),
(65, 'benchmark', 'app2', 'benchmark'),
(66, 'category', 'app2', 'category'),
(67, 'holding', 'app2', 'holding'),
(68, 'trade', 'app2', 'trade'),
(69, 'country breakdown', 'app2', 'countrybreakdown'),
(70, 'holding breakdown', 'app2', 'holdingbreakdown'),
(71, 'subscription redemption', 'app2', 'subscriptionredemption'),
(72, 'benchmark history', 'app2', 'benchmarkhistory'),
(73, 'holding history', 'app2', 'holdinghistory'),
(74, 'fund history', 'app2', 'fundhistory'),
(75, 'client history', 'app2', 'clienthistory'),
(76, 'entry', 'api_example', 'entry');

-- --------------------------------------------------------

--
-- Table structure for table `django_session`
--

CREATE TABLE IF NOT EXISTS `django_session` (
  `session_key` varchar(40) NOT NULL,
  `session_data` longtext NOT NULL,
  `expire_date` datetime NOT NULL,
  PRIMARY KEY (`session_key`),
  KEY `django_session_c25c2c28` (`expire_date`)
) ENGINE=InnoDB DEFAULT CHARSET=utf8;

--
-- Dumping data for table `django_session`
--

INSERT INTO `django_session` (`session_key`, `session_data`, `expire_date`) VALUES
('077256ceacfbfd8ec3f94c65b4b1729e', 'ZjIxNzE1NmJjNGMxM2IxZWI0ODllZDViMTFjMjI2YjI0MDI5NzUzYTqAAn1xAShVEl9hdXRoX3Vz\nZXJfYmFja2VuZHECVSlkamFuZ28uY29udHJpYi5hdXRoLmJhY2tlbmRzLk1vZGVsQmFja2VuZHED\nVQ1fYXV0aF91c2VyX2lkcQSKAQF1Lg==\n', '2013-07-19 13:42:40'),
('29793764e28fa4ff80bccdf25793c860', 'ZjIxNzE1NmJjNGMxM2IxZWI0ODllZDViMTFjMjI2YjI0MDI5NzUzYTqAAn1xAShVEl9hdXRoX3Vz\nZXJfYmFja2VuZHECVSlkamFuZ28uY29udHJpYi5hdXRoLmJhY2tlbmRzLk1vZGVsQmFja2VuZHED\nVQ1fYXV0aF91c2VyX2lkcQSKAQF1Lg==\n', '2013-07-16 18:12:43'),
('2ce88a0621056274b933632c21b3e9d6', 'ZjIxNzE1NmJjNGMxM2IxZWI0ODllZDViMTFjMjI2YjI0MDI5NzUzYTqAAn1xAShVEl9hdXRoX3Vz\nZXJfYmFja2VuZHECVSlkamFuZ28uY29udHJpYi5hdXRoLmJhY2tlbmRzLk1vZGVsQmFja2VuZHED\nVQ1fYXV0aF91c2VyX2lkcQSKAQF1Lg==\n', '2013-07-20 23:14:23'),
('52973f243ac6167e54114baea16e71f7', 'ZjIxNzE1NmJjNGMxM2IxZWI0ODllZDViMTFjMjI2YjI0MDI5NzUzYTqAAn1xAShVEl9hdXRoX3Vz\nZXJfYmFja2VuZHECVSlkamFuZ28uY29udHJpYi5hdXRoLmJhY2tlbmRzLk1vZGVsQmFja2VuZHED\nVQ1fYXV0aF91c2VyX2lkcQSKAQF1Lg==\n', '2013-07-08 06:59:15'),
('596dd021a58450d3af8b356a0f611d6c', 'ZjIxNzE1NmJjNGMxM2IxZWI0ODllZDViMTFjMjI2YjI0MDI5NzUzYTqAAn1xAShVEl9hdXRoX3Vz\nZXJfYmFja2VuZHECVSlkamFuZ28uY29udHJpYi5hdXRoLmJhY2tlbmRzLk1vZGVsQmFja2VuZHED\nVQ1fYXV0aF91c2VyX2lkcQSKAQF1Lg==\n', '2013-07-01 14:45:54'),
('5a92b8cc7642fe488caa10982cb89b24', 'ZjIxNzE1NmJjNGMxM2IxZWI0ODllZDViMTFjMjI2YjI0MDI5NzUzYTqAAn1xAShVEl9hdXRoX3Vz\nZXJfYmFja2VuZHECVSlkamFuZ28uY29udHJpYi5hdXRoLmJhY2tlbmRzLk1vZGVsQmFja2VuZHED\nVQ1fYXV0aF91c2VyX2lkcQSKAQF1Lg==\n', '2013-07-19 19:01:31'),
('71c0623c829e9e83ff5c97973a154a46', 'ZjIxNzE1NmJjNGMxM2IxZWI0ODllZDViMTFjMjI2YjI0MDI5NzUzYTqAAn1xAShVEl9hdXRoX3Vz\nZXJfYmFja2VuZHECVSlkamFuZ28uY29udHJpYi5hdXRoLmJhY2tlbmRzLk1vZGVsQmFja2VuZHED\nVQ1fYXV0aF91c2VyX2lkcQSKAQF1Lg==\n', '2013-07-11 11:47:24'),
('77268dadf26a7e34c858267473a94b4e', 'ZjIxNzE1NmJjNGMxM2IxZWI0ODllZDViMTFjMjI2YjI0MDI5NzUzYTqAAn1xAShVEl9hdXRoX3Vz\nZXJfYmFja2VuZHECVSlkamFuZ28uY29udHJpYi5hdXRoLmJhY2tlbmRzLk1vZGVsQmFja2VuZHED\nVQ1fYXV0aF91c2VyX2lkcQSKAQF1Lg==\n', '2013-07-01 04:29:04'),
('79840b957d730cd8d641941f3da24975', 'ZjIxNzE1NmJjNGMxM2IxZWI0ODllZDViMTFjMjI2YjI0MDI5NzUzYTqAAn1xAShVEl9hdXRoX3Vz\nZXJfYmFja2VuZHECVSlkamFuZ28uY29udHJpYi5hdXRoLmJhY2tlbmRzLk1vZGVsQmFja2VuZHED\nVQ1fYXV0aF91c2VyX2lkcQSKAQF1Lg==\n', '2013-06-23 14:56:31'),
('9f82c3581a81e2f6d0d63a7624fb5727', 'ZjIxNzE1NmJjNGMxM2IxZWI0ODllZDViMTFjMjI2YjI0MDI5NzUzYTqAAn1xAShVEl9hdXRoX3Vz\nZXJfYmFja2VuZHECVSlkamFuZ28uY29udHJpYi5hdXRoLmJhY2tlbmRzLk1vZGVsQmFja2VuZHED\nVQ1fYXV0aF91c2VyX2lkcQSKAQF1Lg==\n', '2013-06-25 22:32:55'),
('a8ac6ffb6be3f278cf9194a1a3d705d5', 'ZjIxNzE1NmJjNGMxM2IxZWI0ODllZDViMTFjMjI2YjI0MDI5NzUzYTqAAn1xAShVEl9hdXRoX3Vz\nZXJfYmFja2VuZHECVSlkamFuZ28uY29udHJpYi5hdXRoLmJhY2tlbmRzLk1vZGVsQmFja2VuZHED\nVQ1fYXV0aF91c2VyX2lkcQSKAQF1Lg==\n', '2013-07-15 11:50:47'),
('e66f456d3ee062d20b9c360bbb3566ce', 'NTk0MzkwNTZiOTZiYjk5NTY5M2E5YmQ2MjFhZTE4YTA0OTJkNmUwYzqAAn1xAVUKdGVzdGNvb2tp\nZXECVQZ3b3JrZWRxA3Mu\n', '2013-07-19 11:10:50'),
('eed6757987e2b331fd2bafb73ae91317', 'ZjIxNzE1NmJjNGMxM2IxZWI0ODllZDViMTFjMjI2YjI0MDI5NzUzYTqAAn1xAShVEl9hdXRoX3Vz\nZXJfYmFja2VuZHECVSlkamFuZ28uY29udHJpYi5hdXRoLmJhY2tlbmRzLk1vZGVsQmFja2VuZHED\nVQ1fYXV0aF91c2VyX2lkcQSKAQF1Lg==\n', '2013-07-18 13:25:42');

-- --------------------------------------------------------

--
-- Table structure for table `django_site`
--

CREATE TABLE IF NOT EXISTS `django_site` (
  `id` int(11) NOT NULL AUTO_INCREMENT,
  `domain` varchar(100) NOT NULL,
  `name` varchar(50) NOT NULL,
  PRIMARY KEY (`id`)
) ENGINE=InnoDB  DEFAULT CHARSET=utf8 AUTO_INCREMENT=2 ;

--
-- Dumping data for table `django_site`
--

INSERT INTO `django_site` (`id`, `domain`, `name`) VALUES
(1, 'example.com', 'example.com');

-- --------------------------------------------------------

--
-- Table structure for table `tastypie_apiaccess`
--

CREATE TABLE IF NOT EXISTS `tastypie_apiaccess` (
  `id` int(11) NOT NULL AUTO_INCREMENT,
  `identifier` varchar(255) NOT NULL,
  `url` varchar(255) NOT NULL,
  `request_method` varchar(10) NOT NULL,
  `accessed` int(10) unsigned NOT NULL,
  PRIMARY KEY (`id`)
) ENGINE=InnoDB DEFAULT CHARSET=utf8 AUTO_INCREMENT=1 ;

-- --------------------------------------------------------

--
-- Table structure for table `tastypie_apikey`
--

CREATE TABLE IF NOT EXISTS `tastypie_apikey` (
  `id` int(11) NOT NULL AUTO_INCREMENT,
  `user_id` int(11) NOT NULL,
  `key` varchar(256) NOT NULL,
  `created` datetime NOT NULL,
  PRIMARY KEY (`id`),
  UNIQUE KEY `user_id` (`user_id`),
  KEY `tastypie_apikey_45544485` (`key`(255))
) ENGINE=InnoDB DEFAULT CHARSET=utf8 AUTO_INCREMENT=1 ;

--
-- Constraints for dumped tables
--

--
-- Constraints for table `api_example_entry`
--
ALTER TABLE `api_example_entry`
  ADD CONSTRAINT `user_id_refs_id_85d89137` FOREIGN KEY (`user_id`) REFERENCES `auth_user` (`id`);

--
-- Constraints for table `app2_benchmarkhistory`
--
ALTER TABLE `app2_benchmarkhistory`
  ADD CONSTRAINT `benchmark_id_refs_id_d0697a00` FOREIGN KEY (`benchmark_id`) REFERENCES `app2_benchmark` (`id`);

--
-- Constraints for table `app2_clienthistory`
--
ALTER TABLE `app2_clienthistory`
  ADD CONSTRAINT `client_id_refs_id_87b6364` FOREIGN KEY (`client_id`) REFERENCES `app2_client` (`id`),
  ADD CONSTRAINT `fund_id_refs_id_445f99f6` FOREIGN KEY (`fund_id`) REFERENCES `app2_fund` (`id`),
  ADD CONSTRAINT `holding_id_refs_id_89a7df7f` FOREIGN KEY (`holding_id`) REFERENCES `app2_holding` (`id`);

--
-- Constraints for table `app2_client_benchmark`
--
ALTER TABLE `app2_client_benchmark`
  ADD CONSTRAINT `benchmark_id_refs_id_5e992786` FOREIGN KEY (`benchmark_id`) REFERENCES `app2_benchmark` (`id`),
  ADD CONSTRAINT `client_id_refs_id_89459b2f` FOREIGN KEY (`client_id`) REFERENCES `app2_client` (`id`);

--
-- Constraints for table `app2_countrybreakdown`
--
ALTER TABLE `app2_countrybreakdown`
  ADD CONSTRAINT `category_id_refs_id_24b395ae` FOREIGN KEY (`category_id`) REFERENCES `app2_category` (`id`),
  ADD CONSTRAINT `country_id_refs_id_b9fd4ab3` FOREIGN KEY (`country_id`) REFERENCES `app2_country` (`id`),
  ADD CONSTRAINT `fund_id_refs_id_feea09ef` FOREIGN KEY (`fund_id`) REFERENCES `app2_fund` (`id`);

--
-- Constraints for table `app2_currencyposition`
--
ALTER TABLE `app2_currencyposition`
  ADD CONSTRAINT `currency_id_refs_id_ffff3f6e` FOREIGN KEY (`currency_id`) REFERENCES `app2_currency` (`id`),
  ADD CONSTRAINT `fund_id_refs_id_dcc934a6` FOREIGN KEY (`fund_id`) REFERENCES `app2_fund` (`id`);

--
-- Constraints for table `app2_fundhistory`
--
ALTER TABLE `app2_fundhistory`
  ADD CONSTRAINT `fund_id_refs_id_f3e41efc` FOREIGN KEY (`fund_id`) REFERENCES `app2_fund` (`id`);

--
-- Constraints for table `app2_fund_benchmark`
--
ALTER TABLE `app2_fund_benchmark`
  ADD CONSTRAINT `benchmark_id_refs_id_1b8a2138` FOREIGN KEY (`benchmark_id`) REFERENCES `app2_benchmark` (`id`),
  ADD CONSTRAINT `fund_id_refs_id_d9e0c957` FOREIGN KEY (`fund_id`) REFERENCES `app2_fund` (`id`);

--
-- Constraints for table `app2_fxhedge`
--
ALTER TABLE `app2_fxhedge`
  ADD CONSTRAINT `currency_id_refs_id_9da98a62` FOREIGN KEY (`currency_id`) REFERENCES `app2_currency` (`id`),
  ADD CONSTRAINT `fund_id_refs_id_616ad6` FOREIGN KEY (`fund_id`) REFERENCES `app2_fund` (`id`);

--
-- Constraints for table `app2_fxrate`
--
ALTER TABLE `app2_fxrate`
  ADD CONSTRAINT `currency_id_refs_id_96a97308` FOREIGN KEY (`currency_id`) REFERENCES `app2_currency` (`id`);

--
-- Constraints for table `app2_holding`
--
ALTER TABLE `app2_holding`
  ADD CONSTRAINT `asset_class_id_refs_id_3721293b` FOREIGN KEY (`asset_class_id`) REFERENCES `app2_category` (`id`),
  ADD CONSTRAINT `country_id_refs_id_98a4d9b4` FOREIGN KEY (`country_id`) REFERENCES `app2_country` (`id`),
  ADD CONSTRAINT `currency_id_refs_id_b110b2a` FOREIGN KEY (`currency_id`) REFERENCES `app2_currency` (`id`),
  ADD CONSTRAINT `location_id_refs_id_3721293b` FOREIGN KEY (`location_id`) REFERENCES `app2_category` (`id`),
  ADD CONSTRAINT `sector_id_refs_id_3721293b` FOREIGN KEY (`sector_id`) REFERENCES `app2_category` (`id`),
  ADD CONSTRAINT `sub_sector_id_refs_id_3721293b` FOREIGN KEY (`sub_sector_id`) REFERENCES `app2_category` (`id`);

--
-- Constraints for table `app2_holdingbreakdown`
--
ALTER TABLE `app2_holdingbreakdown`
  ADD CONSTRAINT `category_id_refs_id_c2fd5c8d` FOREIGN KEY (`category_id`) REFERENCES `app2_category` (`id`),
  ADD CONSTRAINT `fund_id_refs_id_121b9310` FOREIGN KEY (`fund_id`) REFERENCES `app2_fund` (`id`);

--
-- Constraints for table `app2_holdinghistory`
--
ALTER TABLE `app2_holdinghistory`
  ADD CONSTRAINT `fund_id_refs_id_895521cb` FOREIGN KEY (`fund_id`) REFERENCES `app2_fund` (`id`),
  ADD CONSTRAINT `holding_id_refs_id_b372210` FOREIGN KEY (`holding_id`) REFERENCES `app2_holding` (`id`);

--
-- Constraints for table `app2_holding_client`
--
ALTER TABLE `app2_holding_client`
  ADD CONSTRAINT `client_id_refs_id_212b53a3` FOREIGN KEY (`client_id`) REFERENCES `app2_client` (`id`),
  ADD CONSTRAINT `holding_id_refs_id_e87976f2` FOREIGN KEY (`holding_id`) REFERENCES `app2_holding` (`id`);

--
-- Constraints for table `app2_holding_fund`
--
ALTER TABLE `app2_holding_fund`
  ADD CONSTRAINT `fund_id_refs_id_e8e1a391` FOREIGN KEY (`fund_id`) REFERENCES `app2_fund` (`id`),
  ADD CONSTRAINT `holding_id_refs_id_2ba66f4c` FOREIGN KEY (`holding_id`) REFERENCES `app2_holding` (`id`);

--
-- Constraints for table `app2_peer_holding`
--
ALTER TABLE `app2_peer_holding`
  ADD CONSTRAINT `holding_id_refs_id_f409f1d3` FOREIGN KEY (`holding_id`) REFERENCES `app2_holding` (`id`),
  ADD CONSTRAINT `peer_id_refs_id_210a2d3d` FOREIGN KEY (`peer_id`) REFERENCES `app2_peer` (`id`);

--
-- Constraints for table `app2_subscriptionredemption`
--
ALTER TABLE `app2_subscriptionredemption`
  ADD CONSTRAINT `client_id_refs_id_2cadf5ce` FOREIGN KEY (`client_id`) REFERENCES `app2_client` (`id`),
  ADD CONSTRAINT `fund_id_refs_id_fd387d8` FOREIGN KEY (`fund_id`) REFERENCES `app2_fund` (`id`);

--
-- Constraints for table `app2_trade`
--
ALTER TABLE `app2_trade`
  ADD CONSTRAINT `client_id_refs_id_c83d06f7` FOREIGN KEY (`client_id`) REFERENCES `app2_client` (`id`),
  ADD CONSTRAINT `currency_id_refs_id_b514b389` FOREIGN KEY (`currency_id`) REFERENCES `app2_currency` (`id`),
  ADD CONSTRAINT `fund_id_refs_id_7cd4a4af` FOREIGN KEY (`fund_id`) REFERENCES `app2_fund` (`id`),
  ADD CONSTRAINT `holding_id_refs_id_6348cf8c` FOREIGN KEY (`holding_id`) REFERENCES `app2_holding` (`id`);

--
-- Constraints for table `app_client`
--
ALTER TABLE `app_client`
  ADD CONSTRAINT `alarm_id_refs_id_55ad00ee` FOREIGN KEY (`alarm_id`) REFERENCES `app_alarm` (`id`),
  ADD CONSTRAINT `benchmark_id_refs_id_a13018c4` FOREIGN KEY (`benchmark_id`) REFERENCES `app_benchmark` (`id`);

--
-- Constraints for table `app_clientperfmonth`
--
ALTER TABLE `app_clientperfmonth`
  ADD CONSTRAINT `client_id_refs_id_2b254ff9` FOREIGN KEY (`client_id`) REFERENCES `app_client` (`id`),
  ADD CONSTRAINT `fund_id_refs_id_2797e3e1` FOREIGN KEY (`fund_id`) REFERENCES `app_fund` (`id`),
  ADD CONSTRAINT `holding_id_refs_id_ee5ed728` FOREIGN KEY (`holding_id`) REFERENCES `app_holding` (`id`);

--
-- Constraints for table `app_countrybreakdown`
--
ALTER TABLE `app_countrybreakdown`
  ADD CONSTRAINT `country_id_refs_id_c90da2bb` FOREIGN KEY (`country_id`) REFERENCES `app_country` (`id`),
  ADD CONSTRAINT `fund_id_refs_id_455a7a75` FOREIGN KEY (`fund_id`) REFERENCES `app_fund` (`id`),
  ADD CONSTRAINT `holding_category_id_refs_id_b3487952` FOREIGN KEY (`holding_category_id`) REFERENCES `app_holdingcategory` (`id`);

--
-- Constraints for table `app_currencypositionmonth`
--
ALTER TABLE `app_currencypositionmonth`
  ADD CONSTRAINT `currency_id_refs_id_d3619179` FOREIGN KEY (`currency_id`) REFERENCES `app_currency` (`id`),
  ADD CONSTRAINT `fund_id_refs_id_14658301` FOREIGN KEY (`fund_id`) REFERENCES `app_fund` (`id`);

--
-- Constraints for table `app_fund`
--
ALTER TABLE `app_fund`
  ADD CONSTRAINT `administrator_id_refs_id_59cbf528` FOREIGN KEY (`administrator_id`) REFERENCES `app_administrator` (`id`),
  ADD CONSTRAINT `alarm_id_refs_id_a02f78b0` FOREIGN KEY (`alarm_id`) REFERENCES `app_alarm` (`id`),
  ADD CONSTRAINT `auditor_id_refs_id_a2c3012f` FOREIGN KEY (`auditor_id`) REFERENCES `app_auditor` (`id`),
  ADD CONSTRAINT `benchmark_id_refs_id_4d09f82e` FOREIGN KEY (`benchmark_id`) REFERENCES `app_fundbench` (`id`),
  ADD CONSTRAINT `classification_id_refs_id_94596024` FOREIGN KEY (`classification_id`) REFERENCES `app_classification` (`id`),
  ADD CONSTRAINT `counter_party_id_refs_id_eb172256` FOREIGN KEY (`counter_party_id`) REFERENCES `app_counterparty` (`id`),
  ADD CONSTRAINT `custodian_id_refs_id_f105510b` FOREIGN KEY (`custodian_id`) REFERENCES `app_custodian` (`id`),
  ADD CONSTRAINT `fund_type_id_refs_id_6fb77ca9` FOREIGN KEY (`fund_type_id`) REFERENCES `app_fundtype` (`id`),
  ADD CONSTRAINT `manager_id_refs_id_97ea457b` FOREIGN KEY (`manager_id`) REFERENCES `auth_user` (`id`);

--
-- Constraints for table `app_fundbenchhist`
--
ALTER TABLE `app_fundbenchhist`
  ADD CONSTRAINT `benchmark_id_refs_id_a0b9632b` FOREIGN KEY (`benchmark_id`) REFERENCES `app_fundbench` (`id`);

--
-- Constraints for table `app_fundbench_funds`
--
ALTER TABLE `app_fundbench_funds`
  ADD CONSTRAINT `fundbench_id_refs_id_cc1c6cc` FOREIGN KEY (`fundbench_id`) REFERENCES `app_fundbench` (`id`),
  ADD CONSTRAINT `fund_id_refs_id_d80cd731` FOREIGN KEY (`fund_id`) REFERENCES `app_fund` (`id`);

--
-- Constraints for table `app_fundperf`
--
ALTER TABLE `app_fundperf`
  ADD CONSTRAINT `fund_id_refs_id_a83f49f0` FOREIGN KEY (`fund_id`) REFERENCES `app_fund` (`id`),
  ADD CONSTRAINT `month_id_refs_id_c88fd08a` FOREIGN KEY (`month_id`) REFERENCES `app_fundperfmonth` (`id`);

--
-- Constraints for table `app_fundperfmonth`
--
ALTER TABLE `app_fundperfmonth`
  ADD CONSTRAINT `fund_id_refs_id_5e88c551` FOREIGN KEY (`fund_id`) REFERENCES `app_fund` (`id`),
  ADD CONSTRAINT `year_id_refs_id_ad4c0a7b` FOREIGN KEY (`year_id`) REFERENCES `app_fundperfyear` (`id`);

--
-- Constraints for table `app_fundperfyear`
--
ALTER TABLE `app_fundperfyear`
  ADD CONSTRAINT `fund_id_refs_id_334affe9` FOREIGN KEY (`fund_id`) REFERENCES `app_fund` (`id`);

--
-- Constraints for table `app_fxhedge`
--
ALTER TABLE `app_fxhedge`
  ADD CONSTRAINT `currency_id_refs_id_f9129b32` FOREIGN KEY (`currency_id`) REFERENCES `app_currency` (`id`),
  ADD CONSTRAINT `fund_id_refs_id_31d10c86` FOREIGN KEY (`fund_id`) REFERENCES `app_fund` (`id`);

--
-- Constraints for table `app_fxrate`
--
ALTER TABLE `app_fxrate`
  ADD CONSTRAINT `currency_id_refs_id_101388e2` FOREIGN KEY (`currency_id`) REFERENCES `app_currency` (`id`);

--
-- Constraints for table `app_historicalexpense`
--
ALTER TABLE `app_historicalexpense`
  ADD CONSTRAINT `expense_id_refs_id_4925d603` FOREIGN KEY (`expense_id`) REFERENCES `app_expense` (`id`);

--
-- Constraints for table `app_historicalfee`
--
ALTER TABLE `app_historicalfee`
  ADD CONSTRAINT `fee_id_refs_id_fb33942b` FOREIGN KEY (`fee_id`) REFERENCES `app_fee` (`id`);

--
-- Constraints for table `app_historicclient`
--
ALTER TABLE `app_historicclient`
  ADD CONSTRAINT `client_id_refs_id_3093849a` FOREIGN KEY (`client_id`) REFERENCES `app_client` (`id`);

--
-- Constraints for table `app_historicfund`
--
ALTER TABLE `app_historicfund`
  ADD CONSTRAINT `fund_id_refs_id_dd65de5e` FOREIGN KEY (`fund_id`) REFERENCES `app_fund` (`id`);

--
-- Constraints for table `app_holding`
--
ALTER TABLE `app_holding`
  ADD CONSTRAINT `asset_class_id_refs_id_2424172b` FOREIGN KEY (`asset_class_id`) REFERENCES `app_holdingcategory` (`id`),
  ADD CONSTRAINT `counter_party_id_refs_id_2b21f35f` FOREIGN KEY (`counter_party_id`) REFERENCES `app_counterparty` (`id`),
  ADD CONSTRAINT `country_id_refs_id_85736dc2` FOREIGN KEY (`country_id`) REFERENCES `app_country` (`id`),
  ADD CONSTRAINT `currency_id_refs_id_c7b74d3a` FOREIGN KEY (`currency_id`) REFERENCES `app_currency` (`id`),
  ADD CONSTRAINT `fee_id_refs_id_c9312a8` FOREIGN KEY (`fee_id`) REFERENCES `app_fee` (`id`),
  ADD CONSTRAINT `fund_id_refs_id_152b7d0e` FOREIGN KEY (`fund_id`) REFERENCES `app_fund` (`id`),
  ADD CONSTRAINT `location_id_refs_id_2424172b` FOREIGN KEY (`location_id`) REFERENCES `app_holdingcategory` (`id`),
  ADD CONSTRAINT `sector_id_refs_id_2424172b` FOREIGN KEY (`sector_id`) REFERENCES `app_holdingcategory` (`id`),
  ADD CONSTRAINT `sub_sector_id_refs_id_2424172b` FOREIGN KEY (`sub_sector_id`) REFERENCES `app_holdingcategory` (`id`);

--
-- Constraints for table `app_holding_client`
--
ALTER TABLE `app_holding_client`
  ADD CONSTRAINT `client_id_refs_id_78317651` FOREIGN KEY (`client_id`) REFERENCES `app_client` (`id`),
  ADD CONSTRAINT `holding_id_refs_id_b881504e` FOREIGN KEY (`holding_id`) REFERENCES `app_holding` (`id`);

--
-- Constraints for table `app_holdperf`
--
ALTER TABLE `app_holdperf`
  ADD CONSTRAINT `holding_category_id_refs_id_f2c8833f` FOREIGN KEY (`holding_category_id`) REFERENCES `app_holdingcategory` (`id`),
  ADD CONSTRAINT `holding_id_refs_id_e339b31d` FOREIGN KEY (`holding_id`) REFERENCES `app_holding` (`id`),
  ADD CONSTRAINT `month_id_refs_id_3e7fea0a` FOREIGN KEY (`month_id`) REFERENCES `app_holdperfmonth` (`id`);

--
-- Constraints for table `app_holdperfmonth`
--
ALTER TABLE `app_holdperfmonth`
  ADD CONSTRAINT `fund_id_refs_id_def4a74f` FOREIGN KEY (`fund_id`) REFERENCES `app_fund` (`id`),
  ADD CONSTRAINT `holding_category_id_refs_id_8bad43dc` FOREIGN KEY (`holding_category_id`) REFERENCES `app_holdingcategory` (`id`),
  ADD CONSTRAINT `holding_id_refs_id_bc8d4408` FOREIGN KEY (`holding_id`) REFERENCES `app_holding` (`id`);

--
-- Constraints for table `app_menu`
--
ALTER TABLE `app_menu`
  ADD CONSTRAINT `fund_id_refs_id_66a443c5` FOREIGN KEY (`fund_id`) REFERENCES `app_fund` (`id`),
  ADD CONSTRAINT `page_id_refs_id_f8147119` FOREIGN KEY (`page_id`) REFERENCES `app_page` (`id`),
  ADD CONSTRAINT `parent_id_refs_id_23a66d` FOREIGN KEY (`parent_id`) REFERENCES `app_menu` (`id`);

--
-- Constraints for table `app_menu_access`
--
ALTER TABLE `app_menu_access`
  ADD CONSTRAINT `group_id_refs_id_b3d6acc2` FOREIGN KEY (`group_id`) REFERENCES `auth_group` (`id`),
  ADD CONSTRAINT `menu_id_refs_id_6191881` FOREIGN KEY (`menu_id`) REFERENCES `app_menu` (`id`);

--
-- Constraints for table `app_page`
--
ALTER TABLE `app_page`
  ADD CONSTRAINT `parent_id_refs_id_4814c0e5` FOREIGN KEY (`parent_id`) REFERENCES `app_page` (`id`);

--
-- Constraints for table `app_pagewindow`
--
ALTER TABLE `app_pagewindow`
  ADD CONSTRAINT `page_id_refs_id_708a60ef` FOREIGN KEY (`page_id`) REFERENCES `app_page` (`id`),
  ADD CONSTRAINT `user_id_refs_id_28c488f3` FOREIGN KEY (`user_id`) REFERENCES `auth_user` (`id`),
  ADD CONSTRAINT `window_id_refs_id_a635c3ca` FOREIGN KEY (`window_id`) REFERENCES `app_window` (`id`);

--
-- Constraints for table `app_subscriptionredemption`
--
ALTER TABLE `app_subscriptionredemption`
  ADD CONSTRAINT `client_id_refs_id_c0e7edbc` FOREIGN KEY (`client_id`) REFERENCES `app_client` (`id`),
  ADD CONSTRAINT `fund_id_refs_id_bdbcb6de` FOREIGN KEY (`fund_id`) REFERENCES `app_fund` (`id`);

--
-- Constraints for table `app_trade`
--
ALTER TABLE `app_trade`
  ADD CONSTRAINT `currency_id_refs_id_48888971` FOREIGN KEY (`currency_id`) REFERENCES `app_currency` (`id`),
  ADD CONSTRAINT `holding_id_refs_id_2c89b6e` FOREIGN KEY (`holding_id`) REFERENCES `app_holding` (`id`),
  ADD CONSTRAINT `purchase_sale_id_refs_id_95dc18b0` FOREIGN KEY (`purchase_sale_id`) REFERENCES `app_purchasesale` (`id`),
  ADD CONSTRAINT `trade_type_id_refs_id_e0e2271f` FOREIGN KEY (`trade_type_id`) REFERENCES `app_tradetype` (`id`);

--
-- Constraints for table `app_widget`
--
ALTER TABLE `app_widget`
  ADD CONSTRAINT `widget_type_id_refs_id_6a371185` FOREIGN KEY (`widget_type_id`) REFERENCES `app_widgettype` (`id`),
  ADD CONSTRAINT `window_id_refs_id_a4194719` FOREIGN KEY (`window_id`) REFERENCES `app_window` (`id`);

--
-- Constraints for table `app_widget_widget_param`
--
ALTER TABLE `app_widget_widget_param`
  ADD CONSTRAINT `widgetparam_id_refs_id_de8e28b5` FOREIGN KEY (`widgetparam_id`) REFERENCES `app_widgetparam` (`id`),
  ADD CONSTRAINT `widget_id_refs_id_6b164a29` FOREIGN KEY (`widget_id`) REFERENCES `app_widget` (`id`);

--
-- Constraints for table `app_window_access`
--
ALTER TABLE `app_window_access`
  ADD CONSTRAINT `group_id_refs_id_5aa3d047` FOREIGN KEY (`group_id`) REFERENCES `auth_group` (`id`),
  ADD CONSTRAINT `window_id_refs_id_4c50cb0b` FOREIGN KEY (`window_id`) REFERENCES `app_window` (`id`);

--
-- Constraints for table `auth_group_permissions`
--
ALTER TABLE `auth_group_permissions`
  ADD CONSTRAINT `group_id_refs_id_3cea63fe` FOREIGN KEY (`group_id`) REFERENCES `auth_group` (`id`),
  ADD CONSTRAINT `permission_id_refs_id_a7792de1` FOREIGN KEY (`permission_id`) REFERENCES `auth_permission` (`id`);

--
-- Constraints for table `auth_permission`
--
ALTER TABLE `auth_permission`
  ADD CONSTRAINT `content_type_id_refs_id_728de91f` FOREIGN KEY (`content_type_id`) REFERENCES `django_content_type` (`id`);

--
-- Constraints for table `auth_user_groups`
--
ALTER TABLE `auth_user_groups`
  ADD CONSTRAINT `group_id_refs_id_f0ee9890` FOREIGN KEY (`group_id`) REFERENCES `auth_group` (`id`),
  ADD CONSTRAINT `user_id_refs_id_831107f1` FOREIGN KEY (`user_id`) REFERENCES `auth_user` (`id`);

--
-- Constraints for table `auth_user_user_permissions`
--
ALTER TABLE `auth_user_user_permissions`
  ADD CONSTRAINT `permission_id_refs_id_67e79cb` FOREIGN KEY (`permission_id`) REFERENCES `auth_permission` (`id`),
  ADD CONSTRAINT `user_id_refs_id_f2045483` FOREIGN KEY (`user_id`) REFERENCES `auth_user` (`id`);

--
-- Constraints for table `django_admin_log`
--
ALTER TABLE `django_admin_log`
  ADD CONSTRAINT `content_type_id_refs_id_288599e6` FOREIGN KEY (`content_type_id`) REFERENCES `django_content_type` (`id`),
  ADD CONSTRAINT `user_id_refs_id_c8665aa` FOREIGN KEY (`user_id`) REFERENCES `auth_user` (`id`);

--
-- Constraints for table `tastypie_apikey`
--
ALTER TABLE `tastypie_apikey`
  ADD CONSTRAINT `user_id_refs_id_56bfdb62` FOREIGN KEY (`user_id`) REFERENCES `auth_user` (`id`);

/*!40101 SET CHARACTER_SET_CLIENT=@OLD_CHARACTER_SET_CLIENT */;
/*!40101 SET CHARACTER_SET_RESULTS=@OLD_CHARACTER_SET_RESULTS */;
/*!40101 SET COLLATION_CONNECTION=@OLD_COLLATION_CONNECTION */;
