[
{
    "pk": "7laem3z7t18gc3mqelvoxjg6tw0lu5y8", 
    "model": "sessions.session", 
    "fields": {
        "expire_date": "2013-11-18T16:32:40Z", 
        "session_data": "ZjIxNzE1NmJjNGMxM2IxZWI0ODllZDViMTFjMjI2YjI0MDI5NzUzYTqAAn1xAShVEl9hdXRoX3VzZXJfYmFja2VuZHECVSlkamFuZ28uY29udHJpYi5hdXRoLmJhY2tlbmRzLk1vZGVsQmFja2VuZHEDVQ1fYXV0aF91c2VyX2lkcQSKAQF1Lg=="
    }
},
{
    "pk": "o0zqhh56w13i8gi6c7w4ycsz0sqc5q07", 
    "model": "sessions.session", 
    "fields": {
        "expire_date": "2013-11-08T00:05:40Z", 
        "session_data": "ZjIxNzE1NmJjNGMxM2IxZWI0ODllZDViMTFjMjI2YjI0MDI5NzUzYTqAAn1xAShVEl9hdXRoX3VzZXJfYmFja2VuZHECVSlkamFuZ28uY29udHJpYi5hdXRoLmJhY2tlbmRzLk1vZGVsQmFja2VuZHEDVQ1fYXV0aF91c2VyX2lkcQSKAQF1Lg=="
    }
},
{
    "pk": "tax9zye1i0mocwud1ted3vf49ulomagn", 
    "model": "sessions.session", 
    "fields": {
        "expire_date": "2013-11-12T13:26:19Z", 
        "session_data": "ZjIxNzE1NmJjNGMxM2IxZWI0ODllZDViMTFjMjI2YjI0MDI5NzUzYTqAAn1xAShVEl9hdXRoX3VzZXJfYmFja2VuZHECVSlkamFuZ28uY29udHJpYi5hdXRoLmJhY2tlbmRzLk1vZGVsQmFja2VuZHEDVQ1fYXV0aF91c2VyX2lkcQSKAQF1Lg=="
    }
},
{
    "pk": 1, 
    "model": "sites.site", 
    "fields": {
        "domain": "example.com", 
        "name": "example.com"
    }
},
{
    "pk": 1, 
    "model": "app.widgettype", 
    "fields": {
        "name": "Pie Chart", 
        "key": "pie_chart"
    }
},
{
    "pk": 2, 
    "model": "app.widgettype", 
    "fields": {
        "name": "Data Table", 
        "key": "data_table"
    }
},
{
    "pk": 3, 
    "model": "app.widgettype", 
    "fields": {
        "name": "Graph", 
        "key": "graph"
    }
},
{
    "pk": 4, 
    "model": "app.widgettype", 
    "fields": {
        "name": "Bar Chart", 
        "key": "bar_chart"
    }
},
{
    "pk": 5, 
    "model": "app.widgettype", 
    "fields": {
        "name": "Month Table", 
        "key": "month_table"
    }
},
{
    "pk": 6, 
    "model": "app.widgettype", 
    "fields": {
        "name": "Data Table with Sub Table", 
        "key": "data_table_sub"
    }
},
{
    "pk": 7, 
    "model": "app.widgettype", 
    "fields": {
        "name": "Line Bar Graph", 
        "key": "line_bar_chart"
    }
},
{
    "pk": 8, 
    "model": "app.widgettype", 
    "fields": {
        "name": "Line Chart", 
        "key": "line_chart"
    }
},
{
    "pk": 9, 
    "model": "app.widgettype", 
    "fields": {
        "name": "Euro Percent Table", 
        "key": "euro_percent_table"
    }
},
{
    "pk": 10, 
    "model": "app.widgettype", 
    "fields": {
        "name": "Double Y Chart", 
        "key": "chart_doubley"
    }
},
{
    "pk": 11, 
    "model": "app.widgettype", 
    "fields": {
        "name": "Data Group Table", 
        "key": "data_group_table"
    }
},
{
    "pk": 1, 
    "model": "app.widgetparam", 
    "fields": {
        "value": "FUND", 
        "key": "fund"
    }
},
{
    "pk": 3, 
    "model": "app.widgetparam", 
    "fields": {
        "value": "FUND", 
        "key": "funds"
    }
},
{
    "pk": 4, 
    "model": "app.widgetparam", 
    "fields": {
        "value": "weight", 
        "key": "order_by"
    }
},
{
    "pk": 6, 
    "model": "app.widgetparam", 
    "fields": {
        "value": "YEAR", 
        "key": "year"
    }
},
{
    "pk": 8, 
    "model": "app.widgetparam", 
    "fields": {
        "value": "all", 
        "key": "category__group"
    }
},
{
    "pk": 9, 
    "model": "app.widgetparam", 
    "fields": {
        "value": "sec", 
        "key": "category__group"
    }
},
{
    "pk": 10, 
    "model": "app.widgetparam", 
    "fields": {
        "value": "sub", 
        "key": "category__group"
    }
},
{
    "pk": 12, 
    "model": "app.widgetparam", 
    "fields": {
        "value": "HOLDING", 
        "key": "holding"
    }
},
{
    "pk": 14, 
    "model": "app.widgetparam", 
    "fields": {
        "value": "false", 
        "key": "title"
    }
},
{
    "pk": 16, 
    "model": "app.widgetparam", 
    "fields": {
        "value": "TRUE", 
        "key": "scrollbar"
    }
},
{
    "pk": 18, 
    "model": "app.widgetparam", 
    "fields": {
        "value": "false", 
        "key": "legend"
    }
},
{
    "pk": 19, 
    "model": "app.widgetparam", 
    "fields": {
        "value": "YEAR", 
        "key": "value_date__year"
    }
},
{
    "pk": 20, 
    "model": "app.widgetparam", 
    "fields": {
        "value": "MONTH", 
        "key": "value_date__month"
    }
},
{
    "pk": 22, 
    "model": "app.widgetparam", 
    "fields": {
        "value": "loc", 
        "key": "category__group"
    }
},
{
    "pk": 25, 
    "model": "app.widgetparam", 
    "fields": {
        "value": "FUND", 
        "key": "holding_fund"
    }
},
{
    "pk": 27, 
    "model": "app.widgetparam", 
    "fields": {
        "value": "mtd", 
        "key": "fields"
    }
},
{
    "pk": 32, 
    "model": "app.widgetparam", 
    "fields": {
        "value": "bar", 
        "key": "type"
    }
},
{
    "pk": 34, 
    "model": "app.widgetparam", 
    "fields": {
        "value": "false", 
        "key": "yDecimals"
    }
},
{
    "pk": 39, 
    "model": "app.widgetparam", 
    "fields": {
        "value": "mtd", 
        "key": "order_by"
    }
},
{
    "pk": 41, 
    "model": "app.widgetparam", 
    "fields": {
        "value": "1", 
        "key": "value_date__day"
    }
},
{
    "pk": 43, 
    "model": "app.widgetparam", 
    "fields": {
        "value": "true", 
        "key": "navigator"
    }
},
{
    "pk": 44, 
    "model": "app.widgetparam", 
    "fields": {
        "value": "month", 
        "key": "date_type"
    }
},
{
    "pk": 45, 
    "model": "app.widgetparam", 
    "fields": {
        "value": "ass", 
        "key": "category__group"
    }
},
{
    "pk": 46, 
    "model": "app.widgetparam", 
    "fields": {
        "value": "ytd", 
        "key": "column_border_y"
    }
},
{
    "pk": 48, 
    "model": "app.widgetparam", 
    "fields": {
        "value": "50,80", 
        "key": "column_width"
    }
},
{
    "pk": 50, 
    "model": "app.widgetparam", 
    "fields": {
        "value": "120,80", 
        "key": "column_width"
    }
},
{
    "pk": 51, 
    "model": "app.widgetparam", 
    "fields": {
        "value": "100,80", 
        "key": "column_width"
    }
},
{
    "pk": 52, 
    "model": "app.widgetparam", 
    "fields": {
        "value": "80,80", 
        "key": "column_width"
    }
},
{
    "pk": 54, 
    "model": "app.widgetparam", 
    "fields": {
        "value": "80,50", 
        "key": "column_width"
    }
},
{
    "pk": 55, 
    "model": "app.widgetparam", 
    "fields": {
        "value": "100,85", 
        "key": "column_width"
    }
},
{
    "pk": 58, 
    "model": "app.widgetparam", 
    "fields": {
        "value": "80,90", 
        "key": "column_width"
    }
},
{
    "pk": 59, 
    "model": "app.widgetparam", 
    "fields": {
        "value": "center", 
        "key": "align"
    }
},
{
    "pk": 60, 
    "model": "app.widgetparam", 
    "fields": {
        "value": "true", 
        "key": "subtable"
    }
},
{
    "pk": 61, 
    "model": "app.widgetparam", 
    "fields": {
        "value": "hol", 
        "key": "category__group"
    }
},
{
    "pk": 62, 
    "model": "app.widgetparam", 
    "fields": {
        "value": "inv", 
        "key": "category__group"
    }
},
{
    "pk": 63, 
    "model": "app.widgetparam", 
    "fields": {
        "value": "id,name,commit,drawdown,various,residual_commit,distribution,valuation,total_value,proceed,irr", 
        "key": "fields"
    }
},
{
    "pk": 70, 
    "model": "app.widgetparam", 
    "fields": {
        "value": "mtd", 
        "key": "value"
    }
},
{
    "pk": 71, 
    "model": "app.widgetparam", 
    "fields": {
        "value": "fund__name", 
        "key": "title"
    }
},
{
    "pk": 72, 
    "model": "app.widgetparam", 
    "fields": {
        "value": "value_date", 
        "key": "date"
    }
},
{
    "pk": 73, 
    "model": "app.widgetparam", 
    "fields": {
        "value": "year", 
        "key": "data_type"
    }
},
{
    "pk": 76, 
    "model": "app.widgetparam", 
    "fields": {
        "value": "rotated", 
        "key": "labels"
    }
},
{
    "pk": 77, 
    "model": "app.widgetparam", 
    "fields": {
        "value": "category__name", 
        "key": "title"
    }
},
{
    "pk": 78, 
    "model": "app.widgetparam", 
    "fields": {
        "value": "mtd", 
        "key": "value"
    }
},
{
    "pk": 80, 
    "model": "app.widgetparam", 
    "fields": {
        "value": "euro_nav", 
        "key": "value"
    }
},
{
    "pk": 81, 
    "model": "app.widgetparam", 
    "fields": {
        "value": "ytd", 
        "key": "extra_fields"
    }
},
{
    "pk": 82, 
    "model": "app.widgetparam", 
    "fields": {
        "value": "graph", 
        "key": "data_type"
    }
},
{
    "pk": 83, 
    "model": "app.widgetparam", 
    "fields": {
        "value": "cash_flow_euro_amount_euro_dollar", 
        "key": "value"
    }
},
{
    "pk": 84, 
    "model": "app.widgetparam", 
    "fields": {
        "value": "cash_flow_percent_euro_dollar", 
        "key": "value"
    }
},
{
    "pk": 85, 
    "model": "app.widgetparam", 
    "fields": {
        "value": "cash_flow_euro_amount_euro_dollar", 
        "key": "y1"
    }
},
{
    "pk": 86, 
    "model": "app.widgetparam", 
    "fields": {
        "value": "cash_flow_percent_euro_dollar", 
        "key": "y1"
    }
},
{
    "pk": 87, 
    "model": "app.widgetparam", 
    "fields": {
        "value": "euro_nav", 
        "key": "y1"
    }
},
{
    "pk": 88, 
    "model": "app.widgetparam", 
    "fields": {
        "value": "mtd", 
        "key": "y1"
    }
},
{
    "pk": 89, 
    "model": "app.widgetparam", 
    "fields": {
        "value": "m", 
        "key": "date_type"
    }
},
{
    "pk": 90, 
    "model": "app.widgetparam", 
    "fields": {
        "value": "d", 
        "key": "date_type"
    }
},
{
    "pk": 91, 
    "model": "app.widgetparam", 
    "fields": {
        "value": "dealing_date", 
        "key": "date"
    }
},
{
    "pk": 92, 
    "model": "app.widgetparam", 
    "fields": {
        "value": "cumulative_weight", 
        "key": "y1"
    }
},
{
    "pk": 93, 
    "model": "app.widgetparam", 
    "fields": {
        "value": "cumulative_nav", 
        "key": "y2"
    }
},
{
    "pk": 94, 
    "model": "app.widgetparam", 
    "fields": {
        "value": "euro_nav_fund", 
        "key": "value"
    }
},
{
    "pk": 95, 
    "model": "app.widgetparam", 
    "fields": {
        "value": "mtd", 
        "key": "y1"
    }
},
{
    "pk": 96, 
    "model": "app.widgetparam", 
    "fields": {
        "value": "holding__name", 
        "key": "title"
    }
},
{
    "pk": 97, 
    "model": "app.widgetparam", 
    "fields": {
        "value": "column", 
        "key": "type"
    }
},
{
    "pk": 99, 
    "model": "app.widgetparam", 
    "fields": {
        "value": "euro_weight_holding_in_fund", 
        "key": "value"
    }
},
{
    "pk": 102, 
    "model": "app.widgetparam", 
    "fields": {
        "value": "no_of_units", 
        "key": "y1"
    }
},
{
    "pk": 103, 
    "model": "app.widgetparam", 
    "fields": {
        "value": "trade_date", 
        "key": "date"
    }
},
{
    "pk": 104, 
    "model": "app.widgetparam", 
    "fields": {
        "value": "FUND", 
        "key": "holding__fund"
    }
},
{
    "pk": 105, 
    "model": "app.widgetparam", 
    "fields": {
        "value": "dealing_date", 
        "key": "order_by"
    }
},
{
    "pk": 106, 
    "model": "app.widgetparam", 
    "fields": {
        "value": "HOLDING", 
        "key": "id"
    }
},
{
    "pk": 107, 
    "model": "app.widgetparam", 
    "fields": {
        "value": "CLIENT", 
        "key": "client"
    }
},
{
    "pk": 111, 
    "model": "app.widgetparam", 
    "fields": {
        "value": "CLIENT", 
        "key": "holding__client"
    }
},
{
    "pk": 112, 
    "model": "app.widgetparam", 
    "fields": {
        "value": "euro_nav", 
        "key": "value"
    }
},
{
    "pk": 115, 
    "model": "app.widgetparam", 
    "fields": {
        "value": "true", 
        "key": "total"
    }
},
{
    "pk": 116, 
    "model": "app.widgetparam", 
    "fields": {
        "value": "pe", 
        "key": "holding__asset_class__key"
    }
},
{
    "pk": 117, 
    "model": "app.widgetparam", 
    "fields": {
        "value": "ad-hoc", 
        "key": "holding__asset_class__key"
    }
},
{
    "pk": 118, 
    "model": "app.widgetparam", 
    "fields": {
        "value": "loan", 
        "key": "holding__asset_class__key"
    }
},
{
    "pk": 119, 
    "model": "app.widgetparam", 
    "fields": {
        "value": "cash", 
        "key": "holding__asset_class__key"
    }
},
{
    "pk": 120, 
    "model": "app.widgetparam", 
    "fields": {
        "value": "trade_date", 
        "key": "order_by"
    }
},
{
    "pk": 121, 
    "model": "app.widgetparam", 
    "fields": {
        "value": "redemption_date", 
        "key": "order_by"
    }
},
{
    "pk": 122, 
    "model": "app.widgetparam", 
    "fields": {
        "value": "fund_perf", 
        "key": "value"
    }
},
{
    "pk": 123, 
    "model": "app.widgetparam", 
    "fields": {
        "value": "ytd", 
        "key": "extra_fields"
    }
},
{
    "pk": 124, 
    "model": "app.widgetparam", 
    "fields": {
        "value": "fund_perf", 
        "key": "value"
    }
},
{
    "pk": 125, 
    "model": "app.widgetparam", 
    "fields": {
        "value": "fund_perf", 
        "key": "y1"
    }
},
{
    "pk": 126, 
    "model": "app.widgetparam", 
    "fields": {
        "value": "bench_perf", 
        "key": "y2"
    }
},
{
    "pk": 127, 
    "model": "app.widgetparam", 
    "fields": {
        "value": "value_date", 
        "key": "order_by"
    }
},
{
    "pk": 1, 
    "model": "app.widget", 
    "fields": {
        "disabled": false, 
        "widget_param": [
            52, 
            1
        ], 
        "name": "W.11 - Holding Trade Data Table", 
        "v2": true, 
        "widget_type": 6, 
        "window": 1, 
        "size_x": "7.0", 
        "size_y": "3.0", 
        "key": "holding", 
        "column_width": "", 
        "position": 0, 
        "columns": "name,sector,sub_sector,location,asset_class,currency,ave_purchase_price_base,no_of_units,price_of_unit,euro_nav,mtd,ytd", 
        "description": "n/a"
    }
},
{
    "pk": 3, 
    "model": "app.widget", 
    "fields": {
        "disabled": false, 
        "widget_param": [
            82, 
            72, 
            1, 
            18, 
            127, 
            125, 
            126
        ], 
        "name": "W.16 - MTD Performance Line Graph", 
        "v2": true, 
        "widget_type": 10, 
        "window": 2, 
        "size_x": "6.9", 
        "size_y": "2.8", 
        "key": "fund-return-monthly", 
        "column_width": "", 
        "position": 0, 
        "columns": "", 
        "description": "n/a"
    }
},
{
    "pk": 5, 
    "model": "app.widget", 
    "fields": {
        "disabled": false, 
        "widget_param": [
            59, 
            73, 
            72, 
            123, 
            1, 
            122
        ], 
        "name": "W.1 - Fund Historical Performance Table", 
        "v2": true, 
        "widget_type": 2, 
        "window": 3, 
        "size_x": "7.0", 
        "size_y": "3.0", 
        "key": "fund-return-monthly2", 
        "column_width": "", 
        "position": 0, 
        "columns": "", 
        "description": ""
    }
},
{
    "pk": 7, 
    "model": "app.widget", 
    "fields": {
        "disabled": false, 
        "widget_param": [
            82, 
            89, 
            104, 
            18, 
            4, 
            96, 
            41, 
            20, 
            19, 
            95
        ], 
        "name": "W.2 - Fund Holding Performance Bar Graph", 
        "v2": true, 
        "widget_type": 4, 
        "window": 4, 
        "size_x": "6.0", 
        "size_y": "3.0", 
        "key": "holding-history", 
        "column_width": "", 
        "position": 0, 
        "columns": "", 
        "description": ""
    }
},
{
    "pk": 9, 
    "model": "app.widget", 
    "fields": {
        "disabled": false, 
        "widget_param": [
            9, 
            46, 
            54, 
            73, 
            72, 
            81, 
            1, 
            77, 
            78, 
            19
        ], 
        "name": "W.3 - Fund Performance by Sector Data Table", 
        "v2": true, 
        "widget_type": 2, 
        "window": 5, 
        "size_x": "6.0", 
        "size_y": "0.8", 
        "key": "holding-breakdown", 
        "column_width": "", 
        "position": 0, 
        "columns": "", 
        "description": ""
    }
},
{
    "pk": 10, 
    "model": "app.widget", 
    "fields": {
        "disabled": false, 
        "widget_param": [
            9, 
            73, 
            72, 
            1, 
            77, 
            19, 
            88
        ], 
        "name": "W.3 -  Performance by Sector Bar Chart", 
        "v2": true, 
        "widget_type": 4, 
        "window": 5, 
        "size_x": "6.0", 
        "size_y": "1.7", 
        "key": "holding-breakdown", 
        "column_width": "", 
        "position": 2, 
        "columns": "", 
        "description": ""
    }
},
{
    "pk": 11, 
    "model": "app.widget", 
    "fields": {
        "disabled": false, 
        "widget_param": [
            10, 
            46, 
            54, 
            73, 
            72, 
            81, 
            1, 
            77, 
            78, 
            19
        ], 
        "name": "W.4 - Performance by Sub-Sector Data Table", 
        "v2": true, 
        "widget_type": 2, 
        "window": 6, 
        "size_x": "6.0", 
        "size_y": "1.0", 
        "key": "holding-breakdown", 
        "column_width": "", 
        "position": 0, 
        "columns": "", 
        "description": ""
    }
},
{
    "pk": 12, 
    "model": "app.widget", 
    "fields": {
        "disabled": false, 
        "widget_param": [
            10, 
            73, 
            72, 
            1, 
            77, 
            19, 
            88
        ], 
        "name": "W.4 - Performance by Sub-Sector Bar Chart", 
        "v2": true, 
        "widget_type": 4, 
        "window": 6, 
        "size_x": "6.0", 
        "size_y": "1.7", 
        "key": "holding-breakdown", 
        "column_width": "", 
        "position": 2, 
        "columns": "", 
        "description": ""
    }
},
{
    "pk": 13, 
    "model": "app.widget", 
    "fields": {
        "disabled": false, 
        "widget_param": [
            22, 
            46, 
            54, 
            73, 
            72, 
            81, 
            1, 
            77, 
            78, 
            19
        ], 
        "name": "W.5 - Performance by Location Data Table", 
        "v2": true, 
        "widget_type": 2, 
        "window": 7, 
        "size_x": "6.0", 
        "size_y": "1.0", 
        "key": "holding-breakdown", 
        "column_width": "", 
        "position": 0, 
        "columns": "", 
        "description": ""
    }
},
{
    "pk": 14, 
    "model": "app.widget", 
    "fields": {
        "disabled": false, 
        "widget_param": [
            22, 
            73, 
            72, 
            1, 
            77, 
            19, 
            88
        ], 
        "name": "W.5 - Performance by Location Bar Chart", 
        "v2": true, 
        "widget_type": 4, 
        "window": 7, 
        "size_x": "6.0", 
        "size_y": "1.5", 
        "key": "holding-breakdown", 
        "column_width": "", 
        "position": 2, 
        "columns": "", 
        "description": ""
    }
},
{
    "pk": 15, 
    "model": "app.widget", 
    "fields": {
        "disabled": false, 
        "widget_param": [
            82, 
            103, 
            25, 
            120, 
            102
        ], 
        "name": "W.11 - Trade Volume Bar Graph", 
        "v2": true, 
        "widget_type": 7, 
        "window": 1, 
        "size_x": "7.0", 
        "size_y": "3.0", 
        "key": "trade", 
        "column_width": "", 
        "position": 1, 
        "columns": "", 
        "description": ""
    }
},
{
    "pk": 16, 
    "model": "app.widget", 
    "fields": {
        "disabled": false, 
        "widget_param": [
            48, 
            73, 
            72, 
            89, 
            1, 
            94
        ], 
        "name": "W.6 - Fund Historical NAV Data Table", 
        "v2": true, 
        "widget_type": 2, 
        "window": 8, 
        "size_x": "7.0", 
        "size_y": "3.0", 
        "key": "fund-history", 
        "column_width": "", 
        "position": 0, 
        "columns": "", 
        "description": ""
    }
},
{
    "pk": 17, 
    "model": "app.widget", 
    "fields": {
        "disabled": false, 
        "widget_param": [
            82, 
            89, 
            1, 
            104, 
            18, 
            39, 
            96, 
            97, 
            41, 
            20, 
            19, 
            87
        ], 
        "name": "W.7 - Fund Holding NAV Bar", 
        "v2": true, 
        "widget_type": 4, 
        "window": 9, 
        "size_x": "7.0", 
        "size_y": "3.0", 
        "key": "holding-history", 
        "column_width": "", 
        "position": 0, 
        "columns": "", 
        "description": ""
    }
},
{
    "pk": 19, 
    "model": "app.widget", 
    "fields": {
        "disabled": false, 
        "widget_param": [
            9, 
            54, 
            73, 
            72, 
            1, 
            16, 
            77, 
            80, 
            19
        ], 
        "name": "W.8 - NAV Weight by Sector Data Table", 
        "v2": true, 
        "widget_type": 9, 
        "window": 10, 
        "size_x": "7.0", 
        "size_y": "2.0", 
        "key": "holding-breakdown", 
        "column_width": "", 
        "position": 0, 
        "columns": "", 
        "description": ""
    }
},
{
    "pk": 20, 
    "model": "app.widget", 
    "fields": {
        "disabled": false, 
        "widget_param": [
            10, 
            54, 
            73, 
            72, 
            1, 
            16, 
            77, 
            80, 
            19
        ], 
        "name": "W.9 - Fund NAV Weight by Sub Sector Table", 
        "v2": true, 
        "widget_type": 9, 
        "window": 11, 
        "size_x": "7.0", 
        "size_y": "2.0", 
        "key": "holding-breakdown", 
        "column_width": "", 
        "position": 0, 
        "columns": "", 
        "description": ""
    }
},
{
    "pk": 21, 
    "model": "app.widget", 
    "fields": {
        "disabled": false, 
        "widget_param": [
            22, 
            54, 
            73, 
            72, 
            1, 
            16, 
            77, 
            80, 
            19
        ], 
        "name": "W.10 - Fund NAV Weight by Location Data Table", 
        "v2": true, 
        "widget_type": 9, 
        "window": 12, 
        "size_x": "7.0", 
        "size_y": "2.0", 
        "key": "holding-breakdown", 
        "column_width": "", 
        "position": 0, 
        "columns": "", 
        "description": ""
    }
},
{
    "pk": 22, 
    "model": "app.widget", 
    "fields": {
        "disabled": false, 
        "widget_param": [
            48, 
            1
        ], 
        "name": "W19 Fund Return Table", 
        "v2": true, 
        "widget_type": 2, 
        "window": 14, 
        "size_x": "4.0", 
        "size_y": "2.0", 
        "key": "fund-returns", 
        "column_width": "", 
        "position": 0, 
        "columns": "", 
        "description": ""
    }
},
{
    "pk": 23, 
    "model": "app.widget", 
    "fields": {
        "disabled": false, 
        "widget_param": [
            1
        ], 
        "name": "W20 - Best Worst Months", 
        "v2": true, 
        "widget_type": 2, 
        "window": 15, 
        "size_x": "4.0", 
        "size_y": "2.0", 
        "key": "fund-best-worst", 
        "column_width": "", 
        "position": 0, 
        "columns": "", 
        "description": ""
    }
},
{
    "pk": 24, 
    "model": "app.widget", 
    "fields": {
        "disabled": false, 
        "widget_param": [
            1, 
            18, 
            32, 
            34
        ], 
        "name": "W22 - Return Histogram", 
        "v2": true, 
        "widget_type": 4, 
        "window": 16, 
        "size_x": "1.9", 
        "size_y": "1.9", 
        "key": "fund-returnhistogram", 
        "column_width": "", 
        "position": 0, 
        "columns": "", 
        "description": ""
    }
},
{
    "pk": 25, 
    "model": "app.widget", 
    "fields": {
        "disabled": false, 
        "widget_param": [
            51, 
            1
        ], 
        "name": "w21 - fund correlation matrix", 
        "v2": true, 
        "widget_type": 2, 
        "window": 17, 
        "size_x": "4.0", 
        "size_y": "2.0", 
        "key": "fund-correlation", 
        "column_width": "", 
        "position": 0, 
        "columns": "", 
        "description": ""
    }
},
{
    "pk": 27, 
    "model": "app.widget", 
    "fields": {
        "disabled": false, 
        "widget_param": [
            50, 
            1
        ], 
        "name": "W24 - Avg Perf in Neg Months Table", 
        "v2": true, 
        "widget_type": 2, 
        "window": 19, 
        "size_x": "4.0", 
        "size_y": "0.5", 
        "key": "fund-negativemonths-table", 
        "column_width": "", 
        "position": 0, 
        "columns": "", 
        "description": ""
    }
},
{
    "pk": 28, 
    "model": "app.widget", 
    "fields": {
        "disabled": false, 
        "widget_param": [
            1, 
            76, 
            18
        ], 
        "name": "W24 - Avg Perf in Neg Months Graph", 
        "v2": true, 
        "widget_type": 4, 
        "window": 19, 
        "size_x": "4.0", 
        "size_y": "1.5", 
        "key": "fund-negativemonths-graph", 
        "column_width": "", 
        "position": 1, 
        "columns": "", 
        "description": ""
    }
},
{
    "pk": 29, 
    "model": "app.widget", 
    "fields": {
        "disabled": false, 
        "widget_param": [
            55, 
            1
        ], 
        "name": "W73 Holding Liquidity Table ", 
        "v2": true, 
        "widget_type": 2, 
        "window": 20, 
        "size_x": "8.0", 
        "size_y": "6.0", 
        "key": "holding", 
        "column_width": "", 
        "position": 0, 
        "columns": "name,redemption_frequency,redemption_notice,max_redemption,payment_days,dealing_date,gate,soft_lock_percent,redemption_fee12,redemption_fee24,redemption_fee36", 
        "description": ""
    }
},
{
    "pk": 30, 
    "model": "app.widget", 
    "fields": {
        "disabled": false, 
        "widget_param": [
            55, 
            25, 
            121
        ], 
        "name": "W74 - Redemption Tracker", 
        "v2": true, 
        "widget_type": 2, 
        "window": 21, 
        "size_x": "3.0", 
        "size_y": "6.0", 
        "key": "holding", 
        "column_width": "", 
        "position": 0, 
        "columns": "name,euro_nav,weight,redemption_date", 
        "description": ""
    }
},
{
    "pk": 31, 
    "model": "app.widget", 
    "fields": {
        "disabled": false, 
        "widget_param": [
            55, 
            25
        ], 
        "name": "W75 - Cumulative Weight Table", 
        "v2": true, 
        "widget_type": 2, 
        "window": 22, 
        "size_x": "3.0", 
        "size_y": "5.8", 
        "key": "holding-history", 
        "column_width": "", 
        "position": 0, 
        "columns": "dealing_date,cumulative_nav,weight,cumulative_weight", 
        "description": ""
    }
},
{
    "pk": 32, 
    "model": "app.widget", 
    "fields": {
        "disabled": false, 
        "widget_param": [
            82, 
            91, 
            89, 
            25, 
            105, 
            92, 
            93
        ], 
        "name": "W75 - Cumulative Weight Graph", 
        "v2": true, 
        "widget_type": 10, 
        "window": 22, 
        "size_x": "5.0", 
        "size_y": "5.9", 
        "key": "holding-history", 
        "column_width": "", 
        "position": 1, 
        "columns": "", 
        "description": ""
    }
},
{
    "pk": 33, 
    "model": "app.widget", 
    "fields": {
        "disabled": false, 
        "widget_param": [
            58, 
            1
        ], 
        "name": "W70 - Currency Hedges", 
        "v2": true, 
        "widget_type": 2, 
        "window": 24, 
        "size_x": "4.0", 
        "size_y": "2.0", 
        "key": "fund-currencyhedge", 
        "column_width": "", 
        "position": 0, 
        "columns": "", 
        "description": ""
    }
},
{
    "pk": 34, 
    "model": "app.widget", 
    "fields": {
        "disabled": false, 
        "widget_param": [
            1
        ], 
        "name": "W.12 - Fund Share Holder Register Table", 
        "v2": true, 
        "widget_type": 6, 
        "window": 25, 
        "size_x": "5.0", 
        "size_y": "6.0", 
        "key": "client", 
        "column_width": "", 
        "position": 0, 
        "columns": "first_name,last_name,no_of_units,euro_nav", 
        "description": ""
    }
},
{
    "pk": 35, 
    "model": "app.widget", 
    "fields": {
        "disabled": false, 
        "widget_param": [
            1
        ], 
        "name": "W25 - NAV Reconciliation", 
        "v2": true, 
        "widget_type": 2, 
        "window": 27, 
        "size_x": "5.9", 
        "size_y": "2.0", 
        "key": "fund-reconciliation", 
        "column_width": "", 
        "position": 0, 
        "columns": "", 
        "description": ""
    }
},
{
    "pk": 37, 
    "model": "app.widget", 
    "fields": {
        "disabled": false, 
        "widget_param": [
            9, 
            82, 
            72, 
            1, 
            77, 
            20, 
            19, 
            87
        ], 
        "name": "NAV by Sector MONTH YEAR", 
        "v2": true, 
        "widget_type": 1, 
        "window": 10, 
        "size_x": "2.0", 
        "size_y": "2.0", 
        "key": "holding-breakdown", 
        "column_width": "", 
        "position": 1, 
        "columns": "", 
        "description": ""
    }
},
{
    "pk": 38, 
    "model": "app.widget", 
    "fields": {
        "disabled": false, 
        "widget_param": [
            10, 
            82, 
            72, 
            1, 
            77, 
            20, 
            19, 
            87
        ], 
        "name": "NAV by Sub Sector MONTH YEAR", 
        "v2": true, 
        "widget_type": 1, 
        "window": 11, 
        "size_x": "2.0", 
        "size_y": "2.0", 
        "key": "holding-breakdown", 
        "column_width": "", 
        "position": 1, 
        "columns": "", 
        "description": ""
    }
},
{
    "pk": 39, 
    "model": "app.widget", 
    "fields": {
        "disabled": false, 
        "widget_param": [
            22, 
            82, 
            72, 
            1, 
            77, 
            20, 
            19, 
            87
        ], 
        "name": "NAV by Location MONTH YEAR", 
        "v2": true, 
        "widget_type": 1, 
        "window": 12, 
        "size_x": "2.0", 
        "size_y": "2.0", 
        "key": "holding-breakdown", 
        "column_width": "", 
        "position": 1, 
        "columns": "", 
        "description": ""
    }
},
{
    "pk": 40, 
    "model": "app.widget", 
    "fields": {
        "disabled": false, 
        "widget_param": [
            45, 
            46, 
            54, 
            73, 
            72, 
            81, 
            1, 
            77, 
            78, 
            19
        ], 
        "name": "W.4.b - Performance by Asset Class Data Table", 
        "v2": true, 
        "widget_type": 2, 
        "window": 29, 
        "size_x": "6.0", 
        "size_y": "1.0", 
        "key": "holding-breakdown", 
        "column_width": "", 
        "position": 0, 
        "columns": "", 
        "description": ""
    }
},
{
    "pk": 41, 
    "model": "app.widget", 
    "fields": {
        "disabled": false, 
        "widget_param": [
            45, 
            73, 
            72, 
            1, 
            77, 
            19, 
            88
        ], 
        "name": "W.4.b - Performance by Asset Class Bar Chart", 
        "v2": true, 
        "widget_type": 4, 
        "window": 29, 
        "size_x": "6.0", 
        "size_y": "1.5", 
        "key": "holding-breakdown", 
        "column_width": "1", 
        "position": 2, 
        "columns": "", 
        "description": ""
    }
},
{
    "pk": 42, 
    "model": "app.widget", 
    "fields": {
        "disabled": false, 
        "widget_param": [
            45, 
            82, 
            72, 
            1, 
            77, 
            20, 
            19, 
            87
        ], 
        "name": "NAV by Asset Class MONTH YEAR", 
        "v2": true, 
        "widget_type": 1, 
        "window": 30, 
        "size_x": "2.0", 
        "size_y": "2.0", 
        "key": "holding-breakdown", 
        "column_width": "1", 
        "position": 1, 
        "columns": "", 
        "description": ""
    }
},
{
    "pk": 43, 
    "model": "app.widget", 
    "fields": {
        "disabled": false, 
        "widget_param": [
            45, 
            54, 
            73, 
            72, 
            1, 
            16, 
            77, 
            80, 
            19
        ], 
        "name": "W.9.b - NAV Weight by Asset Class Table", 
        "v2": true, 
        "widget_type": 9, 
        "window": 30, 
        "size_x": "7.0", 
        "size_y": "2.0", 
        "key": "holding-breakdown", 
        "column_width": "", 
        "position": 0, 
        "columns": "", 
        "description": ""
    }
},
{
    "pk": 44, 
    "model": "app.widget", 
    "fields": {
        "disabled": false, 
        "widget_param": [
            22, 
            46, 
            54, 
            73, 
            72, 
            81, 
            1, 
            60, 
            77, 
            78, 
            19
        ], 
        "name": "W.5.b - Performance by Location Country Data Table", 
        "v2": true, 
        "widget_type": 6, 
        "window": 31, 
        "size_x": "6.0", 
        "size_y": "1.0", 
        "key": "holding-breakdown", 
        "column_width": "", 
        "position": 0, 
        "columns": "", 
        "description": ""
    }
},
{
    "pk": 45, 
    "model": "app.widget", 
    "fields": {
        "disabled": false, 
        "widget_param": [
            22, 
            73, 
            72, 
            1, 
            77, 
            19, 
            88
        ], 
        "name": "W.5.b - Performance by Location Country Bar Chart", 
        "v2": true, 
        "widget_type": 4, 
        "window": 31, 
        "size_x": "6.0", 
        "size_y": "1.5", 
        "key": "holding-breakdown", 
        "column_width": "", 
        "position": 2, 
        "columns": "", 
        "description": ""
    }
},
{
    "pk": 46, 
    "model": "app.widget", 
    "fields": {
        "disabled": false, 
        "widget_param": [
            1, 
            6
        ], 
        "name": "W13b - Fund Gross Assets", 
        "v2": true, 
        "widget_type": 11, 
        "window": 32, 
        "size_x": "9.0", 
        "size_y": "6.0", 
        "key": "fund-grossasset2", 
        "column_width": "", 
        "position": 0, 
        "columns": "", 
        "description": ""
    }
},
{
    "pk": 47, 
    "model": "app.widget", 
    "fields": {
        "disabled": false, 
        "widget_param": [
            1, 
            6
        ], 
        "name": "W13c - Fund Gross Assets", 
        "v2": true, 
        "widget_type": 11, 
        "window": 33, 
        "size_x": "9.0", 
        "size_y": "6.0", 
        "key": "fund-grossasset3", 
        "column_width": "", 
        "position": 0, 
        "columns": "", 
        "description": ""
    }
},
{
    "pk": 49, 
    "model": "app.widget", 
    "fields": {
        "disabled": false, 
        "widget_param": [
            61, 
            52, 
            73, 
            72, 
            1, 
            16, 
            77, 
            80, 
            19
        ], 
        "name": "W.8.b - Fund NAV Weight by Holding Data Table", 
        "v2": true, 
        "widget_type": 9, 
        "window": 34, 
        "size_x": "7.0", 
        "size_y": "2.0", 
        "key": "holding-breakdown", 
        "column_width": "", 
        "position": 0, 
        "columns": "", 
        "description": ""
    }
},
{
    "pk": 50, 
    "model": "app.widget", 
    "fields": {
        "disabled": false, 
        "widget_param": [
            61, 
            82, 
            72, 
            1, 
            77, 
            20, 
            19, 
            87
        ], 
        "name": "NAV by Holding MONTH YEAR", 
        "v2": true, 
        "widget_type": 1, 
        "window": 34, 
        "size_x": "2.0", 
        "size_y": "2.0", 
        "key": "holding-breakdown", 
        "column_width": "", 
        "position": 1, 
        "columns": "", 
        "description": ""
    }
},
{
    "pk": 51, 
    "model": "app.widget", 
    "fields": {
        "disabled": false, 
        "widget_param": [
            63, 
            1, 
            19
        ], 
        "name": "W31 - Holding", 
        "v2": true, 
        "widget_type": 6, 
        "window": 35, 
        "size_x": "8.0", 
        "size_y": "6.0", 
        "key": "holding", 
        "column_width": "", 
        "position": 0, 
        "columns": "", 
        "description": ""
    }
},
{
    "pk": 52, 
    "model": "app.widget", 
    "fields": {
        "disabled": false, 
        "widget_param": [
            55, 
            104, 
            19
        ], 
        "name": "W28 - Holding Valution & Cash Flows", 
        "v2": true, 
        "widget_type": 11, 
        "window": 36, 
        "size_x": "8.0", 
        "size_y": "4.0", 
        "key": "holding-valuation", 
        "column_width": "", 
        "position": 0, 
        "columns": "", 
        "description": ""
    }
},
{
    "pk": 53, 
    "model": "app.widget", 
    "fields": {
        "disabled": false, 
        "widget_param": [
            50, 
            104, 
            19
        ], 
        "name": "W28 - Fund Valution & Cash Flows", 
        "v2": true, 
        "widget_type": 11, 
        "window": 36, 
        "size_x": "8.0", 
        "size_y": "2.0", 
        "key": "holding-valuation", 
        "column_width": "", 
        "position": 1, 
        "columns": "", 
        "description": ""
    }
},
{
    "pk": 54, 
    "model": "app.widget", 
    "fields": {
        "disabled": false, 
        "widget_param": [
            1
        ], 
        "name": "W.12.b - Fund Shareholder Register Data Table", 
        "v2": true, 
        "widget_type": 6, 
        "window": 37, 
        "size_x": "7.0", 
        "size_y": "6.0", 
        "key": "client", 
        "column_width": "", 
        "position": 0, 
        "columns": "first_name,last_name,commit,drawdown,various,residual_commit,distribution,valuation,total_value,proceed,irr", 
        "description": ""
    }
},
{
    "pk": 55, 
    "model": "app.widget", 
    "fields": {
        "disabled": false, 
        "widget_param": [
            59, 
            73, 
            72, 
            123, 
            1, 
            124
        ], 
        "name": "W.1.b -  Fund Historical Performance Data Table", 
        "v2": true, 
        "widget_type": 2, 
        "window": 38, 
        "size_x": "7.0", 
        "size_y": "3.0", 
        "key": "fund-return-monthly2", 
        "column_width": "", 
        "position": 0, 
        "columns": "", 
        "description": ""
    }
},
{
    "pk": 56, 
    "model": "app.widget", 
    "fields": {
        "disabled": false, 
        "widget_param": [
            62, 
            46, 
            54, 
            73, 
            72, 
            81, 
            1, 
            77, 
            78, 
            19
        ], 
        "name": "W.4.c - Performance by Investment Type Data table", 
        "v2": true, 
        "widget_type": 2, 
        "window": 39, 
        "size_x": "6.0", 
        "size_y": "1.0", 
        "key": "holding-breakdown", 
        "column_width": "", 
        "position": 0, 
        "columns": "", 
        "description": ""
    }
},
{
    "pk": 57, 
    "model": "app.widget", 
    "fields": {
        "disabled": false, 
        "widget_param": [
            62, 
            73, 
            72, 
            1, 
            77, 
            19, 
            88
        ], 
        "name": "W.4.c - Performance by Investment Type Bar Chart", 
        "v2": true, 
        "widget_type": 4, 
        "window": 39, 
        "size_x": "6.0", 
        "size_y": "1.5", 
        "key": "holding-breakdown", 
        "column_width": "", 
        "position": 2, 
        "columns": "", 
        "description": ""
    }
},
{
    "pk": 58, 
    "model": "app.widget", 
    "fields": {
        "disabled": false, 
        "widget_param": [
            62, 
            54, 
            73, 
            72, 
            1, 
            16, 
            77, 
            80, 
            19
        ], 
        "name": "W.9.c - Fund NAV Weight by Invstment type", 
        "v2": true, 
        "widget_type": 9, 
        "window": 40, 
        "size_x": "7.0", 
        "size_y": "2.0", 
        "key": "holding-breakdown", 
        "column_width": "", 
        "position": 0, 
        "columns": "", 
        "description": ""
    }
},
{
    "pk": 59, 
    "model": "app.widget", 
    "fields": {
        "disabled": false, 
        "widget_param": [
            62, 
            82, 
            72, 
            1, 
            77, 
            20, 
            19, 
            87
        ], 
        "name": "NAV by Investment type MONTH YEAR", 
        "v2": true, 
        "widget_type": 1, 
        "window": 40, 
        "size_x": "2.0", 
        "size_y": "2.0", 
        "key": "holding-breakdown", 
        "column_width": "", 
        "position": 1, 
        "columns": "", 
        "description": ""
    }
},
{
    "pk": 60, 
    "model": "app.widget", 
    "fields": {
        "disabled": false, 
        "widget_param": [
            62, 
            46, 
            54, 
            73, 
            72, 
            81, 
            1, 
            77, 
            84, 
            19
        ], 
        "name": "W26 - Net movement % by Investment type", 
        "v2": true, 
        "widget_type": 2, 
        "window": 41, 
        "size_x": "7.0", 
        "size_y": "1.5", 
        "key": "holding-breakdown", 
        "column_width": "", 
        "position": 0, 
        "columns": "", 
        "description": ""
    }
},
{
    "pk": 61, 
    "model": "app.widget", 
    "fields": {
        "disabled": false, 
        "widget_param": [
            62, 
            73, 
            72, 
            1, 
            77, 
            19, 
            86
        ], 
        "name": "W26  - Net movement % by Investment type", 
        "v2": true, 
        "widget_type": 4, 
        "window": 41, 
        "size_x": "7.0", 
        "size_y": "1.5", 
        "key": "holding-breakdown", 
        "column_width": "", 
        "position": 1, 
        "columns": "", 
        "description": ""
    }
},
{
    "pk": 62, 
    "model": "app.widget", 
    "fields": {
        "disabled": false, 
        "widget_param": [
            62, 
            46, 
            54, 
            73, 
            72, 
            81, 
            1, 
            77, 
            83, 
            19
        ], 
        "name": "W27 - Net movement Euro by Investment type", 
        "v2": true, 
        "widget_type": 2, 
        "window": 42, 
        "size_x": "7.0", 
        "size_y": "1.5", 
        "key": "holding-breakdown", 
        "column_width": "", 
        "position": 0, 
        "columns": "", 
        "description": ""
    }
},
{
    "pk": 63, 
    "model": "app.widget", 
    "fields": {
        "disabled": false, 
        "widget_param": [
            62, 
            73, 
            72, 
            1, 
            77, 
            19, 
            85
        ], 
        "name": "W27 - Net movement Euro by Investment type", 
        "v2": true, 
        "widget_type": 4, 
        "window": 42, 
        "size_x": "7.0", 
        "size_y": "1.5", 
        "key": "holding-breakdown", 
        "column_width": "", 
        "position": 1, 
        "columns": "", 
        "description": ""
    }
},
{
    "pk": 64, 
    "model": "app.widget", 
    "fields": {
        "disabled": false, 
        "widget_param": [
            73, 
            72, 
            81, 
            1, 
            71, 
            78, 
            19
        ], 
        "name": "W.3 - Total Fund Performance by Sector Data Table", 
        "v2": true, 
        "widget_type": 2, 
        "window": 5, 
        "size_x": "6.0", 
        "size_y": "0.5", 
        "key": "fund-history", 
        "column_width": "", 
        "position": 1, 
        "columns": "", 
        "description": ""
    }
},
{
    "pk": 65, 
    "model": "app.widget", 
    "fields": {
        "disabled": false, 
        "widget_param": [
            73, 
            72, 
            81, 
            1, 
            71, 
            78, 
            19
        ], 
        "name": "W.4 - Total Performance by Sub-Sector Data Table", 
        "v2": true, 
        "widget_type": 2, 
        "window": 6, 
        "size_x": "6.0", 
        "size_y": "0.5", 
        "key": "fund-history", 
        "column_width": "", 
        "position": 1, 
        "columns": "", 
        "description": ""
    }
},
{
    "pk": 66, 
    "model": "app.widget", 
    "fields": {
        "disabled": false, 
        "widget_param": [
            73, 
            72, 
            81, 
            1, 
            71, 
            78, 
            19
        ], 
        "name": "W.4.b - Total Performance by Asset Class Data Table", 
        "v2": true, 
        "widget_type": 2, 
        "window": 29, 
        "size_x": "6.0", 
        "size_y": "0.5", 
        "key": "fund-history", 
        "column_width": "", 
        "position": 1, 
        "columns": "", 
        "description": ""
    }
},
{
    "pk": 67, 
    "model": "app.widget", 
    "fields": {
        "disabled": false, 
        "widget_param": [
            73, 
            72, 
            81, 
            1, 
            71, 
            78, 
            19
        ], 
        "name": "W.4.c - Total Performance by Investment Type Data Table", 
        "v2": true, 
        "widget_type": 2, 
        "window": 39, 
        "size_x": "6.0", 
        "size_y": "0.5", 
        "key": "fund-history", 
        "column_width": "", 
        "position": 1, 
        "columns": "", 
        "description": ""
    }
},
{
    "pk": 68, 
    "model": "app.widget", 
    "fields": {
        "disabled": false, 
        "widget_param": [
            50, 
            73, 
            72, 
            81, 
            1, 
            71, 
            78, 
            19
        ], 
        "name": "W.5 - Total Performance by Location Data Table", 
        "v2": true, 
        "widget_type": 2, 
        "window": 7, 
        "size_x": "6.0", 
        "size_y": "0.5", 
        "key": "fund-history", 
        "column_width": "", 
        "position": 1, 
        "columns": "", 
        "description": ""
    }
},
{
    "pk": 69, 
    "model": "app.widget", 
    "fields": {
        "disabled": false, 
        "widget_param": [
            73, 
            72, 
            81, 
            1, 
            71, 
            78, 
            19
        ], 
        "name": "W.5.b - Total Performance by Location Country Data Table", 
        "v2": true, 
        "widget_type": 2, 
        "window": 31, 
        "size_x": "6.0", 
        "size_y": "0.5", 
        "key": "fund-history", 
        "column_width": "", 
        "position": 1, 
        "columns": "", 
        "description": ""
    }
},
{
    "pk": 70, 
    "model": "app.widget", 
    "fields": {
        "disabled": false, 
        "widget_param": [
            61, 
            46, 
            54, 
            73, 
            72, 
            81, 
            1, 
            77, 
            78, 
            19
        ], 
        "name": "W.3.b - Performance by Holding Data Table", 
        "v2": true, 
        "widget_type": 2, 
        "window": 43, 
        "size_x": "6.0", 
        "size_y": "0.8", 
        "key": "holding-breakdown", 
        "column_width": "", 
        "position": 0, 
        "columns": "", 
        "description": ""
    }
},
{
    "pk": 71, 
    "model": "app.widget", 
    "fields": {
        "disabled": false, 
        "widget_param": [
            73, 
            72, 
            81, 
            1, 
            71, 
            78, 
            19
        ], 
        "name": "W.3.b - Total Fund Performance by Holding Data Table", 
        "v2": true, 
        "widget_type": 2, 
        "window": 43, 
        "size_x": "6.0", 
        "size_y": "0.5", 
        "key": "fund-history", 
        "column_width": "", 
        "position": 1, 
        "columns": "", 
        "description": ""
    }
},
{
    "pk": 72, 
    "model": "app.widget", 
    "fields": {
        "disabled": false, 
        "widget_param": [
            61, 
            73, 
            72, 
            1, 
            77, 
            19, 
            88
        ], 
        "name": "W.3.b -  Performance by Holding Bar Chart", 
        "v2": true, 
        "widget_type": 4, 
        "window": 43, 
        "size_x": "6.0", 
        "size_y": "1.7", 
        "key": "holding-breakdown", 
        "column_width": "", 
        "position": 2, 
        "columns": "", 
        "description": ""
    }
},
{
    "pk": 73, 
    "model": "app.widget", 
    "fields": {
        "disabled": false, 
        "widget_param": [
            59, 
            73, 
            72, 
            89, 
            81, 
            12, 
            70
        ], 
        "name": "W77 - Data Table", 
        "v2": true, 
        "widget_type": 2, 
        "window": 44, 
        "size_x": "6.9", 
        "size_y": "3.0", 
        "key": "holding-history", 
        "column_width": "", 
        "position": 0, 
        "columns": "", 
        "description": ""
    }
},
{
    "pk": 75, 
    "model": "app.widget", 
    "fields": {
        "disabled": false, 
        "widget_param": [
            89, 
            44, 
            27, 
            12, 
            43, 
            14
        ], 
        "name": "W78 - Line Graph", 
        "v2": true, 
        "widget_type": 8, 
        "window": 45, 
        "size_x": "6.9", 
        "size_y": "3.0", 
        "key": "holding-performance-benchmark", 
        "column_width": "", 
        "position": 0, 
        "columns": "", 
        "description": ""
    }
},
{
    "pk": 76, 
    "model": "app.widget", 
    "fields": {
        "disabled": false, 
        "widget_param": [
            52, 
            106
        ], 
        "name": "W79 - Holding Table", 
        "v2": true, 
        "widget_type": 2, 
        "window": 46, 
        "size_x": "7.0", 
        "size_y": "0.5", 
        "key": "holding", 
        "column_width": "", 
        "position": 0, 
        "columns": "name,sector__name,sub_sector__name,location__name,asset_class__name,currency__name,country__name,ave_purchase_price_base,no_of_units,euro_nav,mtd,ytd,si", 
        "description": ""
    }
},
{
    "pk": 77, 
    "model": "app.widget", 
    "fields": {
        "disabled": false, 
        "widget_param": [
            25
        ], 
        "name": "W79 - Trade Volume Bar Graph", 
        "v2": true, 
        "widget_type": 7, 
        "window": 46, 
        "size_x": "7.0", 
        "size_y": "3.0", 
        "key": "holding-performance-benchmark", 
        "column_width": "", 
        "position": 2, 
        "columns": "", 
        "description": ""
    }
},
{
    "pk": 78, 
    "model": "app.widget", 
    "fields": {
        "disabled": false, 
        "widget_param": [
            48, 
            12
        ], 
        "name": "W81 Holding Return Table", 
        "v2": true, 
        "widget_type": 2, 
        "window": 47, 
        "size_x": "4.0", 
        "size_y": "2.0", 
        "key": "holding-returns", 
        "column_width": "", 
        "position": 0, 
        "columns": "", 
        "description": ""
    }
},
{
    "pk": 79, 
    "model": "app.widget", 
    "fields": {
        "disabled": false, 
        "widget_param": [
            12
        ], 
        "name": "W82 - Holding Best Worst Months", 
        "v2": true, 
        "widget_type": 2, 
        "window": 48, 
        "size_x": "4.0", 
        "size_y": "2.0", 
        "key": "holding-best-worst", 
        "column_width": "", 
        "position": 0, 
        "columns": "", 
        "description": ""
    }
},
{
    "pk": 80, 
    "model": "app.widget", 
    "fields": {
        "disabled": false, 
        "widget_param": [
            51, 
            12
        ], 
        "name": "w83 - holding correlation matrix", 
        "v2": true, 
        "widget_type": 2, 
        "window": 49, 
        "size_x": "4.0", 
        "size_y": "2.0", 
        "key": "holding-correlation", 
        "column_width": "", 
        "position": 0, 
        "columns": "", 
        "description": ""
    }
},
{
    "pk": 81, 
    "model": "app.widget", 
    "fields": {
        "disabled": false, 
        "widget_param": [
            12, 
            76, 
            18
        ], 
        "name": "w84 - Avg Perf in Neg Months Graph", 
        "v2": true, 
        "widget_type": 4, 
        "window": 50, 
        "size_x": "4.0", 
        "size_y": "1.5", 
        "key": "holding-negativemonths-graph", 
        "column_width": "", 
        "position": 1, 
        "columns": "", 
        "description": ""
    }
},
{
    "pk": 82, 
    "model": "app.widget", 
    "fields": {
        "disabled": false, 
        "widget_param": [
            12, 
            18, 
            32, 
            34
        ], 
        "name": "W85 - Holding Return Histogram", 
        "v2": true, 
        "widget_type": 4, 
        "window": 52, 
        "size_x": "1.9", 
        "size_y": "1.9", 
        "key": "holding-returnhistogram", 
        "column_width": "", 
        "position": 0, 
        "columns": "", 
        "description": ""
    }
},
{
    "pk": 83, 
    "model": "app.widget", 
    "fields": {
        "disabled": false, 
        "widget_param": [
            48, 
            73, 
            72, 
            89, 
            12, 
            80
        ], 
        "name": "W86 - Holding Historical NAV", 
        "v2": true, 
        "widget_type": 2, 
        "window": 53, 
        "size_x": "7.0", 
        "size_y": "3.0", 
        "key": "holding-history", 
        "column_width": "", 
        "position": 0, 
        "columns": "", 
        "description": ""
    }
},
{
    "pk": 84, 
    "model": "app.widget", 
    "fields": {
        "disabled": false, 
        "widget_param": [
            48, 
            73, 
            72, 
            89, 
            12, 
            99
        ], 
        "name": "w87 - Historical Weight", 
        "v2": true, 
        "widget_type": 2, 
        "window": 54, 
        "size_x": "7.0", 
        "size_y": "3.0", 
        "key": "holding-history", 
        "column_width": "", 
        "position": 0, 
        "columns": "", 
        "description": ""
    }
},
{
    "pk": 87, 
    "model": "app.widget", 
    "fields": {
        "disabled": false, 
        "widget_param": [
            12
        ], 
        "name": "W79 - Trade Table", 
        "v2": true, 
        "widget_type": 2, 
        "window": 46, 
        "size_x": "7.0", 
        "size_y": "2.5", 
        "key": "trade", 
        "column_width": "", 
        "position": 1, 
        "columns": "trade_date,settlement_date,no_of_units,trade_price_base,fx_euro,base_nav", 
        "description": ""
    }
},
{
    "pk": 89, 
    "model": "app.widget", 
    "fields": {
        "disabled": false, 
        "widget_param": [
            12
        ], 
        "name": "w84 - Avg Perf in Neg Months Table", 
        "v2": true, 
        "widget_type": 2, 
        "window": 50, 
        "size_x": "4.0", 
        "size_y": "0.5", 
        "key": "holding-negativemonths-table", 
        "column_width": "", 
        "position": 0, 
        "columns": "", 
        "description": ""
    }
},
{
    "pk": 90, 
    "model": "app.widget", 
    "fields": {
        "disabled": false, 
        "widget_param": [
            59, 
            107, 
            73, 
            72, 
            89, 
            81, 
            70
        ], 
        "name": "W32  - Client Historical Performance", 
        "v2": true, 
        "widget_type": 2, 
        "window": 55, 
        "size_x": "6.9", 
        "size_y": "3.0", 
        "key": "client-history", 
        "column_width": "", 
        "position": 0, 
        "columns": "", 
        "description": ""
    }
},
{
    "pk": 91, 
    "model": "app.widget", 
    "fields": {
        "disabled": false, 
        "widget_param": [
            82, 
            89, 
            111, 
            18, 
            96, 
            97, 
            41, 
            20, 
            19, 
            95
        ], 
        "name": "W33 - Client Holding Performance Bar Graph", 
        "v2": true, 
        "widget_type": 4, 
        "window": 56, 
        "size_x": "6.9", 
        "size_y": "3.0", 
        "key": "holding-history", 
        "column_width": "", 
        "position": 0, 
        "columns": "", 
        "description": ""
    }
},
{
    "pk": 92, 
    "model": "app.widget", 
    "fields": {
        "disabled": false, 
        "widget_param": [
            107, 
            46, 
            54, 
            73, 
            72, 
            81, 
            96, 
            70, 
            19
        ], 
        "name": "W.34 - Client Investment Performance", 
        "v2": true, 
        "widget_type": 2, 
        "window": 57, 
        "size_x": "6.9", 
        "size_y": "5.9", 
        "key": "holding-history", 
        "column_width": "", 
        "position": 0, 
        "columns": "", 
        "description": ""
    }
},
{
    "pk": 95, 
    "model": "app.widget", 
    "fields": {
        "disabled": false, 
        "widget_param": [
            107, 
            48
        ], 
        "name": "W39 - Client Returns", 
        "v2": true, 
        "widget_type": 2, 
        "window": 58, 
        "size_x": "4.0", 
        "size_y": "2.0", 
        "key": "client-returns", 
        "column_width": "", 
        "position": 0, 
        "columns": "", 
        "description": ""
    }
},
{
    "pk": 97, 
    "model": "app.widget", 
    "fields": {
        "disabled": false, 
        "widget_param": [
            107
        ], 
        "name": "W40 - Client Best Worst Months", 
        "v2": true, 
        "widget_type": 2, 
        "window": 60, 
        "size_x": "4.0", 
        "size_y": "2.0", 
        "key": "client-best-worst", 
        "column_width": "", 
        "position": 0, 
        "columns": "", 
        "description": ""
    }
},
{
    "pk": 98, 
    "model": "app.widget", 
    "fields": {
        "disabled": false, 
        "widget_param": [
            107, 
            51
        ], 
        "name": "w41 - client correlation matrix", 
        "v2": true, 
        "widget_type": 2, 
        "window": 61, 
        "size_x": "4.0", 
        "size_y": "2.0", 
        "key": "client-correlation", 
        "column_width": "", 
        "position": 0, 
        "columns": "", 
        "description": ""
    }
},
{
    "pk": 99, 
    "model": "app.widget", 
    "fields": {
        "disabled": false, 
        "widget_param": [
            107, 
            50
        ], 
        "name": "W42 -  Client Avg Perf in Neg Months Table", 
        "v2": true, 
        "widget_type": 2, 
        "window": 62, 
        "size_x": "4.0", 
        "size_y": "0.5", 
        "key": "client-negativemonths-table", 
        "column_width": "", 
        "position": 0, 
        "columns": "", 
        "description": ""
    }
},
{
    "pk": 100, 
    "model": "app.widget", 
    "fields": {
        "disabled": false, 
        "widget_param": [
            107, 
            18, 
            32, 
            34
        ], 
        "name": "W43 - Client Return Histogram", 
        "v2": true, 
        "widget_type": 4, 
        "window": 63, 
        "size_x": "1.9", 
        "size_y": "1.9", 
        "key": "client-returnhistogram", 
        "column_width": "", 
        "position": 0, 
        "columns": "", 
        "description": ""
    }
},
{
    "pk": 101, 
    "model": "app.widget", 
    "fields": {
        "disabled": false, 
        "widget_param": [
            107, 
            48, 
            73, 
            72, 
            89, 
            112
        ], 
        "name": "W44 - Client Historical NAV", 
        "v2": true, 
        "widget_type": 2, 
        "window": 64, 
        "size_x": "7.0", 
        "size_y": "3.0", 
        "key": "client-history", 
        "column_width": "", 
        "position": 0, 
        "columns": "", 
        "description": ""
    }
},
{
    "pk": 102, 
    "model": "app.widget", 
    "fields": {
        "disabled": false, 
        "widget_param": [
            82, 
            72, 
            89, 
            111, 
            18, 
            39, 
            96, 
            41, 
            20, 
            19, 
            87
        ], 
        "name": "W45 - Client Historical NAV Bar", 
        "v2": true, 
        "widget_type": 4, 
        "window": 65, 
        "size_x": "7.0", 
        "size_y": "3.0", 
        "key": "holding-history", 
        "column_width": "", 
        "position": 0, 
        "columns": "", 
        "description": ""
    }
},
{
    "pk": 103, 
    "model": "app.widget", 
    "fields": {
        "disabled": false, 
        "widget_param": [
            46, 
            54, 
            73, 
            72, 
            81, 
            116, 
            111, 
            96, 
            115, 
            70, 
            19
        ], 
        "name": "Client NAV - PE commitments", 
        "v2": true, 
        "widget_type": 2, 
        "window": 66, 
        "size_x": "6.9", 
        "size_y": "1.0", 
        "key": "holding-history", 
        "column_width": "", 
        "position": 0, 
        "columns": "", 
        "description": ""
    }
},
{
    "pk": 105, 
    "model": "app.widget", 
    "fields": {
        "disabled": false, 
        "widget_param": [
            82, 
            89, 
            25, 
            76, 
            18, 
            96, 
            97, 
            41, 
            20, 
            19, 
            95
        ], 
        "name": "W.52 - Alpheus Holding Performance Bar Graph", 
        "v2": true, 
        "widget_type": 4, 
        "window": 68, 
        "size_x": "8.0", 
        "size_y": "3.0", 
        "key": "holding-history", 
        "column_width": "", 
        "position": 0, 
        "columns": "", 
        "description": ""
    }
},
{
    "pk": 106, 
    "model": "app.widget", 
    "fields": {
        "disabled": false, 
        "widget_param": [
            48, 
            1
        ], 
        "name": "W59 - Alpheus Returns and risk", 
        "v2": true, 
        "widget_type": 2, 
        "window": 69, 
        "size_x": "4.0", 
        "size_y": "2.0", 
        "key": "fund-returns", 
        "column_width": "", 
        "position": 0, 
        "columns": "", 
        "description": ""
    }
},
{
    "pk": 107, 
    "model": "app.widget", 
    "fields": {
        "disabled": false, 
        "widget_param": [
            1
        ], 
        "name": "w60 - Alpheus Best Worst Months", 
        "v2": true, 
        "widget_type": 2, 
        "window": 70, 
        "size_x": "4.0", 
        "size_y": "2.0", 
        "key": "fund-best-worst", 
        "column_width": "", 
        "position": 0, 
        "columns": "", 
        "description": ""
    }
},
{
    "pk": 108, 
    "model": "app.widget", 
    "fields": {
        "disabled": false, 
        "widget_param": [
            51, 
            1
        ], 
        "name": "w61 - Alpheus Correlation Matrix", 
        "v2": true, 
        "widget_type": 2, 
        "window": 71, 
        "size_x": "4.0", 
        "size_y": "2.0", 
        "key": "fund-correlation", 
        "column_width": "", 
        "position": 0, 
        "columns": "", 
        "description": ""
    }
},
{
    "pk": 109, 
    "model": "app.widget", 
    "fields": {
        "disabled": false, 
        "widget_param": [
            51, 
            1
        ], 
        "name": "w62 - Alpheus Performance in negative months", 
        "v2": true, 
        "widget_type": 2, 
        "window": 72, 
        "size_x": "6.0", 
        "size_y": "3.0", 
        "key": "fund-correlation", 
        "column_width": "", 
        "position": 0, 
        "columns": "", 
        "description": ""
    }
},
{
    "pk": 110, 
    "model": "app.widget", 
    "fields": {
        "disabled": false, 
        "widget_param": [
            59, 
            73, 
            72, 
            89, 
            81, 
            3, 
            78
        ], 
        "name": "W.51 - Alpheus Historical Performance Data Table", 
        "v2": true, 
        "widget_type": 2, 
        "window": 67, 
        "size_x": "6.9", 
        "size_y": "3.0", 
        "key": "fund-history", 
        "column_width": "", 
        "position": 0, 
        "columns": "", 
        "description": ""
    }
},
{
    "pk": 111, 
    "model": "app.widget", 
    "fields": {
        "disabled": false, 
        "widget_param": [
            1, 
            18, 
            32, 
            34
        ], 
        "name": "W22 - Alpheus Return Histogram", 
        "v2": true, 
        "widget_type": 4, 
        "window": 73, 
        "size_x": "1.9", 
        "size_y": "1.9", 
        "key": "fund-returnhistogram", 
        "column_width": "", 
        "position": 0, 
        "columns": "", 
        "description": ""
    }
},
{
    "pk": 112, 
    "model": "app.widget", 
    "fields": {
        "disabled": false, 
        "widget_param": [
            48, 
            73, 
            72, 
            89, 
            1, 
            94
        ], 
        "name": "W64 - Fund Historical NAV ", 
        "v2": true, 
        "widget_type": 2, 
        "window": 74, 
        "size_x": "7.0", 
        "size_y": "3.0", 
        "key": "fund-history", 
        "column_width": "", 
        "position": 0, 
        "columns": "", 
        "description": ""
    }
},
{
    "pk": 113, 
    "model": "app.widget", 
    "fields": {
        "disabled": false, 
        "widget_param": [
            82, 
            72, 
            90, 
            3, 
            104, 
            18, 
            39, 
            96, 
            41, 
            20, 
            19, 
            87
        ], 
        "name": "W65 - Alpheus Historical NAV Bar", 
        "v2": true, 
        "widget_type": 4, 
        "window": 75, 
        "size_x": "7.0", 
        "size_y": "3.0", 
        "key": "holding-history", 
        "column_width": "", 
        "position": 0, 
        "columns": "", 
        "description": ""
    }
},
{
    "pk": 114, 
    "model": "app.widget", 
    "fields": {
        "disabled": false, 
        "widget_param": [
            9, 
            54, 
            73, 
            72, 
            1, 
            16, 
            77, 
            80, 
            19
        ], 
        "name": "W.66 - Alpheus NAV by Sector Table", 
        "v2": true, 
        "widget_type": 9, 
        "window": 76, 
        "size_x": "7.0", 
        "size_y": "2.0", 
        "key": "holding-breakdown", 
        "column_width": "", 
        "position": 0, 
        "columns": "", 
        "description": ""
    }
},
{
    "pk": 115, 
    "model": "app.widget", 
    "fields": {
        "disabled": false, 
        "widget_param": [
            22, 
            82, 
            72, 
            1, 
            77, 
            20, 
            19, 
            87
        ], 
        "name": "NAV by Location MONTH YEAR", 
        "v2": true, 
        "widget_type": 1, 
        "window": 77, 
        "size_x": "2.0", 
        "size_y": "2.0", 
        "key": "holding-breakdown", 
        "column_width": "", 
        "position": 1, 
        "columns": "", 
        "description": ""
    }
},
{
    "pk": 116, 
    "model": "app.widget", 
    "fields": {
        "disabled": false, 
        "widget_param": [
            22, 
            54, 
            73, 
            72, 
            16, 
            77, 
            80, 
            19
        ], 
        "name": "W.67 - Alpheus NAV Weight by Location Table", 
        "v2": true, 
        "widget_type": 9, 
        "window": 77, 
        "size_x": "7.0", 
        "size_y": "2.0", 
        "key": "holding-breakdown", 
        "column_width": "", 
        "position": 0, 
        "columns": "", 
        "description": ""
    }
},
{
    "pk": 117, 
    "model": "app.widget", 
    "fields": {
        "disabled": false, 
        "widget_param": [
            9, 
            82, 
            72, 
            1, 
            77, 
            20, 
            19, 
            87
        ], 
        "name": "NAV by Sector MONTH YEAR", 
        "v2": true, 
        "widget_type": 1, 
        "window": 76, 
        "size_x": "2.0", 
        "size_y": "2.0", 
        "key": "holding-breakdown", 
        "column_width": "", 
        "position": 1, 
        "columns": "", 
        "description": ""
    }
},
{
    "pk": 118, 
    "model": "app.widget", 
    "fields": {
        "disabled": false, 
        "widget_param": [
            9, 
            54, 
            73, 
            72, 
            1, 
            16, 
            77, 
            80, 
            19
        ], 
        "name": "W.67 - Alpheus NAV Weight by Location Data Table", 
        "v2": true, 
        "widget_type": 9, 
        "window": 77, 
        "size_x": "7.0", 
        "size_y": "2.0", 
        "key": "holding-breakdown", 
        "column_width": "", 
        "position": 2, 
        "columns": "", 
        "description": ""
    }
},
{
    "pk": 119, 
    "model": "app.widget", 
    "fields": {
        "disabled": false, 
        "widget_param": [
            46, 
            54, 
            73, 
            72, 
            81, 
            119, 
            111, 
            96, 
            115, 
            70, 
            19
        ], 
        "name": "Client NAV - Cash", 
        "v2": true, 
        "widget_type": 2, 
        "window": 66, 
        "size_x": "6.9", 
        "size_y": "1.0", 
        "key": "holding-history", 
        "column_width": "", 
        "position": 3, 
        "columns": "", 
        "description": ""
    }
},
{
    "pk": 120, 
    "model": "app.widget", 
    "fields": {
        "disabled": false, 
        "widget_param": [
            46, 
            54, 
            73, 
            72, 
            81, 
            118, 
            111, 
            96, 
            115, 
            70, 
            19
        ], 
        "name": "Client NAV - Loan", 
        "v2": true, 
        "widget_type": 2, 
        "window": 66, 
        "size_x": "6.9", 
        "size_y": "1.0", 
        "key": "holding-history", 
        "column_width": "", 
        "position": 2, 
        "columns": "", 
        "description": ""
    }
},
{
    "pk": 121, 
    "model": "app.widget", 
    "fields": {
        "disabled": false, 
        "widget_param": [
            46, 
            54, 
            73, 
            72, 
            81, 
            117, 
            111, 
            96, 
            115, 
            70, 
            19
        ], 
        "name": "Client NAV - Ad-hoc", 
        "v2": true, 
        "widget_type": 2, 
        "window": 66, 
        "size_x": "6.9", 
        "size_y": "1.0", 
        "key": "holding-history", 
        "column_width": "", 
        "position": 1, 
        "columns": "", 
        "description": ""
    }
},
{
    "pk": 122, 
    "model": "app.widget", 
    "fields": {
        "disabled": false, 
        "widget_param": [
            9, 
            46, 
            54, 
            73, 
            72, 
            81, 
            1, 
            77, 
            78, 
            19
        ], 
        "name": "W.53 - Alpheus Performance by Sector Data Table", 
        "v2": true, 
        "widget_type": 2, 
        "window": 79, 
        "size_x": "6.0", 
        "size_y": "0.8", 
        "key": "holding-breakdown", 
        "column_width": "", 
        "position": 0, 
        "columns": "", 
        "description": ""
    }
},
{
    "pk": 123, 
    "model": "app.widget", 
    "fields": {
        "disabled": false, 
        "widget_param": [
            9, 
            73, 
            72, 
            1, 
            77, 
            19, 
            88
        ], 
        "name": "W.53 -  Alpheus Performance by Sector Bar Chart", 
        "v2": true, 
        "widget_type": 4, 
        "window": 79, 
        "size_x": "6.0", 
        "size_y": "1.7", 
        "key": "holding-breakdown", 
        "column_width": "", 
        "position": 2, 
        "columns": "", 
        "description": ""
    }
},
{
    "pk": 124, 
    "model": "app.widget", 
    "fields": {
        "disabled": false, 
        "widget_param": [
            73, 
            72, 
            81, 
            1, 
            71, 
            78, 
            19
        ], 
        "name": "W.53 - Total Alpheus Performance by Sector Data Table", 
        "v2": true, 
        "widget_type": 2, 
        "window": 79, 
        "size_x": "6.0", 
        "size_y": "0.5", 
        "key": "fund-history", 
        "column_width": "", 
        "position": 1, 
        "columns": "", 
        "description": ""
    }
},
{
    "pk": 125, 
    "model": "app.widget", 
    "fields": {
        "disabled": false, 
        "widget_param": [
            73, 
            72, 
            81, 
            1, 
            71, 
            78, 
            19
        ], 
        "name": "W.54 - Total Alpheus Performance by Location Data Table", 
        "v2": true, 
        "widget_type": 2, 
        "window": 80, 
        "size_x": "6.0", 
        "size_y": "0.5", 
        "key": "fund-history", 
        "column_width": "", 
        "position": 1, 
        "columns": "", 
        "description": ""
    }
},
{
    "pk": 126, 
    "model": "app.widget", 
    "fields": {
        "disabled": false, 
        "widget_param": [
            9, 
            73, 
            72, 
            1, 
            77, 
            19, 
            88
        ], 
        "name": "W.54 -  Alpheus Performance by Location Bar Chart", 
        "v2": true, 
        "widget_type": 4, 
        "window": 80, 
        "size_x": "6.0", 
        "size_y": "1.7", 
        "key": "holding-breakdown", 
        "column_width": "", 
        "position": 2, 
        "columns": "", 
        "description": ""
    }
},
{
    "pk": 127, 
    "model": "app.widget", 
    "fields": {
        "disabled": false, 
        "widget_param": [
            22, 
            46, 
            54, 
            73, 
            72, 
            81, 
            1, 
            77, 
            78, 
            19
        ], 
        "name": "W.54 - Alpheus Performance by Location Data table", 
        "v2": true, 
        "widget_type": 2, 
        "window": 80, 
        "size_x": "6.0", 
        "size_y": "1.0", 
        "key": "holding-breakdown", 
        "column_width": "", 
        "position": 0, 
        "columns": "", 
        "description": ""
    }
},
{
    "pk": 128, 
    "model": "app.widget", 
    "fields": {
        "disabled": false, 
        "widget_param": [
            1, 
            6
        ], 
        "name": "W13 - Fund Gross Assets", 
        "v2": true, 
        "widget_type": 11, 
        "window": 87, 
        "size_x": "9.0", 
        "size_y": "6.0", 
        "key": "fund-grossasset1", 
        "column_width": "", 
        "position": 0, 
        "columns": "", 
        "description": ""
    }
},
{
    "pk": 129, 
    "model": "app.widget", 
    "fields": {
        "disabled": false, 
        "widget_param": [
            58, 
            1
        ], 
        "name": "W56 - Alpheus Currency Hedges", 
        "v2": true, 
        "widget_type": 2, 
        "window": 83, 
        "size_x": "4.0", 
        "size_y": "2.0", 
        "key": "fund-currencyhedge", 
        "column_width": "", 
        "position": 0, 
        "columns": "", 
        "description": ""
    }
},
{
    "pk": 131, 
    "model": "app.widget", 
    "fields": {
        "disabled": false, 
        "widget_param": [
            1, 
            6
        ], 
        "name": "W.71 Alpheus Gross Asset Calculation", 
        "v2": true, 
        "widget_type": 11, 
        "window": 28, 
        "size_x": "9.0", 
        "size_y": "6.0", 
        "key": "fund-grossasset6", 
        "column_width": "", 
        "position": 0, 
        "columns": "", 
        "description": ""
    }
},
{
    "pk": 132, 
    "model": "app.widget", 
    "fields": {
        "disabled": false, 
        "widget_param": [], 
        "name": "W.69 - Fund Share Holder Register", 
        "v2": true, 
        "widget_type": 2, 
        "window": 86, 
        "size_x": "5.9", 
        "size_y": "2.0", 
        "key": "alpheus-subscription", 
        "column_width": "", 
        "position": 1, 
        "columns": "euro_nav,no_of_units,name,client__id,client__first_name,client__last_name", 
        "description": ""
    }
},
{
    "pk": 1, 
    "model": "app.page", 
    "fields": {
        "rght": 16, 
        "parent": null, 
        "level": 0, 
        "title": "Overview", 
        "lft": 1, 
        "tree_id": 1
    }
},
{
    "pk": 2, 
    "model": "app.page", 
    "fields": {
        "rght": 20, 
        "parent": null, 
        "level": 0, 
        "title": "Fund (Fund of Fund)", 
        "lft": 1, 
        "tree_id": 2
    }
},
{
    "pk": 3, 
    "model": "app.page", 
    "fields": {
        "rght": 3, 
        "parent": 2, 
        "level": 1, 
        "title": "Performance", 
        "lft": 2, 
        "tree_id": 2
    }
},
{
    "pk": 4, 
    "model": "app.page", 
    "fields": {
        "rght": 5, 
        "parent": 2, 
        "level": 1, 
        "title": "Stats", 
        "lft": 4, 
        "tree_id": 2
    }
},
{
    "pk": 5, 
    "model": "app.page", 
    "fields": {
        "rght": 7, 
        "parent": 2, 
        "level": 1, 
        "title": "Asset Allocation", 
        "lft": 6, 
        "tree_id": 2
    }
},
{
    "pk": 6, 
    "model": "app.page", 
    "fields": {
        "rght": 9, 
        "parent": 2, 
        "level": 1, 
        "title": "Share Holder Register", 
        "lft": 8, 
        "tree_id": 2
    }
},
{
    "pk": 9, 
    "model": "app.page", 
    "fields": {
        "rght": 12, 
        "parent": null, 
        "level": 0, 
        "title": "Client", 
        "lft": 1, 
        "tree_id": 13
    }
},
{
    "pk": 10, 
    "model": "app.page", 
    "fields": {
        "rght": 3, 
        "parent": 9, 
        "level": 1, 
        "title": "Performance", 
        "lft": 2, 
        "tree_id": 13
    }
},
{
    "pk": 11, 
    "model": "app.page", 
    "fields": {
        "rght": 5, 
        "parent": 9, 
        "level": 1, 
        "title": "Stats", 
        "lft": 4, 
        "tree_id": 13
    }
},
{
    "pk": 12, 
    "model": "app.page", 
    "fields": {
        "rght": 7, 
        "parent": 9, 
        "level": 1, 
        "title": "Asset Allocation", 
        "lft": 6, 
        "tree_id": 13
    }
},
{
    "pk": 13, 
    "model": "app.page", 
    "fields": {
        "rght": 9, 
        "parent": 9, 
        "level": 1, 
        "title": "Configuration", 
        "lft": 8, 
        "tree_id": 13
    }
},
{
    "pk": 14, 
    "model": "app.page", 
    "fields": {
        "rght": 3, 
        "parent": 1, 
        "level": 1, 
        "title": "Performance", 
        "lft": 2, 
        "tree_id": 1
    }
},
{
    "pk": 15, 
    "model": "app.page", 
    "fields": {
        "rght": 5, 
        "parent": 1, 
        "level": 1, 
        "title": "Stats", 
        "lft": 4, 
        "tree_id": 1
    }
},
{
    "pk": 16, 
    "model": "app.page", 
    "fields": {
        "rght": 7, 
        "parent": 1, 
        "level": 1, 
        "title": "Asset Allocation", 
        "lft": 6, 
        "tree_id": 1
    }
},
{
    "pk": 17, 
    "model": "app.page", 
    "fields": {
        "rght": 9, 
        "parent": 1, 
        "level": 1, 
        "title": "Share Holder Register", 
        "lft": 8, 
        "tree_id": 1
    }
},
{
    "pk": 18, 
    "model": "app.page", 
    "fields": {
        "rght": 11, 
        "parent": 1, 
        "level": 1, 
        "title": "NAV Calculation", 
        "lft": 10, 
        "tree_id": 1
    }
},
{
    "pk": 19, 
    "model": "app.page", 
    "fields": {
        "rght": 13, 
        "parent": 1, 
        "level": 1, 
        "title": "Configuration", 
        "lft": 12, 
        "tree_id": 1
    }
},
{
    "pk": 20, 
    "model": "app.page", 
    "fields": {
        "rght": 15, 
        "parent": 1, 
        "level": 1, 
        "title": "Add Trade", 
        "lft": 14, 
        "tree_id": 1
    }
},
{
    "pk": 21, 
    "model": "app.page", 
    "fields": {
        "rght": 19, 
        "parent": 2, 
        "level": 1, 
        "title": "Add Trade", 
        "lft": 18, 
        "tree_id": 2
    }
},
{
    "pk": 22, 
    "model": "app.page", 
    "fields": {
        "rght": 11, 
        "parent": 9, 
        "level": 1, 
        "title": "Add Trade", 
        "lft": 10, 
        "tree_id": 13
    }
},
{
    "pk": 23, 
    "model": "app.page", 
    "fields": {
        "rght": 2, 
        "parent": null, 
        "level": 0, 
        "title": "Accounts", 
        "lft": 1, 
        "tree_id": 14
    }
},
{
    "pk": 24, 
    "model": "app.page", 
    "fields": {
        "rght": 2, 
        "parent": null, 
        "level": 0, 
        "title": "Input Forms", 
        "lft": 1, 
        "tree_id": 15
    }
},
{
    "pk": 25, 
    "model": "app.page", 
    "fields": {
        "rght": 2, 
        "parent": null, 
        "level": 0, 
        "title": "HR", 
        "lft": 1, 
        "tree_id": 16
    }
},
{
    "pk": 26, 
    "model": "app.page", 
    "fields": {
        "rght": 13, 
        "parent": 2, 
        "level": 1, 
        "title": "Liquidity", 
        "lft": 12, 
        "tree_id": 2
    }
},
{
    "pk": 27, 
    "model": "app.page", 
    "fields": {
        "rght": 17, 
        "parent": 2, 
        "level": 1, 
        "title": "Fund Configuration", 
        "lft": 16, 
        "tree_id": 2
    }
},
{
    "pk": 28, 
    "model": "app.page", 
    "fields": {
        "rght": 15, 
        "parent": 2, 
        "level": 1, 
        "title": "FX Hedges", 
        "lft": 14, 
        "tree_id": 2
    }
},
{
    "pk": 29, 
    "model": "app.page", 
    "fields": {
        "rght": 11, 
        "parent": 2, 
        "level": 1, 
        "title": "Gross Asset Calculation", 
        "lft": 10, 
        "tree_id": 2
    }
},
{
    "pk": 30, 
    "model": "app.page", 
    "fields": {
        "rght": 18, 
        "parent": null, 
        "level": 0, 
        "title": "Fixed Income & Treasuries Gale G", 
        "lft": 1, 
        "tree_id": 3
    }
},
{
    "pk": 31, 
    "model": "app.page", 
    "fields": {
        "rght": 3, 
        "parent": 30, 
        "level": 1, 
        "title": "Performance", 
        "lft": 2, 
        "tree_id": 3
    }
},
{
    "pk": 32, 
    "model": "app.page", 
    "fields": {
        "rght": 5, 
        "parent": 30, 
        "level": 1, 
        "title": "Stats", 
        "lft": 4, 
        "tree_id": 3
    }
},
{
    "pk": 33, 
    "model": "app.page", 
    "fields": {
        "rght": 7, 
        "parent": 30, 
        "level": 1, 
        "title": "Asset Allocation", 
        "lft": 6, 
        "tree_id": 3
    }
},
{
    "pk": 34, 
    "model": "app.page", 
    "fields": {
        "rght": 9, 
        "parent": 30, 
        "level": 1, 
        "title": "Share Holder Register", 
        "lft": 8, 
        "tree_id": 3
    }
},
{
    "pk": 35, 
    "model": "app.page", 
    "fields": {
        "rght": 11, 
        "parent": 30, 
        "level": 1, 
        "title": "Gross Asset Calculation", 
        "lft": 10, 
        "tree_id": 3
    }
},
{
    "pk": 36, 
    "model": "app.page", 
    "fields": {
        "rght": 13, 
        "parent": 30, 
        "level": 1, 
        "title": "FX Hedges", 
        "lft": 12, 
        "tree_id": 3
    }
},
{
    "pk": 37, 
    "model": "app.page", 
    "fields": {
        "rght": 17, 
        "parent": 30, 
        "level": 1, 
        "title": "Add Trade", 
        "lft": 16, 
        "tree_id": 3
    }
},
{
    "pk": 38, 
    "model": "app.page", 
    "fields": {
        "rght": 15, 
        "parent": 30, 
        "level": 1, 
        "title": "Fund Configuration", 
        "lft": 14, 
        "tree_id": 3
    }
},
{
    "pk": 39, 
    "model": "app.page", 
    "fields": {
        "rght": 18, 
        "parent": null, 
        "level": 0, 
        "title": "Equities, Options, Futures Gale L, M, N", 
        "lft": 1, 
        "tree_id": 5
    }
},
{
    "pk": 40, 
    "model": "app.page", 
    "fields": {
        "rght": 3, 
        "parent": 39, 
        "level": 1, 
        "title": "Performance", 
        "lft": 2, 
        "tree_id": 5
    }
},
{
    "pk": 41, 
    "model": "app.page", 
    "fields": {
        "rght": 5, 
        "parent": 39, 
        "level": 1, 
        "title": "Stats", 
        "lft": 4, 
        "tree_id": 5
    }
},
{
    "pk": 42, 
    "model": "app.page", 
    "fields": {
        "rght": 7, 
        "parent": 39, 
        "level": 1, 
        "title": "Asset Allocation", 
        "lft": 6, 
        "tree_id": 5
    }
},
{
    "pk": 43, 
    "model": "app.page", 
    "fields": {
        "rght": 9, 
        "parent": 39, 
        "level": 1, 
        "title": "Share Holder Register", 
        "lft": 8, 
        "tree_id": 5
    }
},
{
    "pk": 44, 
    "model": "app.page", 
    "fields": {
        "rght": 11, 
        "parent": 39, 
        "level": 1, 
        "title": "Gross Asset Calculation", 
        "lft": 10, 
        "tree_id": 5
    }
},
{
    "pk": 45, 
    "model": "app.page", 
    "fields": {
        "rght": 13, 
        "parent": 39, 
        "level": 1, 
        "title": "FX Hedges", 
        "lft": 12, 
        "tree_id": 5
    }
},
{
    "pk": 46, 
    "model": "app.page", 
    "fields": {
        "rght": 15, 
        "parent": 39, 
        "level": 1, 
        "title": "Fund Configuration", 
        "lft": 14, 
        "tree_id": 5
    }
},
{
    "pk": 47, 
    "model": "app.page", 
    "fields": {
        "rght": 17, 
        "parent": 39, 
        "level": 1, 
        "title": "Add Trade", 
        "lft": 16, 
        "tree_id": 5
    }
},
{
    "pk": 48, 
    "model": "app.page", 
    "fields": {
        "rght": 18, 
        "parent": null, 
        "level": 0, 
        "title": "Limited Holdings", 
        "lft": 1, 
        "tree_id": 9
    }
},
{
    "pk": 49, 
    "model": "app.page", 
    "fields": {
        "rght": 3, 
        "parent": 48, 
        "level": 1, 
        "title": "Performance", 
        "lft": 2, 
        "tree_id": 9
    }
},
{
    "pk": 50, 
    "model": "app.page", 
    "fields": {
        "rght": 5, 
        "parent": 48, 
        "level": 1, 
        "title": "Stats", 
        "lft": 4, 
        "tree_id": 9
    }
},
{
    "pk": 51, 
    "model": "app.page", 
    "fields": {
        "rght": 7, 
        "parent": 48, 
        "level": 1, 
        "title": "Asset Allocation", 
        "lft": 6, 
        "tree_id": 9
    }
},
{
    "pk": 52, 
    "model": "app.page", 
    "fields": {
        "rght": 9, 
        "parent": 48, 
        "level": 1, 
        "title": "Share Holder Register", 
        "lft": 8, 
        "tree_id": 9
    }
},
{
    "pk": 53, 
    "model": "app.page", 
    "fields": {
        "rght": 11, 
        "parent": 48, 
        "level": 1, 
        "title": "Gross Asset Calculation", 
        "lft": 10, 
        "tree_id": 9
    }
},
{
    "pk": 54, 
    "model": "app.page", 
    "fields": {
        "rght": 13, 
        "parent": 48, 
        "level": 1, 
        "title": "FX Hedges", 
        "lft": 12, 
        "tree_id": 9
    }
},
{
    "pk": 55, 
    "model": "app.page", 
    "fields": {
        "rght": 15, 
        "parent": 48, 
        "level": 1, 
        "title": "Fund Configuration", 
        "lft": 14, 
        "tree_id": 9
    }
},
{
    "pk": 56, 
    "model": "app.page", 
    "fields": {
        "rght": 17, 
        "parent": 48, 
        "level": 1, 
        "title": "Add Trade", 
        "lft": 16, 
        "tree_id": 9
    }
},
{
    "pk": 57, 
    "model": "app.page", 
    "fields": {
        "rght": 18, 
        "parent": null, 
        "level": 0, 
        "title": "Side Pockets", 
        "lft": 1, 
        "tree_id": 10
    }
},
{
    "pk": 58, 
    "model": "app.page", 
    "fields": {
        "rght": 3, 
        "parent": 57, 
        "level": 1, 
        "title": "Performance", 
        "lft": 2, 
        "tree_id": 10
    }
},
{
    "pk": 59, 
    "model": "app.page", 
    "fields": {
        "rght": 5, 
        "parent": 57, 
        "level": 1, 
        "title": "Stats", 
        "lft": 4, 
        "tree_id": 10
    }
},
{
    "pk": 60, 
    "model": "app.page", 
    "fields": {
        "rght": 7, 
        "parent": 57, 
        "level": 1, 
        "title": "Asset Allocation", 
        "lft": 6, 
        "tree_id": 10
    }
},
{
    "pk": 61, 
    "model": "app.page", 
    "fields": {
        "rght": 9, 
        "parent": 57, 
        "level": 1, 
        "title": "Share Holder Register", 
        "lft": 8, 
        "tree_id": 10
    }
},
{
    "pk": 62, 
    "model": "app.page", 
    "fields": {
        "rght": 11, 
        "parent": 57, 
        "level": 1, 
        "title": "Gross Asset Calculation", 
        "lft": 10, 
        "tree_id": 10
    }
},
{
    "pk": 63, 
    "model": "app.page", 
    "fields": {
        "rght": 13, 
        "parent": 57, 
        "level": 1, 
        "title": "FX Hedges", 
        "lft": 12, 
        "tree_id": 10
    }
},
{
    "pk": 64, 
    "model": "app.page", 
    "fields": {
        "rght": 15, 
        "parent": 57, 
        "level": 1, 
        "title": "Fund Configuration", 
        "lft": 14, 
        "tree_id": 10
    }
},
{
    "pk": 65, 
    "model": "app.page", 
    "fields": {
        "rght": 17, 
        "parent": 57, 
        "level": 1, 
        "title": "Add Trade", 
        "lft": 16, 
        "tree_id": 10
    }
},
{
    "pk": 66, 
    "model": "app.page", 
    "fields": {
        "rght": 18, 
        "parent": null, 
        "level": 0, 
        "title": "Private Equity", 
        "lft": 1, 
        "tree_id": 11
    }
},
{
    "pk": 67, 
    "model": "app.page", 
    "fields": {
        "rght": 3, 
        "parent": 66, 
        "level": 1, 
        "title": "Performance", 
        "lft": 2, 
        "tree_id": 11
    }
},
{
    "pk": 68, 
    "model": "app.page", 
    "fields": {
        "rght": 5, 
        "parent": 66, 
        "level": 1, 
        "title": "Stats", 
        "lft": 4, 
        "tree_id": 11
    }
},
{
    "pk": 69, 
    "model": "app.page", 
    "fields": {
        "rght": 7, 
        "parent": 66, 
        "level": 1, 
        "title": "Asset Allocation", 
        "lft": 6, 
        "tree_id": 11
    }
},
{
    "pk": 70, 
    "model": "app.page", 
    "fields": {
        "rght": 9, 
        "parent": 66, 
        "level": 1, 
        "title": "Share Holder Register", 
        "lft": 8, 
        "tree_id": 11
    }
},
{
    "pk": 71, 
    "model": "app.page", 
    "fields": {
        "rght": 11, 
        "parent": 66, 
        "level": 1, 
        "title": "Gross Asset Calculation", 
        "lft": 10, 
        "tree_id": 11
    }
},
{
    "pk": 72, 
    "model": "app.page", 
    "fields": {
        "rght": 13, 
        "parent": 66, 
        "level": 1, 
        "title": "FX Hedges", 
        "lft": 12, 
        "tree_id": 11
    }
},
{
    "pk": 73, 
    "model": "app.page", 
    "fields": {
        "rght": 15, 
        "parent": 66, 
        "level": 1, 
        "title": "Fund Configuration", 
        "lft": 14, 
        "tree_id": 11
    }
},
{
    "pk": 74, 
    "model": "app.page", 
    "fields": {
        "rght": 17, 
        "parent": 66, 
        "level": 1, 
        "title": "Add Trade", 
        "lft": 16, 
        "tree_id": 11
    }
},
{
    "pk": 75, 
    "model": "app.page", 
    "fields": {
        "rght": 18, 
        "parent": null, 
        "level": 0, 
        "title": "Fixed Income & Treasuries CS Fixed Income", 
        "lft": 1, 
        "tree_id": 4
    }
},
{
    "pk": 76, 
    "model": "app.page", 
    "fields": {
        "rght": 3, 
        "parent": 75, 
        "level": 1, 
        "title": "Performance", 
        "lft": 2, 
        "tree_id": 4
    }
},
{
    "pk": 77, 
    "model": "app.page", 
    "fields": {
        "rght": 5, 
        "parent": 75, 
        "level": 1, 
        "title": "Stats", 
        "lft": 4, 
        "tree_id": 4
    }
},
{
    "pk": 78, 
    "model": "app.page", 
    "fields": {
        "rght": 7, 
        "parent": 75, 
        "level": 1, 
        "title": "Asset Allocation", 
        "lft": 6, 
        "tree_id": 4
    }
},
{
    "pk": 79, 
    "model": "app.page", 
    "fields": {
        "rght": 9, 
        "parent": 75, 
        "level": 1, 
        "title": "Share Holder Register", 
        "lft": 8, 
        "tree_id": 4
    }
},
{
    "pk": 80, 
    "model": "app.page", 
    "fields": {
        "rght": 11, 
        "parent": 75, 
        "level": 1, 
        "title": "Gross Asset Calculation", 
        "lft": 10, 
        "tree_id": 4
    }
},
{
    "pk": 81, 
    "model": "app.page", 
    "fields": {
        "rght": 13, 
        "parent": 75, 
        "level": 1, 
        "title": "FX Hedges", 
        "lft": 12, 
        "tree_id": 4
    }
},
{
    "pk": 82, 
    "model": "app.page", 
    "fields": {
        "rght": 15, 
        "parent": 75, 
        "level": 1, 
        "title": "Fund Configuration", 
        "lft": 14, 
        "tree_id": 4
    }
},
{
    "pk": 83, 
    "model": "app.page", 
    "fields": {
        "rght": 17, 
        "parent": 75, 
        "level": 1, 
        "title": "Add Trade", 
        "lft": 16, 
        "tree_id": 4
    }
},
{
    "pk": 84, 
    "model": "app.page", 
    "fields": {
        "rght": 18, 
        "parent": null, 
        "level": 0, 
        "title": "Equities, Options, Futures CS Equities", 
        "lft": 1, 
        "tree_id": 6
    }
},
{
    "pk": 85, 
    "model": "app.page", 
    "fields": {
        "rght": 18, 
        "parent": null, 
        "level": 0, 
        "title": "Equities, Options, Futures CS Cal/Vol", 
        "lft": 1, 
        "tree_id": 7
    }
},
{
    "pk": 86, 
    "model": "app.page", 
    "fields": {
        "rght": 18, 
        "parent": null, 
        "level": 0, 
        "title": "Equities, Options, Futures CS Options", 
        "lft": 1, 
        "tree_id": 8
    }
},
{
    "pk": 87, 
    "model": "app.page", 
    "fields": {
        "rght": 3, 
        "parent": 84, 
        "level": 1, 
        "title": "Performance", 
        "lft": 2, 
        "tree_id": 6
    }
},
{
    "pk": 88, 
    "model": "app.page", 
    "fields": {
        "rght": 5, 
        "parent": 84, 
        "level": 1, 
        "title": "Stats", 
        "lft": 4, 
        "tree_id": 6
    }
},
{
    "pk": 89, 
    "model": "app.page", 
    "fields": {
        "rght": 7, 
        "parent": 84, 
        "level": 1, 
        "title": "Asset Allocation", 
        "lft": 6, 
        "tree_id": 6
    }
},
{
    "pk": 90, 
    "model": "app.page", 
    "fields": {
        "rght": 9, 
        "parent": 84, 
        "level": 1, 
        "title": "Share Holder Register", 
        "lft": 8, 
        "tree_id": 6
    }
},
{
    "pk": 91, 
    "model": "app.page", 
    "fields": {
        "rght": 13, 
        "parent": 84, 
        "level": 1, 
        "title": "FX Hedges", 
        "lft": 12, 
        "tree_id": 6
    }
},
{
    "pk": 92, 
    "model": "app.page", 
    "fields": {
        "rght": 15, 
        "parent": 84, 
        "level": 1, 
        "title": "Fund Configuration", 
        "lft": 14, 
        "tree_id": 6
    }
},
{
    "pk": 93, 
    "model": "app.page", 
    "fields": {
        "rght": 17, 
        "parent": 84, 
        "level": 1, 
        "title": "Add Trade", 
        "lft": 16, 
        "tree_id": 6
    }
},
{
    "pk": 94, 
    "model": "app.page", 
    "fields": {
        "rght": 3, 
        "parent": 85, 
        "level": 1, 
        "title": "Performance", 
        "lft": 2, 
        "tree_id": 7
    }
},
{
    "pk": 95, 
    "model": "app.page", 
    "fields": {
        "rght": 5, 
        "parent": 85, 
        "level": 1, 
        "title": "Stats", 
        "lft": 4, 
        "tree_id": 7
    }
},
{
    "pk": 96, 
    "model": "app.page", 
    "fields": {
        "rght": 7, 
        "parent": 85, 
        "level": 1, 
        "title": "Asset Allocation", 
        "lft": 6, 
        "tree_id": 7
    }
},
{
    "pk": 97, 
    "model": "app.page", 
    "fields": {
        "rght": 9, 
        "parent": 85, 
        "level": 1, 
        "title": "Share Holder Register", 
        "lft": 8, 
        "tree_id": 7
    }
},
{
    "pk": 98, 
    "model": "app.page", 
    "fields": {
        "rght": 13, 
        "parent": 85, 
        "level": 1, 
        "title": "FX Hedges", 
        "lft": 12, 
        "tree_id": 7
    }
},
{
    "pk": 99, 
    "model": "app.page", 
    "fields": {
        "rght": 15, 
        "parent": 85, 
        "level": 1, 
        "title": "Fund Configuration", 
        "lft": 14, 
        "tree_id": 7
    }
},
{
    "pk": 100, 
    "model": "app.page", 
    "fields": {
        "rght": 17, 
        "parent": 85, 
        "level": 1, 
        "title": "Add Trade", 
        "lft": 16, 
        "tree_id": 7
    }
},
{
    "pk": 101, 
    "model": "app.page", 
    "fields": {
        "rght": 3, 
        "parent": 86, 
        "level": 1, 
        "title": "Performance", 
        "lft": 2, 
        "tree_id": 8
    }
},
{
    "pk": 102, 
    "model": "app.page", 
    "fields": {
        "rght": 5, 
        "parent": 86, 
        "level": 1, 
        "title": "Stats", 
        "lft": 4, 
        "tree_id": 8
    }
},
{
    "pk": 103, 
    "model": "app.page", 
    "fields": {
        "rght": 7, 
        "parent": 86, 
        "level": 1, 
        "title": "Asset Allocation", 
        "lft": 6, 
        "tree_id": 8
    }
},
{
    "pk": 104, 
    "model": "app.page", 
    "fields": {
        "rght": 9, 
        "parent": 86, 
        "level": 1, 
        "title": "Share Holder Register", 
        "lft": 8, 
        "tree_id": 8
    }
},
{
    "pk": 105, 
    "model": "app.page", 
    "fields": {
        "rght": 13, 
        "parent": 86, 
        "level": 1, 
        "title": "FX Hedges", 
        "lft": 12, 
        "tree_id": 8
    }
},
{
    "pk": 106, 
    "model": "app.page", 
    "fields": {
        "rght": 15, 
        "parent": 86, 
        "level": 1, 
        "title": "Fund Configuration", 
        "lft": 14, 
        "tree_id": 8
    }
},
{
    "pk": 107, 
    "model": "app.page", 
    "fields": {
        "rght": 17, 
        "parent": 86, 
        "level": 1, 
        "title": "Add Trade", 
        "lft": 16, 
        "tree_id": 8
    }
},
{
    "pk": 108, 
    "model": "app.page", 
    "fields": {
        "rght": 11, 
        "parent": 84, 
        "level": 1, 
        "title": "Gross Asset Calculation", 
        "lft": 10, 
        "tree_id": 6
    }
},
{
    "pk": 109, 
    "model": "app.page", 
    "fields": {
        "rght": 11, 
        "parent": 85, 
        "level": 1, 
        "title": "Gross Asset Calculation", 
        "lft": 10, 
        "tree_id": 7
    }
},
{
    "pk": 110, 
    "model": "app.page", 
    "fields": {
        "rght": 11, 
        "parent": 86, 
        "level": 1, 
        "title": "Gross Asset Calculation", 
        "lft": 10, 
        "tree_id": 8
    }
},
{
    "pk": 111, 
    "model": "app.page", 
    "fields": {
        "rght": 10, 
        "parent": null, 
        "level": 0, 
        "title": "Holding", 
        "lft": 1, 
        "tree_id": 12
    }
},
{
    "pk": 112, 
    "model": "app.page", 
    "fields": {
        "rght": 3, 
        "parent": 111, 
        "level": 1, 
        "title": "Performance", 
        "lft": 2, 
        "tree_id": 12
    }
},
{
    "pk": 113, 
    "model": "app.page", 
    "fields": {
        "rght": 5, 
        "parent": 111, 
        "level": 1, 
        "title": "Stats", 
        "lft": 4, 
        "tree_id": 12
    }
},
{
    "pk": 114, 
    "model": "app.page", 
    "fields": {
        "rght": 7, 
        "parent": 111, 
        "level": 1, 
        "title": "NAV", 
        "lft": 6, 
        "tree_id": 12
    }
},
{
    "pk": 115, 
    "model": "app.page", 
    "fields": {
        "rght": 9, 
        "parent": 111, 
        "level": 1, 
        "title": "Summary", 
        "lft": 8, 
        "tree_id": 12
    }
},
{
    "pk": 1, 
    "model": "auth.permission", 
    "fields": {
        "codename": "add_permission", 
        "name": "Can add permission", 
        "content_type": 1
    }
},
{
    "pk": 2, 
    "model": "auth.permission", 
    "fields": {
        "codename": "change_permission", 
        "name": "Can change permission", 
        "content_type": 1
    }
},
{
    "pk": 3, 
    "model": "auth.permission", 
    "fields": {
        "codename": "delete_permission", 
        "name": "Can delete permission", 
        "content_type": 1
    }
},
{
    "pk": 4, 
    "model": "auth.permission", 
    "fields": {
        "codename": "add_group", 
        "name": "Can add group", 
        "content_type": 2
    }
},
{
    "pk": 5, 
    "model": "auth.permission", 
    "fields": {
        "codename": "change_group", 
        "name": "Can change group", 
        "content_type": 2
    }
},
{
    "pk": 6, 
    "model": "auth.permission", 
    "fields": {
        "codename": "delete_group", 
        "name": "Can delete group", 
        "content_type": 2
    }
},
{
    "pk": 7, 
    "model": "auth.permission", 
    "fields": {
        "codename": "add_user", 
        "name": "Can add user", 
        "content_type": 3
    }
},
{
    "pk": 8, 
    "model": "auth.permission", 
    "fields": {
        "codename": "change_user", 
        "name": "Can change user", 
        "content_type": 3
    }
},
{
    "pk": 9, 
    "model": "auth.permission", 
    "fields": {
        "codename": "delete_user", 
        "name": "Can delete user", 
        "content_type": 3
    }
},
{
    "pk": 13, 
    "model": "auth.permission", 
    "fields": {
        "codename": "add_session", 
        "name": "Can add session", 
        "content_type": 5
    }
},
{
    "pk": 14, 
    "model": "auth.permission", 
    "fields": {
        "codename": "change_session", 
        "name": "Can change session", 
        "content_type": 5
    }
},
{
    "pk": 15, 
    "model": "auth.permission", 
    "fields": {
        "codename": "delete_session", 
        "name": "Can delete session", 
        "content_type": 5
    }
},
{
    "pk": 16, 
    "model": "auth.permission", 
    "fields": {
        "codename": "add_site", 
        "name": "Can add site", 
        "content_type": 6
    }
},
{
    "pk": 17, 
    "model": "auth.permission", 
    "fields": {
        "codename": "change_site", 
        "name": "Can change site", 
        "content_type": 6
    }
},
{
    "pk": 18, 
    "model": "auth.permission", 
    "fields": {
        "codename": "delete_site", 
        "name": "Can delete site", 
        "content_type": 6
    }
},
{
    "pk": 19, 
    "model": "auth.permission", 
    "fields": {
        "codename": "add_logentry", 
        "name": "Can add log entry", 
        "content_type": 7
    }
},
{
    "pk": 20, 
    "model": "auth.permission", 
    "fields": {
        "codename": "change_logentry", 
        "name": "Can change log entry", 
        "content_type": 7
    }
},
{
    "pk": 21, 
    "model": "auth.permission", 
    "fields": {
        "codename": "delete_logentry", 
        "name": "Can delete log entry", 
        "content_type": 7
    }
},
{
    "pk": 25, 
    "model": "auth.permission", 
    "fields": {
        "codename": "add_window", 
        "name": "Can add window", 
        "content_type": 9
    }
},
{
    "pk": 26, 
    "model": "auth.permission", 
    "fields": {
        "codename": "change_window", 
        "name": "Can change window", 
        "content_type": 9
    }
},
{
    "pk": 27, 
    "model": "auth.permission", 
    "fields": {
        "codename": "delete_window", 
        "name": "Can delete window", 
        "content_type": 9
    }
},
{
    "pk": 28, 
    "model": "auth.permission", 
    "fields": {
        "codename": "add_widgettype", 
        "name": "Can add widget type", 
        "content_type": 10
    }
},
{
    "pk": 29, 
    "model": "auth.permission", 
    "fields": {
        "codename": "change_widgettype", 
        "name": "Can change widget type", 
        "content_type": 10
    }
},
{
    "pk": 30, 
    "model": "auth.permission", 
    "fields": {
        "codename": "delete_widgettype", 
        "name": "Can delete widget type", 
        "content_type": 10
    }
},
{
    "pk": 31, 
    "model": "auth.permission", 
    "fields": {
        "codename": "add_widgetparam", 
        "name": "Can add widget param", 
        "content_type": 11
    }
},
{
    "pk": 32, 
    "model": "auth.permission", 
    "fields": {
        "codename": "change_widgetparam", 
        "name": "Can change widget param", 
        "content_type": 11
    }
},
{
    "pk": 33, 
    "model": "auth.permission", 
    "fields": {
        "codename": "delete_widgetparam", 
        "name": "Can delete widget param", 
        "content_type": 11
    }
},
{
    "pk": 34, 
    "model": "auth.permission", 
    "fields": {
        "codename": "add_widget", 
        "name": "Can add widget", 
        "content_type": 12
    }
},
{
    "pk": 35, 
    "model": "auth.permission", 
    "fields": {
        "codename": "change_widget", 
        "name": "Can change widget", 
        "content_type": 12
    }
},
{
    "pk": 36, 
    "model": "auth.permission", 
    "fields": {
        "codename": "delete_widget", 
        "name": "Can delete widget", 
        "content_type": 12
    }
},
{
    "pk": 37, 
    "model": "auth.permission", 
    "fields": {
        "codename": "add_page", 
        "name": "Can add page", 
        "content_type": 13
    }
},
{
    "pk": 38, 
    "model": "auth.permission", 
    "fields": {
        "codename": "change_page", 
        "name": "Can change page", 
        "content_type": 13
    }
},
{
    "pk": 39, 
    "model": "auth.permission", 
    "fields": {
        "codename": "delete_page", 
        "name": "Can delete page", 
        "content_type": 13
    }
},
{
    "pk": 40, 
    "model": "auth.permission", 
    "fields": {
        "codename": "add_pagewindow", 
        "name": "Can add Window on page", 
        "content_type": 14
    }
},
{
    "pk": 41, 
    "model": "auth.permission", 
    "fields": {
        "codename": "change_pagewindow", 
        "name": "Can change Window on page", 
        "content_type": 14
    }
},
{
    "pk": 42, 
    "model": "auth.permission", 
    "fields": {
        "codename": "delete_pagewindow", 
        "name": "Can delete Window on page", 
        "content_type": 14
    }
},
{
    "pk": 55, 
    "model": "auth.permission", 
    "fields": {
        "codename": "add_menu", 
        "name": "Can add menu", 
        "content_type": 19
    }
},
{
    "pk": 56, 
    "model": "auth.permission", 
    "fields": {
        "codename": "change_menu", 
        "name": "Can change menu", 
        "content_type": 19
    }
},
{
    "pk": 57, 
    "model": "auth.permission", 
    "fields": {
        "codename": "delete_menu", 
        "name": "Can delete menu", 
        "content_type": 19
    }
},
{
    "pk": 112, 
    "model": "auth.permission", 
    "fields": {
        "codename": "add_funds", 
        "name": "Can add funds", 
        "content_type": 38
    }
},
{
    "pk": 113, 
    "model": "auth.permission", 
    "fields": {
        "codename": "change_funds", 
        "name": "Can change funds", 
        "content_type": 38
    }
},
{
    "pk": 114, 
    "model": "auth.permission", 
    "fields": {
        "codename": "delete_funds", 
        "name": "Can delete funds", 
        "content_type": 38
    }
},
{
    "pk": 115, 
    "model": "auth.permission", 
    "fields": {
        "codename": "add_fundreturnmonthly", 
        "name": "Can add fund return monthly", 
        "content_type": 39
    }
},
{
    "pk": 116, 
    "model": "auth.permission", 
    "fields": {
        "codename": "change_fundreturnmonthly", 
        "name": "Can change fund return monthly", 
        "content_type": 39
    }
},
{
    "pk": 117, 
    "model": "auth.permission", 
    "fields": {
        "codename": "delete_fundreturnmonthly", 
        "name": "Can delete fund return monthly", 
        "content_type": 39
    }
},
{
    "pk": 118, 
    "model": "auth.permission", 
    "fields": {
        "codename": "add_fundreturndaily", 
        "name": "Can add fund return daily", 
        "content_type": 40
    }
},
{
    "pk": 119, 
    "model": "auth.permission", 
    "fields": {
        "codename": "change_fundreturndaily", 
        "name": "Can change fund return daily", 
        "content_type": 40
    }
},
{
    "pk": 120, 
    "model": "auth.permission", 
    "fields": {
        "codename": "delete_fundreturndaily", 
        "name": "Can delete fund return daily", 
        "content_type": 40
    }
},
{
    "pk": 121, 
    "model": "auth.permission", 
    "fields": {
        "codename": "add_category", 
        "name": "Can add category", 
        "content_type": 41
    }
},
{
    "pk": 122, 
    "model": "auth.permission", 
    "fields": {
        "codename": "change_category", 
        "name": "Can change category", 
        "content_type": 41
    }
},
{
    "pk": 123, 
    "model": "auth.permission", 
    "fields": {
        "codename": "delete_category", 
        "name": "Can delete category", 
        "content_type": 41
    }
},
{
    "pk": 124, 
    "model": "auth.permission", 
    "fields": {
        "codename": "add_holding", 
        "name": "Can add holding", 
        "content_type": 42
    }
},
{
    "pk": 125, 
    "model": "auth.permission", 
    "fields": {
        "codename": "change_holding", 
        "name": "Can change holding", 
        "content_type": 42
    }
},
{
    "pk": 126, 
    "model": "auth.permission", 
    "fields": {
        "codename": "delete_holding", 
        "name": "Can delete holding", 
        "content_type": 42
    }
},
{
    "pk": 127, 
    "model": "auth.permission", 
    "fields": {
        "codename": "add_holdinghistory", 
        "name": "Can add holding history", 
        "content_type": 43
    }
},
{
    "pk": 128, 
    "model": "auth.permission", 
    "fields": {
        "codename": "change_holdinghistory", 
        "name": "Can change holding history", 
        "content_type": 43
    }
},
{
    "pk": 129, 
    "model": "auth.permission", 
    "fields": {
        "codename": "delete_holdinghistory", 
        "name": "Can delete holding history", 
        "content_type": 43
    }
},
{
    "pk": 130, 
    "model": "auth.permission", 
    "fields": {
        "codename": "add_countrybreakdown", 
        "name": "Can add country breakdown", 
        "content_type": 44
    }
},
{
    "pk": 131, 
    "model": "auth.permission", 
    "fields": {
        "codename": "change_countrybreakdown", 
        "name": "Can change country breakdown", 
        "content_type": 44
    }
},
{
    "pk": 132, 
    "model": "auth.permission", 
    "fields": {
        "codename": "delete_countrybreakdown", 
        "name": "Can delete country breakdown", 
        "content_type": 44
    }
},
{
    "pk": 133, 
    "model": "auth.permission", 
    "fields": {
        "codename": "add_breakdown", 
        "name": "Can add breakdown", 
        "content_type": 45
    }
},
{
    "pk": 134, 
    "model": "auth.permission", 
    "fields": {
        "codename": "change_breakdown", 
        "name": "Can change breakdown", 
        "content_type": 45
    }
},
{
    "pk": 135, 
    "model": "auth.permission", 
    "fields": {
        "codename": "delete_breakdown", 
        "name": "Can delete breakdown", 
        "content_type": 45
    }
},
{
    "pk": 136, 
    "model": "auth.permission", 
    "fields": {
        "codename": "add_client", 
        "name": "Can add client", 
        "content_type": 46
    }
},
{
    "pk": 137, 
    "model": "auth.permission", 
    "fields": {
        "codename": "change_client", 
        "name": "Can change client", 
        "content_type": 46
    }
},
{
    "pk": 138, 
    "model": "auth.permission", 
    "fields": {
        "codename": "delete_client", 
        "name": "Can delete client", 
        "content_type": 46
    }
},
{
    "pk": 139, 
    "model": "auth.permission", 
    "fields": {
        "codename": "add_clienthistory", 
        "name": "Can add Client history", 
        "content_type": 47
    }
},
{
    "pk": 140, 
    "model": "auth.permission", 
    "fields": {
        "codename": "change_clienthistory", 
        "name": "Can change Client history", 
        "content_type": 47
    }
},
{
    "pk": 141, 
    "model": "auth.permission", 
    "fields": {
        "codename": "delete_clienthistory", 
        "name": "Can delete Client history", 
        "content_type": 47
    }
},
{
    "pk": 142, 
    "model": "auth.permission", 
    "fields": {
        "codename": "add_subscriptionredemption", 
        "name": "Can add subscription redemption", 
        "content_type": 48
    }
},
{
    "pk": 143, 
    "model": "auth.permission", 
    "fields": {
        "codename": "change_subscriptionredemption", 
        "name": "Can change subscription redemption", 
        "content_type": 48
    }
},
{
    "pk": 144, 
    "model": "auth.permission", 
    "fields": {
        "codename": "delete_subscriptionredemption", 
        "name": "Can delete subscription redemption", 
        "content_type": 48
    }
},
{
    "pk": 145, 
    "model": "auth.permission", 
    "fields": {
        "codename": "add_peer", 
        "name": "Can add peer", 
        "content_type": 49
    }
},
{
    "pk": 146, 
    "model": "auth.permission", 
    "fields": {
        "codename": "change_peer", 
        "name": "Can change peer", 
        "content_type": 49
    }
},
{
    "pk": 147, 
    "model": "auth.permission", 
    "fields": {
        "codename": "delete_peer", 
        "name": "Can delete peer", 
        "content_type": 49
    }
},
{
    "pk": 148, 
    "model": "auth.permission", 
    "fields": {
        "codename": "add_peerhistory", 
        "name": "Can add Peer history", 
        "content_type": 50
    }
},
{
    "pk": 149, 
    "model": "auth.permission", 
    "fields": {
        "codename": "change_peerhistory", 
        "name": "Can change Peer history", 
        "content_type": 50
    }
},
{
    "pk": 150, 
    "model": "auth.permission", 
    "fields": {
        "codename": "delete_peerhistory", 
        "name": "Can delete Peer history", 
        "content_type": 50
    }
},
{
    "pk": 151, 
    "model": "auth.permission", 
    "fields": {
        "codename": "add_benchmark", 
        "name": "Can add benchmark", 
        "content_type": 51
    }
},
{
    "pk": 152, 
    "model": "auth.permission", 
    "fields": {
        "codename": "change_benchmark", 
        "name": "Can change benchmark", 
        "content_type": 51
    }
},
{
    "pk": 153, 
    "model": "auth.permission", 
    "fields": {
        "codename": "delete_benchmark", 
        "name": "Can delete benchmark", 
        "content_type": 51
    }
},
{
    "pk": 154, 
    "model": "auth.permission", 
    "fields": {
        "codename": "add_benchmarkhistory", 
        "name": "Can add Benchmark history", 
        "content_type": 52
    }
},
{
    "pk": 155, 
    "model": "auth.permission", 
    "fields": {
        "codename": "change_benchmarkhistory", 
        "name": "Can change Benchmark history", 
        "content_type": 52
    }
},
{
    "pk": 156, 
    "model": "auth.permission", 
    "fields": {
        "codename": "delete_benchmarkhistory", 
        "name": "Can delete Benchmark history", 
        "content_type": 52
    }
},
{
    "pk": 157, 
    "model": "auth.permission", 
    "fields": {
        "codename": "add_trade", 
        "name": "Can add trade", 
        "content_type": 53
    }
},
{
    "pk": 158, 
    "model": "auth.permission", 
    "fields": {
        "codename": "change_trade", 
        "name": "Can change trade", 
        "content_type": 53
    }
},
{
    "pk": 159, 
    "model": "auth.permission", 
    "fields": {
        "codename": "delete_trade", 
        "name": "Can delete trade", 
        "content_type": 53
    }
},
{
    "pk": 160, 
    "model": "auth.permission", 
    "fields": {
        "codename": "add_apiaccess", 
        "name": "Can add api access", 
        "content_type": 54
    }
},
{
    "pk": 161, 
    "model": "auth.permission", 
    "fields": {
        "codename": "change_apiaccess", 
        "name": "Can change api access", 
        "content_type": 54
    }
},
{
    "pk": 162, 
    "model": "auth.permission", 
    "fields": {
        "codename": "delete_apiaccess", 
        "name": "Can delete api access", 
        "content_type": 54
    }
},
{
    "pk": 163, 
    "model": "auth.permission", 
    "fields": {
        "codename": "add_apikey", 
        "name": "Can add api key", 
        "content_type": 55
    }
},
{
    "pk": 164, 
    "model": "auth.permission", 
    "fields": {
        "codename": "change_apikey", 
        "name": "Can change api key", 
        "content_type": 55
    }
},
{
    "pk": 165, 
    "model": "auth.permission", 
    "fields": {
        "codename": "delete_apikey", 
        "name": "Can delete api key", 
        "content_type": 55
    }
},
{
    "pk": 1, 
    "model": "auth.group", 
    "fields": {
        "name": "Manager", 
        "permissions": [
            142, 
            143, 
            124, 
            125, 
            157, 
            158
        ]
    }
},
{
    "pk": 2, 
    "model": "auth.group", 
    "fields": {
        "name": "Fund Manager", 
        "permissions": [
            124, 
            125, 
            157, 
            158
        ]
    }
},
{
    "pk": 3, 
    "model": "auth.group", 
    "fields": {
        "name": "Back Office", 
        "permissions": [
            142, 
            143, 
            124, 
            125
        ]
    }
},
{
    "pk": 4, 
    "model": "auth.group", 
    "fields": {
        "name": "Admin", 
        "permissions": [
            4, 
            5, 
            6, 
            7, 
            8, 
            9, 
            142, 
            143, 
            121, 
            122, 
            124, 
            125, 
            157, 
            158
        ]
    }
},
{
    "pk": 1, 
    "model": "auth.user", 
    "fields": {
        "username": "andy", 
        "first_name": "", 
        "last_name": "", 
        "is_active": true, 
        "is_superuser": true, 
        "is_staff": true, 
        "last_login": "2013-10-29T13:26:19Z", 
        "groups": [
            1, 
            2, 
            3
        ], 
        "user_permissions": [], 
        "password": "pbkdf2_sha256$10000$l8bXV0IQO3vt$5K40ZfpJsZ415w++TboOA0H9Qs83V+8rO6Dm1kURo5w=", 
        "email": "asdf@asdf.cm", 
        "date_joined": "2013-05-28T15:18:21Z"
    }
},
{
    "pk": 2, 
    "model": "auth.user", 
    "fields": {
        "username": "manager", 
        "first_name": "", 
        "last_name": "", 
        "is_active": true, 
        "is_superuser": false, 
        "is_staff": true, 
        "last_login": "2013-09-29T22:32:37Z", 
        "groups": [
            1
        ], 
        "user_permissions": [], 
        "password": "pbkdf2_sha256$10000$uK4xvFnc9lI7$Yhn+PRFkcuciwS1ccEHnK3c8+tquki5/cBrM6d0BQkg=", 
        "email": "", 
        "date_joined": "2013-09-29T22:29:27Z"
    }
},
{
    "pk": 3, 
    "model": "auth.user", 
    "fields": {
        "username": "fundmanager", 
        "first_name": "", 
        "last_name": "", 
        "is_active": true, 
        "is_superuser": false, 
        "is_staff": true, 
        "last_login": "2013-09-29T22:30:16Z", 
        "groups": [
            2
        ], 
        "user_permissions": [], 
        "password": "pbkdf2_sha256$10000$wDo28A2Jwgcv$kXda7PhrCtrZWxgV6s1sQoB8V0H/PzmPzeYn5wDyFjg=", 
        "email": "", 
        "date_joined": "2013-09-29T22:30:16Z"
    }
},
{
    "pk": 4, 
    "model": "auth.user", 
    "fields": {
        "username": "backoffice", 
        "first_name": "", 
        "last_name": "", 
        "is_active": true, 
        "is_superuser": false, 
        "is_staff": true, 
        "last_login": "2013-09-29T22:30:44Z", 
        "groups": [
            3
        ], 
        "user_permissions": [], 
        "password": "pbkdf2_sha256$10000$wCjr6hQsmcnr$HpA1u173OBkQpChwTl4ekE0XOcQP2CBggWXA4/CcIwM=", 
        "email": "", 
        "date_joined": "2013-09-29T22:30:44Z"
    }
},
{
    "pk": 5, 
    "model": "auth.user", 
    "fields": {
        "username": "admin", 
        "first_name": "", 
        "last_name": "", 
        "is_active": true, 
        "is_superuser": false, 
        "is_staff": true, 
        "last_login": "2013-09-29T22:31:03Z", 
        "groups": [
            4
        ], 
        "user_permissions": [], 
        "password": "pbkdf2_sha256$10000$WqsDaNM14wUI$FyIBh0iuxT6RVTv1/NSloekFK8xVxCAJHt90hIc7Nlc=", 
        "email": "", 
        "date_joined": "2013-09-29T22:31:03Z"
    }
},
{
    "pk": 1, 
    "model": "admin.logentry", 
    "fields": {
        "action_flag": 2, 
        "action_time": "2013-11-04T18:34:30Z", 
        "object_repr": "extra_fields=ytd", 
        "object_id": "123", 
        "change_message": "Changed value.", 
        "user": 1, 
        "content_type": 11
    }
},
{
    "pk": 2, 
    "model": "admin.logentry", 
    "fields": {
        "action_flag": 2, 
        "action_time": "2013-11-04T21:05:48Z", 
        "object_repr": "W.16 - MTD Performance Line Graph", 
        "object_id": "3", 
        "change_message": "Changed widget_param.", 
        "user": 1, 
        "content_type": 12
    }
},
{
    "pk": 1, 
    "model": "app.window", 
    "fields": {
        "layout": "v", 
        "name": "FUND_NAME / Holdings Trade Tables and Graphs", 
        "access": [
            1
        ], 
        "size_x": 7, 
        "size_y": 6, 
        "key": "w11"
    }
},
{
    "pk": 2, 
    "model": "app.window", 
    "fields": {
        "layout": "v", 
        "name": "FUND_NAME / MTD Performance Line Graph", 
        "access": [
            1
        ], 
        "size_x": 7, 
        "size_y": 3, 
        "key": "w16"
    }
},
{
    "pk": 3, 
    "model": "app.window", 
    "fields": {
        "layout": "v", 
        "name": "FUND_NAME / Historical Performance", 
        "access": [
            1
        ], 
        "size_x": 7, 
        "size_y": 3, 
        "key": "w1"
    }
},
{
    "pk": 4, 
    "model": "app.window", 
    "fields": {
        "layout": "v", 
        "name": "FUND_NAME / MONTH YEAR /  Holding Performance", 
        "access": [
            1
        ], 
        "size_x": 6, 
        "size_y": 3, 
        "key": "w2"
    }
},
{
    "pk": 5, 
    "model": "app.window", 
    "fields": {
        "layout": "v", 
        "name": "FUND_NAME / YEAR / Performance by Sector", 
        "access": [
            1
        ], 
        "size_x": 6, 
        "size_y": 3, 
        "key": "w3"
    }
},
{
    "pk": 6, 
    "model": "app.window", 
    "fields": {
        "layout": "v", 
        "name": "FUND_NAME / YEAR / Performance by Sub-Sector", 
        "access": [
            1
        ], 
        "size_x": 6, 
        "size_y": 3, 
        "key": "w4"
    }
},
{
    "pk": 7, 
    "model": "app.window", 
    "fields": {
        "layout": "v", 
        "name": "FUND_NAME / YEAR / Performance by Location", 
        "access": [
            1
        ], 
        "size_x": 6, 
        "size_y": 3, 
        "key": "w5"
    }
},
{
    "pk": 8, 
    "model": "app.window", 
    "fields": {
        "layout": "v", 
        "name": "FUND_NAME / Historical NAV Table", 
        "access": [
            1
        ], 
        "size_x": 7, 
        "size_y": 3, 
        "key": "w6"
    }
},
{
    "pk": 9, 
    "model": "app.window", 
    "fields": {
        "layout": "v", 
        "name": "FUND_NAME / YEAR / Fund Holding NAV Bar", 
        "access": [
            1
        ], 
        "size_x": 7, 
        "size_y": 3, 
        "key": "w7"
    }
},
{
    "pk": 10, 
    "model": "app.window", 
    "fields": {
        "layout": "h", 
        "name": "FUND_NAME / YEAR / NAV Weight by Sector", 
        "access": [
            1
        ], 
        "size_x": 9, 
        "size_y": 2, 
        "key": "w8"
    }
},
{
    "pk": 11, 
    "model": "app.window", 
    "fields": {
        "layout": "h", 
        "name": "FUND_NAME / YEAR / NAV by Sub Sector", 
        "access": [
            1
        ], 
        "size_x": 9, 
        "size_y": 2, 
        "key": "w9"
    }
},
{
    "pk": 12, 
    "model": "app.window", 
    "fields": {
        "layout": "h", 
        "name": "FUND_NAME / YEAR / NAV by Location", 
        "access": [
            1
        ], 
        "size_x": 9, 
        "size_y": 2, 
        "key": "w10"
    }
},
{
    "pk": 13, 
    "model": "app.window", 
    "fields": {
        "layout": "v", 
        "name": "Alpheus / Historical Statistics", 
        "access": [
            1
        ], 
        "size_x": 6, 
        "size_y": 6, 
        "key": "w58"
    }
},
{
    "pk": 14, 
    "model": "app.window", 
    "fields": {
        "layout": "v", 
        "name": "FUND_NAME / Returns", 
        "access": [
            1
        ], 
        "size_x": 4, 
        "size_y": 2, 
        "key": "w19"
    }
},
{
    "pk": 15, 
    "model": "app.window", 
    "fields": {
        "layout": "v", 
        "name": "FUND_NAME / Best Worst Months", 
        "access": [
            1
        ], 
        "size_x": 4, 
        "size_y": 2, 
        "key": "w20"
    }
},
{
    "pk": 16, 
    "model": "app.window", 
    "fields": {
        "layout": "v", 
        "name": "FUND_NAME / Return Histogram", 
        "access": [
            1
        ], 
        "size_x": 2, 
        "size_y": 2, 
        "key": "w22"
    }
},
{
    "pk": 17, 
    "model": "app.window", 
    "fields": {
        "layout": "v", 
        "name": "FUND_NAME / Correlation Matrix", 
        "access": [
            1
        ], 
        "size_x": 4, 
        "size_y": 2, 
        "key": "w21"
    }
},
{
    "pk": 19, 
    "model": "app.window", 
    "fields": {
        "layout": "v", 
        "name": "FUND_NAME / Performance in Negative Months", 
        "access": [
            1
        ], 
        "size_x": 4, 
        "size_y": 2, 
        "key": "w24"
    }
},
{
    "pk": 20, 
    "model": "app.window", 
    "fields": {
        "layout": "v", 
        "name": "FUND_NAME /  Holding Liquity", 
        "access": [
            1
        ], 
        "size_x": 8, 
        "size_y": 6, 
        "key": "w73"
    }
},
{
    "pk": 21, 
    "model": "app.window", 
    "fields": {
        "layout": "v", 
        "name": "FUND_NAME /  Redemption Tracker", 
        "access": [
            1
        ], 
        "size_x": 3, 
        "size_y": 6, 
        "key": "w74"
    }
},
{
    "pk": 22, 
    "model": "app.window", 
    "fields": {
        "layout": "h", 
        "name": "FUND_NAME /  Cumulative Weight", 
        "access": [
            1
        ], 
        "size_x": 8, 
        "size_y": 6, 
        "key": "w75"
    }
},
{
    "pk": 23, 
    "model": "app.window", 
    "fields": {
        "layout": "v", 
        "name": "FUND_NAME /  Summary", 
        "access": [
            1
        ], 
        "size_x": 6, 
        "size_y": 5, 
        "key": "w15"
    }
},
{
    "pk": 24, 
    "model": "app.window", 
    "fields": {
        "layout": "v", 
        "name": "FUND_NAME /  Foreign Currency Positions and Hedges", 
        "access": [
            1
        ], 
        "size_x": 4, 
        "size_y": 2, 
        "key": "w70"
    }
},
{
    "pk": 25, 
    "model": "app.window", 
    "fields": {
        "layout": "v", 
        "name": "FUND_NAME /  Share Holder Register", 
        "access": [
            1
        ], 
        "size_x": 5, 
        "size_y": 6, 
        "key": "w12"
    }
},
{
    "pk": 26, 
    "model": "app.window", 
    "fields": {
        "layout": "v", 
        "name": "FUND_NAME /  Subscription and Redemptions", 
        "access": [
            1
        ], 
        "size_x": 6, 
        "size_y": 4, 
        "key": "w23"
    }
},
{
    "pk": 27, 
    "model": "app.window", 
    "fields": {
        "layout": "v", 
        "name": "FUND_NAME / NAV Reconciliation", 
        "access": [
            1
        ], 
        "size_x": 6, 
        "size_y": 2, 
        "key": "w25"
    }
},
{
    "pk": 28, 
    "model": "app.window", 
    "fields": {
        "layout": "v", 
        "name": "Alpheus / Gross Assets Calculation", 
        "access": [
            1
        ], 
        "size_x": 9, 
        "size_y": 6, 
        "key": "w71"
    }
},
{
    "pk": 29, 
    "model": "app.window", 
    "fields": {
        "layout": "v", 
        "name": "FUND_NAME / Performance by Asset Class", 
        "access": [
            1
        ], 
        "size_x": 6, 
        "size_y": 3, 
        "key": "w4b"
    }
},
{
    "pk": 30, 
    "model": "app.window", 
    "fields": {
        "layout": "h", 
        "name": "FUND_NAME / NAV by Asset Class", 
        "access": [
            1
        ], 
        "size_x": 9, 
        "size_y": 2, 
        "key": "w9b"
    }
},
{
    "pk": 31, 
    "model": "app.window", 
    "fields": {
        "layout": "v", 
        "name": "FUND_NAME / YEAR / Performance by Location", 
        "access": [
            1
        ], 
        "size_x": 6, 
        "size_y": 3, 
        "key": "w5b"
    }
},
{
    "pk": 32, 
    "model": "app.window", 
    "fields": {
        "layout": "v", 
        "name": "FUND_NAME /  Gross Assets Calculation", 
        "access": [
            1
        ], 
        "size_x": 9, 
        "size_y": 6, 
        "key": "w13b"
    }
},
{
    "pk": 33, 
    "model": "app.window", 
    "fields": {
        "layout": "v", 
        "name": "FUND_NAME /  Gross Assets Calculation", 
        "access": [
            1
        ], 
        "size_x": 9, 
        "size_y": 6, 
        "key": "w13c"
    }
},
{
    "pk": 34, 
    "model": "app.window", 
    "fields": {
        "layout": "h", 
        "name": "FUND_NAME / YEAR / NAV by Holding", 
        "access": [
            1
        ], 
        "size_x": 9, 
        "size_y": 2, 
        "key": "w8b"
    }
},
{
    "pk": 35, 
    "model": "app.window", 
    "fields": {
        "layout": "v", 
        "name": "FUND_NAME / Summary of Commitments ", 
        "access": [
            1
        ], 
        "size_x": 8, 
        "size_y": 6, 
        "key": "w31"
    }
},
{
    "pk": 36, 
    "model": "app.window", 
    "fields": {
        "layout": "v", 
        "name": "FUND_NAME / Valuation & Cash Flows", 
        "access": [
            1
        ], 
        "size_x": 8, 
        "size_y": 6, 
        "key": "w28"
    }
},
{
    "pk": 37, 
    "model": "app.window", 
    "fields": {
        "layout": "v", 
        "name": "FUND_NAME / Share Holder Register", 
        "access": [
            1
        ], 
        "size_x": 7, 
        "size_y": 6, 
        "key": "w12b"
    }
},
{
    "pk": 38, 
    "model": "app.window", 
    "fields": {
        "layout": "v", 
        "name": "FUND_NAME / Historical Performance", 
        "access": [
            1
        ], 
        "size_x": 7, 
        "size_y": 3, 
        "key": "w1b"
    }
},
{
    "pk": 39, 
    "model": "app.window", 
    "fields": {
        "layout": "v", 
        "name": "FUND_NAME / Performance by Investment Type", 
        "access": [
            1
        ], 
        "size_x": 6, 
        "size_y": 3, 
        "key": "w4c"
    }
},
{
    "pk": 40, 
    "model": "app.window", 
    "fields": {
        "layout": "h", 
        "name": "FUND_NAME / YEAR / NAV by Investment type", 
        "access": [
            1
        ], 
        "size_x": 9, 
        "size_y": 2, 
        "key": "w9c"
    }
},
{
    "pk": 41, 
    "model": "app.window", 
    "fields": {
        "layout": "v", 
        "name": "FUND_NAME / Net movement % by Investment type", 
        "access": [
            1
        ], 
        "size_x": 7, 
        "size_y": 3, 
        "key": "w26"
    }
},
{
    "pk": 42, 
    "model": "app.window", 
    "fields": {
        "layout": "v", 
        "name": "FUND_NAME / Net movement Euro by Investment type", 
        "access": [
            1
        ], 
        "size_x": 7, 
        "size_y": 3, 
        "key": "w27"
    }
},
{
    "pk": 43, 
    "model": "app.window", 
    "fields": {
        "layout": "v", 
        "name": "FUND_NAME / YEAR / Performance by Holding", 
        "access": [
            1
        ], 
        "size_x": 6, 
        "size_y": 3, 
        "key": "w3b"
    }
},
{
    "pk": 44, 
    "model": "app.window", 
    "fields": {
        "layout": "v", 
        "name": "HOLDING_NAME / Historical Performance", 
        "access": [
            1
        ], 
        "size_x": 7, 
        "size_y": 3, 
        "key": "w77"
    }
},
{
    "pk": 45, 
    "model": "app.window", 
    "fields": {
        "layout": "v", 
        "name": "HOLDING_NAME / MTD Performance Line graph", 
        "access": [
            1
        ], 
        "size_x": 7, 
        "size_y": 3, 
        "key": "w78"
    }
},
{
    "pk": 46, 
    "model": "app.window", 
    "fields": {
        "layout": "v", 
        "name": "HOLDING_NAME / Holdings Trade Tables and Graphs", 
        "access": [
            1
        ], 
        "size_x": 7, 
        "size_y": 6, 
        "key": "w79"
    }
},
{
    "pk": 47, 
    "model": "app.window", 
    "fields": {
        "layout": "v", 
        "name": "HOLDING_NAME / Returns", 
        "access": [
            1
        ], 
        "size_x": 4, 
        "size_y": 2, 
        "key": "w81"
    }
},
{
    "pk": 48, 
    "model": "app.window", 
    "fields": {
        "layout": "v", 
        "name": "HOLDING_NAME / Best Worst Months", 
        "access": [
            1
        ], 
        "size_x": 4, 
        "size_y": 2, 
        "key": "w82"
    }
},
{
    "pk": 49, 
    "model": "app.window", 
    "fields": {
        "layout": "v", 
        "name": "HOLDING_NAME / Correlation Matrix", 
        "access": [
            1
        ], 
        "size_x": 4, 
        "size_y": 2, 
        "key": "w83"
    }
},
{
    "pk": 50, 
    "model": "app.window", 
    "fields": {
        "layout": "v", 
        "name": "HOLDING_NAME / Performance in Negative Months", 
        "access": [
            1
        ], 
        "size_x": 4, 
        "size_y": 2, 
        "key": "w84"
    }
},
{
    "pk": 51, 
    "model": "app.window", 
    "fields": {
        "layout": "v", 
        "name": "HOLDING_NAME / Historical Statistics ", 
        "access": [
            1
        ], 
        "size_x": 6, 
        "size_y": 6, 
        "key": "w80"
    }
},
{
    "pk": 52, 
    "model": "app.window", 
    "fields": {
        "layout": "v", 
        "name": "HOLDING_NAME / Return Histogram", 
        "access": [
            1
        ], 
        "size_x": 2, 
        "size_y": 2, 
        "key": "w85"
    }
},
{
    "pk": 53, 
    "model": "app.window", 
    "fields": {
        "layout": "v", 
        "name": "HOLDING_NAME / Historical NAV Table", 
        "access": [
            1
        ], 
        "size_x": 7, 
        "size_y": 3, 
        "key": "w86"
    }
},
{
    "pk": 54, 
    "model": "app.window", 
    "fields": {
        "layout": "v", 
        "name": "HOLDING_NAME / Historical weight in fund", 
        "access": [
            1
        ], 
        "size_x": 7, 
        "size_y": 3, 
        "key": "w87"
    }
},
{
    "pk": 55, 
    "model": "app.window", 
    "fields": {
        "layout": "v", 
        "name": "CLIENT_NAME / Historical Performance", 
        "access": [
            1
        ], 
        "size_x": 7, 
        "size_y": 3, 
        "key": "w32"
    }
},
{
    "pk": 56, 
    "model": "app.window", 
    "fields": {
        "layout": "v", 
        "name": "CLIENT_NAME / YEAR / Holding Performance", 
        "access": [
            1
        ], 
        "size_x": 7, 
        "size_y": 3, 
        "key": "w33"
    }
},
{
    "pk": 57, 
    "model": "app.window", 
    "fields": {
        "layout": "v", 
        "name": "CLIENT_NAME / Investment Performance", 
        "access": [
            1
        ], 
        "size_x": 7, 
        "size_y": 6, 
        "key": "w34"
    }
},
{
    "pk": 58, 
    "model": "app.window", 
    "fields": {
        "layout": "v", 
        "name": "CLIENT_NAME / Returns", 
        "access": [
            1
        ], 
        "size_x": 4, 
        "size_y": 2, 
        "key": "w39"
    }
},
{
    "pk": 60, 
    "model": "app.window", 
    "fields": {
        "layout": "v", 
        "name": "CLIENT_NAME / Best Worst", 
        "access": [
            1
        ], 
        "size_x": 4, 
        "size_y": 2, 
        "key": "w40"
    }
},
{
    "pk": 61, 
    "model": "app.window", 
    "fields": {
        "layout": "v", 
        "name": "CLIENT_NAME / Correlation Matrix", 
        "access": [
            1
        ], 
        "size_x": 4, 
        "size_y": 2, 
        "key": "w41"
    }
},
{
    "pk": 62, 
    "model": "app.window", 
    "fields": {
        "layout": "v", 
        "name": "CLIENT_NAME / Performance in Negative Months", 
        "access": [
            1
        ], 
        "size_x": 4, 
        "size_y": 2, 
        "key": "w42"
    }
},
{
    "pk": 63, 
    "model": "app.window", 
    "fields": {
        "layout": "v", 
        "name": "CLIENT_NAME / Return Histogram", 
        "access": [
            1
        ], 
        "size_x": 2, 
        "size_y": 2, 
        "key": "w43"
    }
},
{
    "pk": 64, 
    "model": "app.window", 
    "fields": {
        "layout": "v", 
        "name": "CLIENT_NAME / Historical NAV Table", 
        "access": [
            1
        ], 
        "size_x": 7, 
        "size_y": 3, 
        "key": "w44"
    }
},
{
    "pk": 65, 
    "model": "app.window", 
    "fields": {
        "layout": "v", 
        "name": "CLIENT_NAME / MONTH YEAR / Allocation NAV Bar", 
        "access": [
            1
        ], 
        "size_x": 7, 
        "size_y": 3, 
        "key": "w45"
    }
},
{
    "pk": 66, 
    "model": "app.window", 
    "fields": {
        "layout": "v", 
        "name": "CLIENT_NAME / Investment NAV", 
        "access": [
            1
        ], 
        "size_x": 7, 
        "size_y": 6, 
        "key": "w46"
    }
},
{
    "pk": 67, 
    "model": "app.window", 
    "fields": {
        "layout": "v", 
        "name": "Alpheus / Historical Performance", 
        "access": [
            1
        ], 
        "size_x": 7, 
        "size_y": 3, 
        "key": "w51"
    }
},
{
    "pk": 68, 
    "model": "app.window", 
    "fields": {
        "layout": "v", 
        "name": "FUND_NAME / YEAR /  Holding Performance", 
        "access": [
            1
        ], 
        "size_x": 8, 
        "size_y": 3, 
        "key": "w52"
    }
},
{
    "pk": 69, 
    "model": "app.window", 
    "fields": {
        "layout": "v", 
        "name": "FUND_NAME / Returns", 
        "access": [
            1
        ], 
        "size_x": 4, 
        "size_y": 2, 
        "key": "w59"
    }
},
{
    "pk": 70, 
    "model": "app.window", 
    "fields": {
        "layout": "v", 
        "name": "FUND_NAME / Best Worst Months", 
        "access": [
            1
        ], 
        "size_x": 4, 
        "size_y": 2, 
        "key": "w60"
    }
},
{
    "pk": 71, 
    "model": "app.window", 
    "fields": {
        "layout": "v", 
        "name": "FUND_NAME / Correlation Matrix", 
        "access": [
            1
        ], 
        "size_x": 4, 
        "size_y": 2, 
        "key": "w61"
    }
},
{
    "pk": 72, 
    "model": "app.window", 
    "fields": {
        "layout": "v", 
        "name": "FUND_NAME / Performance in Negative Months", 
        "access": [
            1
        ], 
        "size_x": 4, 
        "size_y": 2, 
        "key": "w62"
    }
},
{
    "pk": 73, 
    "model": "app.window", 
    "fields": {
        "layout": "v", 
        "name": "FUND_NAME / Return Histogram", 
        "access": [
            1
        ], 
        "size_x": 2, 
        "size_y": 2, 
        "key": "w63"
    }
},
{
    "pk": 74, 
    "model": "app.window", 
    "fields": {
        "layout": "v", 
        "name": "Alpheus Historical NAV Table", 
        "access": [
            1
        ], 
        "size_x": 7, 
        "size_y": 3, 
        "key": "w64"
    }
},
{
    "pk": 75, 
    "model": "app.window", 
    "fields": {
        "layout": "v", 
        "name": "Alpheus / YEAR / Allocation NAV Bar", 
        "access": [
            1
        ], 
        "size_x": 7, 
        "size_y": 3, 
        "key": "w65"
    }
},
{
    "pk": 76, 
    "model": "app.window", 
    "fields": {
        "layout": "h", 
        "name": "Alpheus / YEAR / NAV by Sector", 
        "access": [
            1
        ], 
        "size_x": 9, 
        "size_y": 2, 
        "key": "w66"
    }
},
{
    "pk": 77, 
    "model": "app.window", 
    "fields": {
        "layout": "h", 
        "name": "Alpheus / YEAR / NAV by Location", 
        "access": [
            1
        ], 
        "size_x": 9, 
        "size_y": 2, 
        "key": "w67"
    }
},
{
    "pk": 78, 
    "model": "app.window", 
    "fields": {
        "layout": "v", 
        "name": "CLIENT_NAME / Historical Statistics ", 
        "access": [
            1
        ], 
        "size_x": 6, 
        "size_y": 6, 
        "key": "w38"
    }
},
{
    "pk": 79, 
    "model": "app.window", 
    "fields": {
        "layout": "v", 
        "name": "Alpheus / YEAR / Performance by Sector", 
        "access": [
            1
        ], 
        "size_x": 6, 
        "size_y": 3, 
        "key": "w53"
    }
},
{
    "pk": 80, 
    "model": "app.window", 
    "fields": {
        "layout": "v", 
        "name": "Alpheus / YEAR / Performance by Location", 
        "access": [
            1
        ], 
        "size_x": 6, 
        "size_y": 3, 
        "key": "w54"
    }
},
{
    "pk": 82, 
    "model": "app.window", 
    "fields": {
        "layout": "v", 
        "name": "Alpheus / YEAR / Alpheus Performance by Fund", 
        "access": [
            1
        ], 
        "size_x": 6, 
        "size_y": 6, 
        "key": "w55"
    }
},
{
    "pk": 83, 
    "model": "app.window", 
    "fields": {
        "layout": "v", 
        "name": "FUND_NAME /  Foreign Currency Positions and Hedges", 
        "access": [
            1
        ], 
        "size_x": 4, 
        "size_y": 3, 
        "key": "w56"
    }
},
{
    "pk": 84, 
    "model": "app.window", 
    "fields": {
        "layout": "v", 
        "name": "FUND_NAME / Cash Positions and Hedges", 
        "access": [
            1
        ], 
        "size_x": 4, 
        "size_y": 3, 
        "key": "w57"
    }
},
{
    "pk": 85, 
    "model": "app.window", 
    "fields": {
        "layout": "v", 
        "name": "Alpheus / YEAR / NAV by Fund", 
        "access": [
            1
        ], 
        "size_x": 6, 
        "size_y": 6, 
        "key": "w68"
    }
},
{
    "pk": 86, 
    "model": "app.window", 
    "fields": {
        "layout": "v", 
        "name": "Alpheus Share Holder Register", 
        "access": [
            1
        ], 
        "size_x": 14, 
        "size_y": 6, 
        "key": "w69"
    }
},
{
    "pk": 87, 
    "model": "app.window", 
    "fields": {
        "layout": "v", 
        "name": "FUND_NAME /  Gross Assets Calculation", 
        "access": [
            1
        ], 
        "size_x": 9, 
        "size_y": 6, 
        "key": "w13"
    }
},
{
    "pk": 88, 
    "model": "app.window", 
    "fields": {
        "layout": "v", 
        "name": "Alpheus / Summary", 
        "access": [
            1
        ], 
        "size_x": 6, 
        "size_y": 5, 
        "key": "w72"
    }
},
{
    "pk": 3, 
    "model": "app.pagewindow", 
    "fields": {
        "page": 3, 
        "window": 3, 
        "size_x": 6, 
        "size_y": 3, 
        "row": 1, 
        "col": 1, 
        "user": 1
    }
},
{
    "pk": 8, 
    "model": "app.pagewindow", 
    "fields": {
        "page": 5, 
        "window": 8, 
        "size_x": 7, 
        "size_y": 3, 
        "row": 1, 
        "col": 1, 
        "user": 1
    }
},
{
    "pk": 9, 
    "model": "app.pagewindow", 
    "fields": {
        "page": 5, 
        "window": 9, 
        "size_x": 7, 
        "size_y": 2, 
        "row": 4, 
        "col": 1, 
        "user": 1
    }
},
{
    "pk": 10, 
    "model": "app.pagewindow", 
    "fields": {
        "page": 5, 
        "window": 1, 
        "size_x": 6, 
        "size_y": 6, 
        "row": 1, 
        "col": 17, 
        "user": 1
    }
},
{
    "pk": 11, 
    "model": "app.pagewindow", 
    "fields": {
        "page": 5, 
        "window": 10, 
        "size_x": 5, 
        "size_y": 2, 
        "row": 5, 
        "col": 8, 
        "user": 1
    }
},
{
    "pk": 12, 
    "model": "app.pagewindow", 
    "fields": {
        "page": 5, 
        "window": 11, 
        "size_x": 5, 
        "size_y": 2, 
        "row": 1, 
        "col": 8, 
        "user": 1
    }
},
{
    "pk": 13, 
    "model": "app.pagewindow", 
    "fields": {
        "page": 5, 
        "window": 12, 
        "size_x": 5, 
        "size_y": 2, 
        "row": 3, 
        "col": 8, 
        "user": 1
    }
},
{
    "pk": 14, 
    "model": "app.pagewindow", 
    "fields": {
        "page": 4, 
        "window": 13, 
        "size_x": 6, 
        "size_y": 6, 
        "row": 1, 
        "col": 1, 
        "user": 1
    }
},
{
    "pk": 15, 
    "model": "app.pagewindow", 
    "fields": {
        "page": 4, 
        "window": 14, 
        "size_x": 4, 
        "size_y": 3, 
        "row": 1, 
        "col": 7, 
        "user": 1
    }
},
{
    "pk": 16, 
    "model": "app.pagewindow", 
    "fields": {
        "page": 4, 
        "window": 15, 
        "size_x": 1, 
        "size_y": 1, 
        "row": 5, 
        "col": 7, 
        "user": 1
    }
},
{
    "pk": 17, 
    "model": "app.pagewindow", 
    "fields": {
        "page": 4, 
        "window": 16, 
        "size_x": 1, 
        "size_y": 1, 
        "row": 3, 
        "col": 11, 
        "user": 1
    }
},
{
    "pk": 18, 
    "model": "app.pagewindow", 
    "fields": {
        "page": 4, 
        "window": 17, 
        "size_x": 1, 
        "size_y": 1, 
        "row": 1, 
        "col": 11, 
        "user": 1
    }
},
{
    "pk": 20, 
    "model": "app.pagewindow", 
    "fields": {
        "page": 4, 
        "window": 19, 
        "size_x": 1, 
        "size_y": 1, 
        "row": 3, 
        "col": 7, 
        "user": 1
    }
},
{
    "pk": 21, 
    "model": "app.pagewindow", 
    "fields": {
        "page": 26, 
        "window": 20, 
        "size_x": 1, 
        "size_y": 1, 
        "row": 1, 
        "col": 1, 
        "user": 1
    }
},
{
    "pk": 22, 
    "model": "app.pagewindow", 
    "fields": {
        "page": 26, 
        "window": 21, 
        "size_x": 1, 
        "size_y": 1, 
        "row": 1, 
        "col": 9, 
        "user": 1
    }
},
{
    "pk": 23, 
    "model": "app.pagewindow", 
    "fields": {
        "page": 26, 
        "window": 22, 
        "size_x": 1, 
        "size_y": 1, 
        "row": 1, 
        "col": 12, 
        "user": 1
    }
},
{
    "pk": 24, 
    "model": "app.pagewindow", 
    "fields": {
        "page": 27, 
        "window": 23, 
        "size_x": 1, 
        "size_y": 1, 
        "row": 1, 
        "col": 1, 
        "user": 1
    }
},
{
    "pk": 25, 
    "model": "app.pagewindow", 
    "fields": {
        "page": 28, 
        "window": 24, 
        "size_x": 1, 
        "size_y": 1, 
        "row": 1, 
        "col": 1, 
        "user": 1
    }
},
{
    "pk": 26, 
    "model": "app.pagewindow", 
    "fields": {
        "page": 6, 
        "window": 25, 
        "size_x": 1, 
        "size_y": 1, 
        "row": 1, 
        "col": 7, 
        "user": 1
    }
},
{
    "pk": 27, 
    "model": "app.pagewindow", 
    "fields": {
        "page": 6, 
        "window": 26, 
        "size_x": 1, 
        "size_y": 1, 
        "row": 1, 
        "col": 1, 
        "user": 1
    }
},
{
    "pk": 28, 
    "model": "app.pagewindow", 
    "fields": {
        "page": 6, 
        "window": 27, 
        "size_x": 1, 
        "size_y": 1, 
        "row": 5, 
        "col": 1, 
        "user": 1
    }
},
{
    "pk": 29, 
    "model": "app.pagewindow", 
    "fields": {
        "page": 29, 
        "window": 87, 
        "size_x": 1, 
        "size_y": 1, 
        "row": 1, 
        "col": 1, 
        "user": 1
    }
},
{
    "pk": 30, 
    "model": "app.pagewindow", 
    "fields": {
        "page": 31, 
        "window": 3, 
        "size_x": 6, 
        "size_y": 3, 
        "row": 1, 
        "col": 1, 
        "user": 1
    }
},
{
    "pk": 31, 
    "model": "app.pagewindow", 
    "fields": {
        "page": 31, 
        "window": 4, 
        "size_x": 6, 
        "size_y": 3, 
        "row": 4, 
        "col": 8, 
        "user": 1
    }
},
{
    "pk": 33, 
    "model": "app.pagewindow", 
    "fields": {
        "page": 31, 
        "window": 7, 
        "size_x": 1, 
        "size_y": 1, 
        "row": 1, 
        "col": 14, 
        "user": 1
    }
},
{
    "pk": 34, 
    "model": "app.pagewindow", 
    "fields": {
        "page": 31, 
        "window": 29, 
        "size_x": 1, 
        "size_y": 1, 
        "row": 4, 
        "col": 14, 
        "user": 1
    }
},
{
    "pk": 36, 
    "model": "app.pagewindow", 
    "fields": {
        "page": 31, 
        "window": 2, 
        "size_x": 7, 
        "size_y": 3, 
        "row": 4, 
        "col": 1, 
        "user": 1
    }
},
{
    "pk": 37, 
    "model": "app.pagewindow", 
    "fields": {
        "page": 31, 
        "window": 1, 
        "size_x": 1, 
        "size_y": 1, 
        "row": 1, 
        "col": 20, 
        "user": 1
    }
},
{
    "pk": 38, 
    "model": "app.pagewindow", 
    "fields": {
        "page": 32, 
        "window": 13, 
        "size_x": 6, 
        "size_y": 6, 
        "row": 1, 
        "col": 1, 
        "user": 1
    }
},
{
    "pk": 39, 
    "model": "app.pagewindow", 
    "fields": {
        "page": 32, 
        "window": 16, 
        "size_x": 1, 
        "size_y": 1, 
        "row": 3, 
        "col": 11, 
        "user": 1
    }
},
{
    "pk": 40, 
    "model": "app.pagewindow", 
    "fields": {
        "page": 32, 
        "window": 14, 
        "size_x": 2, 
        "size_y": 1, 
        "row": 1, 
        "col": 7, 
        "user": 1
    }
},
{
    "pk": 41, 
    "model": "app.pagewindow", 
    "fields": {
        "page": 32, 
        "window": 19, 
        "size_x": 4, 
        "size_y": 1, 
        "row": 5, 
        "col": 7, 
        "user": 1
    }
},
{
    "pk": 43, 
    "model": "app.pagewindow", 
    "fields": {
        "page": 32, 
        "window": 17, 
        "size_x": 1, 
        "size_y": 1, 
        "row": 1, 
        "col": 11, 
        "user": 1
    }
},
{
    "pk": 44, 
    "model": "app.pagewindow", 
    "fields": {
        "page": 33, 
        "window": 8, 
        "size_x": 1, 
        "size_y": 1, 
        "row": 1, 
        "col": 1, 
        "user": 1
    }
},
{
    "pk": 45, 
    "model": "app.pagewindow", 
    "fields": {
        "page": 33, 
        "window": 9, 
        "size_x": 1, 
        "size_y": 1, 
        "row": 4, 
        "col": 1, 
        "user": 1
    }
},
{
    "pk": 46, 
    "model": "app.pagewindow", 
    "fields": {
        "page": 33, 
        "window": 34, 
        "size_x": 1, 
        "size_y": 1, 
        "row": 5, 
        "col": 8, 
        "user": 1
    }
},
{
    "pk": 47, 
    "model": "app.pagewindow", 
    "fields": {
        "page": 33, 
        "window": 12, 
        "size_x": 1, 
        "size_y": 1, 
        "row": 1, 
        "col": 8, 
        "user": 1
    }
},
{
    "pk": 48, 
    "model": "app.pagewindow", 
    "fields": {
        "page": 33, 
        "window": 30, 
        "size_x": 4, 
        "size_y": 1, 
        "row": 3, 
        "col": 8, 
        "user": 1
    }
},
{
    "pk": 49, 
    "model": "app.pagewindow", 
    "fields": {
        "page": 33, 
        "window": 1, 
        "size_x": 1, 
        "size_y": 1, 
        "row": 1, 
        "col": 17, 
        "user": 1
    }
},
{
    "pk": 50, 
    "model": "app.pagewindow", 
    "fields": {
        "page": 34, 
        "window": 25, 
        "size_x": 1, 
        "size_y": 1, 
        "row": 1, 
        "col": 7, 
        "user": 1
    }
},
{
    "pk": 51, 
    "model": "app.pagewindow", 
    "fields": {
        "page": 34, 
        "window": 27, 
        "size_x": 1, 
        "size_y": 1, 
        "row": 5, 
        "col": 1, 
        "user": 1
    }
},
{
    "pk": 52, 
    "model": "app.pagewindow", 
    "fields": {
        "page": 34, 
        "window": 26, 
        "size_x": 1, 
        "size_y": 1, 
        "row": 1, 
        "col": 1, 
        "user": 1
    }
},
{
    "pk": 53, 
    "model": "app.pagewindow", 
    "fields": {
        "page": 36, 
        "window": 24, 
        "size_x": 1, 
        "size_y": 1, 
        "row": 1, 
        "col": 1, 
        "user": 1
    }
},
{
    "pk": 54, 
    "model": "app.pagewindow", 
    "fields": {
        "page": 38, 
        "window": 23, 
        "size_x": 1, 
        "size_y": 1, 
        "row": 1, 
        "col": 1, 
        "user": 1
    }
},
{
    "pk": 55, 
    "model": "app.pagewindow", 
    "fields": {
        "page": 40, 
        "window": 3, 
        "size_x": 1, 
        "size_y": 1, 
        "row": 1, 
        "col": 1, 
        "user": 1
    }
},
{
    "pk": 56, 
    "model": "app.pagewindow", 
    "fields": {
        "page": 40, 
        "window": 4, 
        "size_x": 1, 
        "size_y": 1, 
        "row": 4, 
        "col": 8, 
        "user": 1
    }
},
{
    "pk": 57, 
    "model": "app.pagewindow", 
    "fields": {
        "page": 31, 
        "window": 5, 
        "size_x": 1, 
        "size_y": 1, 
        "row": 1, 
        "col": 8, 
        "user": 1
    }
},
{
    "pk": 60, 
    "model": "app.pagewindow", 
    "fields": {
        "page": 40, 
        "window": 1, 
        "size_x": 1, 
        "size_y": 1, 
        "row": 1, 
        "col": 20, 
        "user": 1
    }
},
{
    "pk": 61, 
    "model": "app.pagewindow", 
    "fields": {
        "page": 40, 
        "window": 29, 
        "size_x": 1, 
        "size_y": 1, 
        "row": 4, 
        "col": 14, 
        "user": 1
    }
},
{
    "pk": 62, 
    "model": "app.pagewindow", 
    "fields": {
        "page": 40, 
        "window": 2, 
        "size_x": 1, 
        "size_y": 1, 
        "row": 4, 
        "col": 1, 
        "user": 1
    }
},
{
    "pk": 63, 
    "model": "app.pagewindow", 
    "fields": {
        "page": 41, 
        "window": 13, 
        "size_x": 1, 
        "size_y": 1, 
        "row": 1, 
        "col": 1, 
        "user": 1
    }
},
{
    "pk": 64, 
    "model": "app.pagewindow", 
    "fields": {
        "page": 41, 
        "window": 14, 
        "size_x": 1, 
        "size_y": 1, 
        "row": 1, 
        "col": 7, 
        "user": 1
    }
},
{
    "pk": 65, 
    "model": "app.pagewindow", 
    "fields": {
        "page": 32, 
        "window": 15, 
        "size_x": 1, 
        "size_y": 1, 
        "row": 3, 
        "col": 7, 
        "user": 1
    }
},
{
    "pk": 66, 
    "model": "app.pagewindow", 
    "fields": {
        "page": 41, 
        "window": 16, 
        "size_x": 1, 
        "size_y": 1, 
        "row": 3, 
        "col": 11, 
        "user": 1
    }
},
{
    "pk": 67, 
    "model": "app.pagewindow", 
    "fields": {
        "page": 41, 
        "window": 17, 
        "size_x": 1, 
        "size_y": 1, 
        "row": 1, 
        "col": 11, 
        "user": 1
    }
},
{
    "pk": 68, 
    "model": "app.pagewindow", 
    "fields": {
        "page": 41, 
        "window": 19, 
        "size_x": 1, 
        "size_y": 1, 
        "row": 5, 
        "col": 7, 
        "user": 1
    }
},
{
    "pk": 69, 
    "model": "app.pagewindow", 
    "fields": {
        "page": 42, 
        "window": 8, 
        "size_x": 1, 
        "size_y": 1, 
        "row": 1, 
        "col": 1, 
        "user": 1
    }
},
{
    "pk": 70, 
    "model": "app.pagewindow", 
    "fields": {
        "page": 42, 
        "window": 9, 
        "size_x": 1, 
        "size_y": 1, 
        "row": 4, 
        "col": 1, 
        "user": 1
    }
},
{
    "pk": 71, 
    "model": "app.pagewindow", 
    "fields": {
        "page": 42, 
        "window": 30, 
        "size_x": 1, 
        "size_y": 1, 
        "row": 5, 
        "col": 8, 
        "user": 1
    }
},
{
    "pk": 72, 
    "model": "app.pagewindow", 
    "fields": {
        "page": 42, 
        "window": 10, 
        "size_x": 1, 
        "size_y": 1, 
        "row": 3, 
        "col": 8, 
        "user": 1
    }
},
{
    "pk": 74, 
    "model": "app.pagewindow", 
    "fields": {
        "page": 42, 
        "window": 1, 
        "size_x": 1, 
        "size_y": 1, 
        "row": 1, 
        "col": 17, 
        "user": 1
    }
},
{
    "pk": 76, 
    "model": "app.pagewindow", 
    "fields": {
        "page": 43, 
        "window": 25, 
        "size_x": 1, 
        "size_y": 1, 
        "row": 1, 
        "col": 7, 
        "user": 1
    }
},
{
    "pk": 77, 
    "model": "app.pagewindow", 
    "fields": {
        "page": 43, 
        "window": 27, 
        "size_x": 1, 
        "size_y": 1, 
        "row": 5, 
        "col": 1, 
        "user": 1
    }
},
{
    "pk": 78, 
    "model": "app.pagewindow", 
    "fields": {
        "page": 43, 
        "window": 26, 
        "size_x": 1, 
        "size_y": 1, 
        "row": 1, 
        "col": 1, 
        "user": 1
    }
},
{
    "pk": 79, 
    "model": "app.pagewindow", 
    "fields": {
        "page": 45, 
        "window": 24, 
        "size_x": 1, 
        "size_y": 1, 
        "row": 1, 
        "col": 1, 
        "user": 1
    }
},
{
    "pk": 80, 
    "model": "app.pagewindow", 
    "fields": {
        "page": 46, 
        "window": 23, 
        "size_x": 1, 
        "size_y": 1, 
        "row": 1, 
        "col": 1, 
        "user": 1
    }
},
{
    "pk": 81, 
    "model": "app.pagewindow", 
    "fields": {
        "page": 49, 
        "window": 3, 
        "size_x": 1, 
        "size_y": 1, 
        "row": 1, 
        "col": 1, 
        "user": 1
    }
},
{
    "pk": 82, 
    "model": "app.pagewindow", 
    "fields": {
        "page": 49, 
        "window": 4, 
        "size_x": 1, 
        "size_y": 1, 
        "row": 4, 
        "col": 8, 
        "user": 1
    }
},
{
    "pk": 83, 
    "model": "app.pagewindow", 
    "fields": {
        "page": 49, 
        "window": 29, 
        "size_x": 1, 
        "size_y": 1, 
        "row": 1, 
        "col": 14, 
        "user": 1
    }
},
{
    "pk": 85, 
    "model": "app.pagewindow", 
    "fields": {
        "page": 49, 
        "window": 1, 
        "size_x": 1, 
        "size_y": 1, 
        "row": 1, 
        "col": 20, 
        "user": 1
    }
},
{
    "pk": 86, 
    "model": "app.pagewindow", 
    "fields": {
        "page": 49, 
        "window": 2, 
        "size_x": 1, 
        "size_y": 1, 
        "row": 4, 
        "col": 1, 
        "user": 1
    }
},
{
    "pk": 87, 
    "model": "app.pagewindow", 
    "fields": {
        "page": 50, 
        "window": 13, 
        "size_x": 1, 
        "size_y": 1, 
        "row": 1, 
        "col": 1, 
        "user": 1
    }
},
{
    "pk": 88, 
    "model": "app.pagewindow", 
    "fields": {
        "page": 50, 
        "window": 14, 
        "size_x": 1, 
        "size_y": 1, 
        "row": 1, 
        "col": 7, 
        "user": 1
    }
},
{
    "pk": 90, 
    "model": "app.pagewindow", 
    "fields": {
        "page": 50, 
        "window": 16, 
        "size_x": 1, 
        "size_y": 1, 
        "row": 3, 
        "col": 11, 
        "user": 1
    }
},
{
    "pk": 92, 
    "model": "app.pagewindow", 
    "fields": {
        "page": 50, 
        "window": 17, 
        "size_x": 1, 
        "size_y": 1, 
        "row": 1, 
        "col": 11, 
        "user": 1
    }
},
{
    "pk": 93, 
    "model": "app.pagewindow", 
    "fields": {
        "page": 51, 
        "window": 8, 
        "size_x": 1, 
        "size_y": 1, 
        "row": 1, 
        "col": 1, 
        "user": 1
    }
},
{
    "pk": 94, 
    "model": "app.pagewindow", 
    "fields": {
        "page": 51, 
        "window": 12, 
        "size_x": 1, 
        "size_y": 1, 
        "row": 5, 
        "col": 8, 
        "user": 1
    }
},
{
    "pk": 95, 
    "model": "app.pagewindow", 
    "fields": {
        "page": 51, 
        "window": 1, 
        "size_x": 1, 
        "size_y": 1, 
        "row": 1, 
        "col": 17, 
        "user": 1
    }
},
{
    "pk": 97, 
    "model": "app.pagewindow", 
    "fields": {
        "page": 52, 
        "window": 25, 
        "size_x": 1, 
        "size_y": 1, 
        "row": 1, 
        "col": 7, 
        "user": 1
    }
},
{
    "pk": 98, 
    "model": "app.pagewindow", 
    "fields": {
        "page": 51, 
        "window": 9, 
        "size_x": 1, 
        "size_y": 1, 
        "row": 4, 
        "col": 1, 
        "user": 1
    }
},
{
    "pk": 99, 
    "model": "app.pagewindow", 
    "fields": {
        "page": 54, 
        "window": 24, 
        "size_x": 1, 
        "size_y": 1, 
        "row": 1, 
        "col": 1, 
        "user": 1
    }
},
{
    "pk": 100, 
    "model": "app.pagewindow", 
    "fields": {
        "page": 55, 
        "window": 23, 
        "size_x": 1, 
        "size_y": 1, 
        "row": 1, 
        "col": 1, 
        "user": 1
    }
},
{
    "pk": 101, 
    "model": "app.pagewindow", 
    "fields": {
        "page": 58, 
        "window": 3, 
        "size_x": 1, 
        "size_y": 1, 
        "row": 1, 
        "col": 1, 
        "user": 1
    }
},
{
    "pk": 103, 
    "model": "app.pagewindow", 
    "fields": {
        "page": 52, 
        "window": 27, 
        "size_x": 1, 
        "size_y": 1, 
        "row": 5, 
        "col": 1, 
        "user": 1
    }
},
{
    "pk": 104, 
    "model": "app.pagewindow", 
    "fields": {
        "page": 52, 
        "window": 26, 
        "size_x": 1, 
        "size_y": 1, 
        "row": 1, 
        "col": 1, 
        "user": 1
    }
},
{
    "pk": 110, 
    "model": "app.pagewindow", 
    "fields": {
        "page": 59, 
        "window": 13, 
        "size_x": 1, 
        "size_y": 1, 
        "row": 1, 
        "col": 1, 
        "user": 1
    }
},
{
    "pk": 111, 
    "model": "app.pagewindow", 
    "fields": {
        "page": 59, 
        "window": 14, 
        "size_x": 1, 
        "size_y": 1, 
        "row": 1, 
        "col": 7, 
        "user": 1
    }
},
{
    "pk": 112, 
    "model": "app.pagewindow", 
    "fields": {
        "page": 59, 
        "window": 15, 
        "size_x": 1, 
        "size_y": 1, 
        "row": 3, 
        "col": 7, 
        "user": 1
    }
},
{
    "pk": 113, 
    "model": "app.pagewindow", 
    "fields": {
        "page": 59, 
        "window": 16, 
        "size_x": 1, 
        "size_y": 1, 
        "row": 3, 
        "col": 11, 
        "user": 1
    }
},
{
    "pk": 114, 
    "model": "app.pagewindow", 
    "fields": {
        "page": 59, 
        "window": 17, 
        "size_x": 1, 
        "size_y": 1, 
        "row": 1, 
        "col": 11, 
        "user": 1
    }
},
{
    "pk": 115, 
    "model": "app.pagewindow", 
    "fields": {
        "page": 50, 
        "window": 19, 
        "size_x": 1, 
        "size_y": 1, 
        "row": 5, 
        "col": 7, 
        "user": 1
    }
},
{
    "pk": 116, 
    "model": "app.pagewindow", 
    "fields": {
        "page": 60, 
        "window": 8, 
        "size_x": 1, 
        "size_y": 1, 
        "row": 1, 
        "col": 1, 
        "user": 1
    }
},
{
    "pk": 121, 
    "model": "app.pagewindow", 
    "fields": {
        "page": 63, 
        "window": 24, 
        "size_x": 1, 
        "size_y": 1, 
        "row": 1, 
        "col": 1, 
        "user": 1
    }
},
{
    "pk": 122, 
    "model": "app.pagewindow", 
    "fields": {
        "page": 64, 
        "window": 23, 
        "size_x": 1, 
        "size_y": 1, 
        "row": 1, 
        "col": 1, 
        "user": 1
    }
},
{
    "pk": 123, 
    "model": "app.pagewindow", 
    "fields": {
        "page": 67, 
        "window": 4, 
        "size_x": 1, 
        "size_y": 1, 
        "row": 4, 
        "col": 8, 
        "user": 1
    }
},
{
    "pk": 124, 
    "model": "app.pagewindow", 
    "fields": {
        "page": 67, 
        "window": 2, 
        "size_x": 1, 
        "size_y": 1, 
        "row": 4, 
        "col": 1, 
        "user": 1
    }
},
{
    "pk": 126, 
    "model": "app.pagewindow", 
    "fields": {
        "page": 67, 
        "window": 3, 
        "size_x": 1, 
        "size_y": 1, 
        "row": 1, 
        "col": 1, 
        "user": 1
    }
},
{
    "pk": 127, 
    "model": "app.pagewindow", 
    "fields": {
        "page": 68, 
        "window": 13, 
        "size_x": 1, 
        "size_y": 1, 
        "row": 1, 
        "col": 1, 
        "user": 1
    }
},
{
    "pk": 128, 
    "model": "app.pagewindow", 
    "fields": {
        "page": 68, 
        "window": 14, 
        "size_x": 1, 
        "size_y": 1, 
        "row": 1, 
        "col": 7, 
        "user": 1
    }
},
{
    "pk": 129, 
    "model": "app.pagewindow", 
    "fields": {
        "page": 68, 
        "window": 15, 
        "size_x": 1, 
        "size_y": 1, 
        "row": 3, 
        "col": 7, 
        "user": 1
    }
},
{
    "pk": 130, 
    "model": "app.pagewindow", 
    "fields": {
        "page": 68, 
        "window": 16, 
        "size_x": 1, 
        "size_y": 1, 
        "row": 3, 
        "col": 11, 
        "user": 1
    }
},
{
    "pk": 131, 
    "model": "app.pagewindow", 
    "fields": {
        "page": 68, 
        "window": 17, 
        "size_x": 1, 
        "size_y": 1, 
        "row": 1, 
        "col": 11, 
        "user": 1
    }
},
{
    "pk": 132, 
    "model": "app.pagewindow", 
    "fields": {
        "page": 68, 
        "window": 19, 
        "size_x": 1, 
        "size_y": 1, 
        "row": 5, 
        "col": 7, 
        "user": 1
    }
},
{
    "pk": 133, 
    "model": "app.pagewindow", 
    "fields": {
        "page": 72, 
        "window": 24, 
        "size_x": 1, 
        "size_y": 1, 
        "row": 1, 
        "col": 1, 
        "user": 1
    }
},
{
    "pk": 134, 
    "model": "app.pagewindow", 
    "fields": {
        "page": 73, 
        "window": 23, 
        "size_x": 1, 
        "size_y": 1, 
        "row": 1, 
        "col": 1, 
        "user": 1
    }
},
{
    "pk": 135, 
    "model": "app.pagewindow", 
    "fields": {
        "page": 69, 
        "window": 8, 
        "size_x": 1, 
        "size_y": 1, 
        "row": 1, 
        "col": 1, 
        "user": 1
    }
},
{
    "pk": 136, 
    "model": "app.pagewindow", 
    "fields": {
        "page": 69, 
        "window": 9, 
        "size_x": 1, 
        "size_y": 1, 
        "row": 4, 
        "col": 1, 
        "user": 1
    }
},
{
    "pk": 137, 
    "model": "app.pagewindow", 
    "fields": {
        "page": 41, 
        "window": 15, 
        "size_x": 1, 
        "size_y": 1, 
        "row": 3, 
        "col": 7, 
        "user": 1
    }
},
{
    "pk": 138, 
    "model": "app.pagewindow", 
    "fields": {
        "page": 59, 
        "window": 19, 
        "size_x": 1, 
        "size_y": 1, 
        "row": 5, 
        "col": 7, 
        "user": 1
    }
},
{
    "pk": 139, 
    "model": "app.pagewindow", 
    "fields": {
        "page": 50, 
        "window": 15, 
        "size_x": 1, 
        "size_y": 1, 
        "row": 3, 
        "col": 7, 
        "user": 1
    }
},
{
    "pk": 140, 
    "model": "app.pagewindow", 
    "fields": {
        "page": 40, 
        "window": 31, 
        "size_x": 1, 
        "size_y": 1, 
        "row": 1, 
        "col": 14, 
        "user": 1
    }
},
{
    "pk": 141, 
    "model": "app.pagewindow", 
    "fields": {
        "page": 69, 
        "window": 35, 
        "size_x": 1, 
        "size_y": 1, 
        "row": 1, 
        "col": 8, 
        "user": 1
    }
},
{
    "pk": 142, 
    "model": "app.pagewindow", 
    "fields": {
        "page": 70, 
        "window": 37, 
        "size_x": 1, 
        "size_y": 1, 
        "row": 1, 
        "col": 1, 
        "user": 1
    }
},
{
    "pk": 144, 
    "model": "app.pagewindow", 
    "fields": {
        "page": 58, 
        "window": 36, 
        "size_x": 1, 
        "size_y": 1, 
        "row": 1, 
        "col": 20, 
        "user": 1
    }
},
{
    "pk": 150, 
    "model": "app.pagewindow", 
    "fields": {
        "page": 58, 
        "window": 39, 
        "size_x": 1, 
        "size_y": 1, 
        "row": 1, 
        "col": 14, 
        "user": 1
    }
},
{
    "pk": 151, 
    "model": "app.pagewindow", 
    "fields": {
        "page": 67, 
        "window": 35, 
        "size_x": 1, 
        "size_y": 1, 
        "row": 1, 
        "col": 20, 
        "user": 1
    }
},
{
    "pk": 152, 
    "model": "app.pagewindow", 
    "fields": {
        "page": 60, 
        "window": 41, 
        "size_x": 1, 
        "size_y": 1, 
        "row": 4, 
        "col": 8, 
        "user": 1
    }
},
{
    "pk": 154, 
    "model": "app.pagewindow", 
    "fields": {
        "page": 60, 
        "window": 42, 
        "size_x": 1, 
        "size_y": 1, 
        "row": 1, 
        "col": 8, 
        "user": 1
    }
},
{
    "pk": 155, 
    "model": "app.pagewindow", 
    "fields": {
        "page": 60, 
        "window": 36, 
        "size_x": 1, 
        "size_y": 1, 
        "row": 1, 
        "col": 15, 
        "user": 1
    }
},
{
    "pk": 156, 
    "model": "app.pagewindow", 
    "fields": {
        "page": 40, 
        "window": 5, 
        "size_x": 1, 
        "size_y": 1, 
        "row": 1, 
        "col": 8, 
        "user": 1
    }
},
{
    "pk": 157, 
    "model": "app.pagewindow", 
    "fields": {
        "page": 42, 
        "window": 12, 
        "size_x": 1, 
        "size_y": 1, 
        "row": 1, 
        "col": 8, 
        "user": 1
    }
},
{
    "pk": 158, 
    "model": "app.pagewindow", 
    "fields": {
        "page": 67, 
        "window": 5, 
        "size_x": 1, 
        "size_y": 1, 
        "row": 1, 
        "col": 14, 
        "user": 1
    }
},
{
    "pk": 159, 
    "model": "app.pagewindow", 
    "fields": {
        "page": 67, 
        "window": 7, 
        "size_x": 1, 
        "size_y": 1, 
        "row": 1, 
        "col": 8, 
        "user": 1
    }
},
{
    "pk": 161, 
    "model": "app.pagewindow", 
    "fields": {
        "page": 58, 
        "window": 4, 
        "size_x": 1, 
        "size_y": 1, 
        "row": 4, 
        "col": 8, 
        "user": 1
    }
},
{
    "pk": 164, 
    "model": "app.pagewindow", 
    "fields": {
        "page": 58, 
        "window": 2, 
        "size_x": 1, 
        "size_y": 1, 
        "row": 4, 
        "col": 1, 
        "user": 1
    }
},
{
    "pk": 165, 
    "model": "app.pagewindow", 
    "fields": {
        "page": 58, 
        "window": 7, 
        "size_x": 1, 
        "size_y": 1, 
        "row": 4, 
        "col": 14, 
        "user": 1
    }
},
{
    "pk": 166, 
    "model": "app.pagewindow", 
    "fields": {
        "page": 58, 
        "window": 5, 
        "size_x": 1, 
        "size_y": 1, 
        "row": 1, 
        "col": 8, 
        "user": 1
    }
},
{
    "pk": 167, 
    "model": "app.pagewindow", 
    "fields": {
        "page": 60, 
        "window": 40, 
        "size_x": 1, 
        "size_y": 1, 
        "row": 7, 
        "col": 1, 
        "user": 1
    }
},
{
    "pk": 168, 
    "model": "app.pagewindow", 
    "fields": {
        "page": 60, 
        "window": 10, 
        "size_x": 1, 
        "size_y": 1, 
        "row": 7, 
        "col": 10, 
        "user": 1
    }
},
{
    "pk": 169, 
    "model": "app.pagewindow", 
    "fields": {
        "page": 60, 
        "window": 9, 
        "size_x": 1, 
        "size_y": 1, 
        "row": 4, 
        "col": 1, 
        "user": 1
    }
},
{
    "pk": 170, 
    "model": "app.pagewindow", 
    "fields": {
        "page": 35, 
        "window": 28, 
        "size_x": 1, 
        "size_y": 1, 
        "row": 1, 
        "col": 1, 
        "user": 1
    }
},
{
    "pk": 171, 
    "model": "app.pagewindow", 
    "fields": {
        "page": 53, 
        "window": 28, 
        "size_x": 1, 
        "size_y": 1, 
        "row": 1, 
        "col": 1, 
        "user": 1
    }
},
{
    "pk": 172, 
    "model": "app.pagewindow", 
    "fields": {
        "page": 69, 
        "window": 12, 
        "size_x": 1, 
        "size_y": 1, 
        "row": 3, 
        "col": 16, 
        "user": 1
    }
},
{
    "pk": 173, 
    "model": "app.pagewindow", 
    "fields": {
        "page": 69, 
        "window": 10, 
        "size_x": 1, 
        "size_y": 1, 
        "row": 5, 
        "col": 16, 
        "user": 1
    }
},
{
    "pk": 174, 
    "model": "app.pagewindow", 
    "fields": {
        "page": 61, 
        "window": 25, 
        "size_x": 1, 
        "size_y": 1, 
        "row": 1, 
        "col": 1, 
        "user": 1
    }
},
{
    "pk": 176, 
    "model": "app.pagewindow", 
    "fields": {
        "page": 76, 
        "window": 5, 
        "size_x": 1, 
        "size_y": 1, 
        "row": 4, 
        "col": 14, 
        "user": 1
    }
},
{
    "pk": 177, 
    "model": "app.pagewindow", 
    "fields": {
        "page": 76, 
        "window": 1, 
        "size_x": 1, 
        "size_y": 1, 
        "row": 1, 
        "col": 20, 
        "user": 1
    }
},
{
    "pk": 178, 
    "model": "app.pagewindow", 
    "fields": {
        "page": 76, 
        "window": 2, 
        "size_x": 1, 
        "size_y": 1, 
        "row": 4, 
        "col": 1, 
        "user": 1
    }
},
{
    "pk": 179, 
    "model": "app.pagewindow", 
    "fields": {
        "page": 76, 
        "window": 29, 
        "size_x": 1, 
        "size_y": 1, 
        "row": 1, 
        "col": 14, 
        "user": 1
    }
},
{
    "pk": 180, 
    "model": "app.pagewindow", 
    "fields": {
        "page": 76, 
        "window": 7, 
        "size_x": 1, 
        "size_y": 1, 
        "row": 1, 
        "col": 8, 
        "user": 1
    }
},
{
    "pk": 181, 
    "model": "app.pagewindow", 
    "fields": {
        "page": 76, 
        "window": 4, 
        "size_x": 1, 
        "size_y": 1, 
        "row": 4, 
        "col": 8, 
        "user": 1
    }
},
{
    "pk": 182, 
    "model": "app.pagewindow", 
    "fields": {
        "page": 76, 
        "window": 38, 
        "size_x": 1, 
        "size_y": 1, 
        "row": 1, 
        "col": 1, 
        "user": 1
    }
},
{
    "pk": 183, 
    "model": "app.pagewindow", 
    "fields": {
        "page": 77, 
        "window": 15, 
        "size_x": 1, 
        "size_y": 1, 
        "row": 1, 
        "col": 11, 
        "user": 1
    }
},
{
    "pk": 184, 
    "model": "app.pagewindow", 
    "fields": {
        "page": 77, 
        "window": 17, 
        "size_x": 1, 
        "size_y": 1, 
        "row": 5, 
        "col": 7, 
        "user": 1
    }
},
{
    "pk": 185, 
    "model": "app.pagewindow", 
    "fields": {
        "page": 77, 
        "window": 19, 
        "size_x": 1, 
        "size_y": 1, 
        "row": 3, 
        "col": 7, 
        "user": 1
    }
},
{
    "pk": 186, 
    "model": "app.pagewindow", 
    "fields": {
        "page": 77, 
        "window": 14, 
        "size_x": 1, 
        "size_y": 1, 
        "row": 1, 
        "col": 7, 
        "user": 1
    }
},
{
    "pk": 188, 
    "model": "app.pagewindow", 
    "fields": {
        "page": 77, 
        "window": 16, 
        "size_x": 1, 
        "size_y": 1, 
        "row": 3, 
        "col": 11, 
        "user": 1
    }
},
{
    "pk": 189, 
    "model": "app.pagewindow", 
    "fields": {
        "page": 77, 
        "window": 13, 
        "size_x": 1, 
        "size_y": 1, 
        "row": 1, 
        "col": 1, 
        "user": 1
    }
},
{
    "pk": 190, 
    "model": "app.pagewindow", 
    "fields": {
        "page": 78, 
        "window": 1, 
        "size_x": 1, 
        "size_y": 1, 
        "row": 1, 
        "col": 17, 
        "user": 1
    }
},
{
    "pk": 191, 
    "model": "app.pagewindow", 
    "fields": {
        "page": 78, 
        "window": 30, 
        "size_x": 1, 
        "size_y": 1, 
        "row": 3, 
        "col": 8, 
        "user": 1
    }
},
{
    "pk": 192, 
    "model": "app.pagewindow", 
    "fields": {
        "page": 78, 
        "window": 12, 
        "size_x": 1, 
        "size_y": 1, 
        "row": 5, 
        "col": 8, 
        "user": 1
    }
},
{
    "pk": 193, 
    "model": "app.pagewindow", 
    "fields": {
        "page": 78, 
        "window": 34, 
        "size_x": 1, 
        "size_y": 1, 
        "row": 1, 
        "col": 8, 
        "user": 1
    }
},
{
    "pk": 194, 
    "model": "app.pagewindow", 
    "fields": {
        "page": 78, 
        "window": 9, 
        "size_x": 1, 
        "size_y": 1, 
        "row": 4, 
        "col": 1, 
        "user": 1
    }
},
{
    "pk": 195, 
    "model": "app.pagewindow", 
    "fields": {
        "page": 78, 
        "window": 8, 
        "size_x": 1, 
        "size_y": 1, 
        "row": 1, 
        "col": 1, 
        "user": 1
    }
},
{
    "pk": 196, 
    "model": "app.pagewindow", 
    "fields": {
        "page": 79, 
        "window": 26, 
        "size_x": 1, 
        "size_y": 1, 
        "row": 3, 
        "col": 1, 
        "user": 1
    }
},
{
    "pk": 197, 
    "model": "app.pagewindow", 
    "fields": {
        "page": 79, 
        "window": 27, 
        "size_x": 1, 
        "size_y": 1, 
        "row": 1, 
        "col": 1, 
        "user": 1
    }
},
{
    "pk": 198, 
    "model": "app.pagewindow", 
    "fields": {
        "page": 79, 
        "window": 25, 
        "size_x": 1, 
        "size_y": 1, 
        "row": 1, 
        "col": 7, 
        "user": 1
    }
},
{
    "pk": 199, 
    "model": "app.pagewindow", 
    "fields": {
        "page": 80, 
        "window": 32, 
        "size_x": 1, 
        "size_y": 1, 
        "row": 1, 
        "col": 1, 
        "user": 1
    }
},
{
    "pk": 200, 
    "model": "app.pagewindow", 
    "fields": {
        "page": 81, 
        "window": 24, 
        "size_x": 1, 
        "size_y": 1, 
        "row": 1, 
        "col": 1, 
        "user": 1
    }
},
{
    "pk": 201, 
    "model": "app.pagewindow", 
    "fields": {
        "page": 82, 
        "window": 23, 
        "size_x": 1, 
        "size_y": 1, 
        "row": 1, 
        "col": 1, 
        "user": 1
    }
},
{
    "pk": 208, 
    "model": "app.pagewindow", 
    "fields": {
        "page": 94, 
        "window": 38, 
        "size_x": 1, 
        "size_y": 1, 
        "row": 1, 
        "col": 1, 
        "user": 1
    }
},
{
    "pk": 209, 
    "model": "app.pagewindow", 
    "fields": {
        "page": 88, 
        "window": 15, 
        "size_x": 1, 
        "size_y": 1, 
        "row": 5, 
        "col": 7, 
        "user": 1
    }
},
{
    "pk": 210, 
    "model": "app.pagewindow", 
    "fields": {
        "page": 88, 
        "window": 19, 
        "size_x": 1, 
        "size_y": 1, 
        "row": 3, 
        "col": 7, 
        "user": 1
    }
},
{
    "pk": 211, 
    "model": "app.pagewindow", 
    "fields": {
        "page": 88, 
        "window": 17, 
        "size_x": 1, 
        "size_y": 1, 
        "row": 1, 
        "col": 11, 
        "user": 1
    }
},
{
    "pk": 212, 
    "model": "app.pagewindow", 
    "fields": {
        "page": 88, 
        "window": 16, 
        "size_x": 1, 
        "size_y": 1, 
        "row": 3, 
        "col": 11, 
        "user": 1
    }
},
{
    "pk": 214, 
    "model": "app.pagewindow", 
    "fields": {
        "page": 88, 
        "window": 13, 
        "size_x": 1, 
        "size_y": 1, 
        "row": 1, 
        "col": 1, 
        "user": 1
    }
},
{
    "pk": 215, 
    "model": "app.pagewindow", 
    "fields": {
        "page": 89, 
        "window": 12, 
        "size_x": 1, 
        "size_y": 1, 
        "row": 3, 
        "col": 8, 
        "user": 1
    }
},
{
    "pk": 216, 
    "model": "app.pagewindow", 
    "fields": {
        "page": 89, 
        "window": 1, 
        "size_x": 1, 
        "size_y": 1, 
        "row": 1, 
        "col": 17, 
        "user": 1
    }
},
{
    "pk": 217, 
    "model": "app.pagewindow", 
    "fields": {
        "page": 89, 
        "window": 10, 
        "size_x": 1, 
        "size_y": 1, 
        "row": 5, 
        "col": 8, 
        "user": 1
    }
},
{
    "pk": 218, 
    "model": "app.pagewindow", 
    "fields": {
        "page": 89, 
        "window": 30, 
        "size_x": 1, 
        "size_y": 1, 
        "row": 1, 
        "col": 8, 
        "user": 1
    }
},
{
    "pk": 219, 
    "model": "app.pagewindow", 
    "fields": {
        "page": 89, 
        "window": 9, 
        "size_x": 1, 
        "size_y": 1, 
        "row": 4, 
        "col": 1, 
        "user": 1
    }
},
{
    "pk": 220, 
    "model": "app.pagewindow", 
    "fields": {
        "page": 89, 
        "window": 8, 
        "size_x": 1, 
        "size_y": 1, 
        "row": 1, 
        "col": 1, 
        "user": 1
    }
},
{
    "pk": 221, 
    "model": "app.pagewindow", 
    "fields": {
        "page": 90, 
        "window": 26, 
        "size_x": 1, 
        "size_y": 1, 
        "row": 1, 
        "col": 1, 
        "user": 1
    }
},
{
    "pk": 222, 
    "model": "app.pagewindow", 
    "fields": {
        "page": 90, 
        "window": 27, 
        "size_x": 1, 
        "size_y": 1, 
        "row": 5, 
        "col": 1, 
        "user": 1
    }
},
{
    "pk": 223, 
    "model": "app.pagewindow", 
    "fields": {
        "page": 90, 
        "window": 25, 
        "size_x": 1, 
        "size_y": 1, 
        "row": 1, 
        "col": 7, 
        "user": 1
    }
},
{
    "pk": 224, 
    "model": "app.pagewindow", 
    "fields": {
        "page": 91, 
        "window": 24, 
        "size_x": 1, 
        "size_y": 1, 
        "row": 1, 
        "col": 1, 
        "user": 1
    }
},
{
    "pk": 225, 
    "model": "app.pagewindow", 
    "fields": {
        "page": 92, 
        "window": 23, 
        "size_x": 1, 
        "size_y": 1, 
        "row": 1, 
        "col": 1, 
        "user": 1
    }
},
{
    "pk": 226, 
    "model": "app.pagewindow", 
    "fields": {
        "page": 94, 
        "window": 5, 
        "size_x": 1, 
        "size_y": 1, 
        "row": 1, 
        "col": 14, 
        "user": 1
    }
},
{
    "pk": 227, 
    "model": "app.pagewindow", 
    "fields": {
        "page": 94, 
        "window": 31, 
        "size_x": 1, 
        "size_y": 1, 
        "row": 4, 
        "col": 14, 
        "user": 1
    }
},
{
    "pk": 228, 
    "model": "app.pagewindow", 
    "fields": {
        "page": 94, 
        "window": 2, 
        "size_x": 1, 
        "size_y": 1, 
        "row": 4, 
        "col": 1, 
        "user": 1
    }
},
{
    "pk": 229, 
    "model": "app.pagewindow", 
    "fields": {
        "page": 94, 
        "window": 29, 
        "size_x": 1, 
        "size_y": 1, 
        "row": 4, 
        "col": 8, 
        "user": 1
    }
},
{
    "pk": 230, 
    "model": "app.pagewindow", 
    "fields": {
        "page": 94, 
        "window": 1, 
        "size_x": 1, 
        "size_y": 1, 
        "row": 1, 
        "col": 20, 
        "user": 1
    }
},
{
    "pk": 231, 
    "model": "app.pagewindow", 
    "fields": {
        "page": 94, 
        "window": 4, 
        "size_x": 1, 
        "size_y": 1, 
        "row": 1, 
        "col": 8, 
        "user": 1
    }
},
{
    "pk": 232, 
    "model": "app.pagewindow", 
    "fields": {
        "page": 87, 
        "window": 38, 
        "size_x": 1, 
        "size_y": 1, 
        "row": 1, 
        "col": 1, 
        "user": 1
    }
},
{
    "pk": 233, 
    "model": "app.pagewindow", 
    "fields": {
        "page": 95, 
        "window": 15, 
        "size_x": 1, 
        "size_y": 1, 
        "row": 5, 
        "col": 7, 
        "user": 1
    }
},
{
    "pk": 234, 
    "model": "app.pagewindow", 
    "fields": {
        "page": 95, 
        "window": 19, 
        "size_x": 1, 
        "size_y": 1, 
        "row": 3, 
        "col": 7, 
        "user": 1
    }
},
{
    "pk": 235, 
    "model": "app.pagewindow", 
    "fields": {
        "page": 95, 
        "window": 17, 
        "size_x": 1, 
        "size_y": 1, 
        "row": 1, 
        "col": 11, 
        "user": 1
    }
},
{
    "pk": 236, 
    "model": "app.pagewindow", 
    "fields": {
        "page": 95, 
        "window": 16, 
        "size_x": 1, 
        "size_y": 1, 
        "row": 3, 
        "col": 11, 
        "user": 1
    }
},
{
    "pk": 237, 
    "model": "app.pagewindow", 
    "fields": {
        "page": 88, 
        "window": 14, 
        "size_x": 1, 
        "size_y": 1, 
        "row": 1, 
        "col": 7, 
        "user": 1
    }
},
{
    "pk": 238, 
    "model": "app.pagewindow", 
    "fields": {
        "page": 95, 
        "window": 13, 
        "size_x": 1, 
        "size_y": 1, 
        "row": 1, 
        "col": 1, 
        "user": 1
    }
},
{
    "pk": 239, 
    "model": "app.pagewindow", 
    "fields": {
        "page": 96, 
        "window": 12, 
        "size_x": 1, 
        "size_y": 1, 
        "row": 5, 
        "col": 8, 
        "user": 1
    }
},
{
    "pk": 240, 
    "model": "app.pagewindow", 
    "fields": {
        "page": 96, 
        "window": 1, 
        "size_x": 1, 
        "size_y": 1, 
        "row": 1, 
        "col": 17, 
        "user": 1
    }
},
{
    "pk": 241, 
    "model": "app.pagewindow", 
    "fields": {
        "page": 96, 
        "window": 10, 
        "size_x": 1, 
        "size_y": 1, 
        "row": 3, 
        "col": 8, 
        "user": 1
    }
},
{
    "pk": 242, 
    "model": "app.pagewindow", 
    "fields": {
        "page": 96, 
        "window": 30, 
        "size_x": 1, 
        "size_y": 1, 
        "row": 1, 
        "col": 8, 
        "user": 1
    }
},
{
    "pk": 243, 
    "model": "app.pagewindow", 
    "fields": {
        "page": 96, 
        "window": 9, 
        "size_x": 1, 
        "size_y": 1, 
        "row": 4, 
        "col": 1, 
        "user": 1
    }
},
{
    "pk": 244, 
    "model": "app.pagewindow", 
    "fields": {
        "page": 96, 
        "window": 8, 
        "size_x": 1, 
        "size_y": 1, 
        "row": 1, 
        "col": 1, 
        "user": 1
    }
},
{
    "pk": 245, 
    "model": "app.pagewindow", 
    "fields": {
        "page": 97, 
        "window": 25, 
        "size_x": 1, 
        "size_y": 1, 
        "row": 1, 
        "col": 1, 
        "user": 1
    }
},
{
    "pk": 246, 
    "model": "app.pagewindow", 
    "fields": {
        "page": 97, 
        "window": 26, 
        "size_x": 1, 
        "size_y": 1, 
        "row": 1, 
        "col": 1, 
        "user": 1
    }
},
{
    "pk": 247, 
    "model": "app.pagewindow", 
    "fields": {
        "page": 97, 
        "window": 27, 
        "size_x": 1, 
        "size_y": 1, 
        "row": 1, 
        "col": 1, 
        "user": 1
    }
},
{
    "pk": 248, 
    "model": "app.pagewindow", 
    "fields": {
        "page": 98, 
        "window": 24, 
        "size_x": 1, 
        "size_y": 1, 
        "row": 1, 
        "col": 1, 
        "user": 1
    }
},
{
    "pk": 249, 
    "model": "app.pagewindow", 
    "fields": {
        "page": 99, 
        "window": 23, 
        "size_x": 1, 
        "size_y": 1, 
        "row": 1, 
        "col": 1, 
        "user": 1
    }
},
{
    "pk": 250, 
    "model": "app.pagewindow", 
    "fields": {
        "page": 101, 
        "window": 5, 
        "size_x": 1, 
        "size_y": 1, 
        "row": 4, 
        "col": 14, 
        "user": 1
    }
},
{
    "pk": 251, 
    "model": "app.pagewindow", 
    "fields": {
        "page": 101, 
        "window": 31, 
        "size_x": 1, 
        "size_y": 1, 
        "row": 1, 
        "col": 14, 
        "user": 1
    }
},
{
    "pk": 252, 
    "model": "app.pagewindow", 
    "fields": {
        "page": 101, 
        "window": 2, 
        "size_x": 1, 
        "size_y": 1, 
        "row": 4, 
        "col": 1, 
        "user": 1
    }
},
{
    "pk": 253, 
    "model": "app.pagewindow", 
    "fields": {
        "page": 101, 
        "window": 29, 
        "size_x": 1, 
        "size_y": 1, 
        "row": 4, 
        "col": 8, 
        "user": 1
    }
},
{
    "pk": 254, 
    "model": "app.pagewindow", 
    "fields": {
        "page": 101, 
        "window": 1, 
        "size_x": 1, 
        "size_y": 1, 
        "row": 1, 
        "col": 20, 
        "user": 1
    }
},
{
    "pk": 255, 
    "model": "app.pagewindow", 
    "fields": {
        "page": 101, 
        "window": 4, 
        "size_x": 1, 
        "size_y": 1, 
        "row": 1, 
        "col": 8, 
        "user": 1
    }
},
{
    "pk": 256, 
    "model": "app.pagewindow", 
    "fields": {
        "page": 101, 
        "window": 38, 
        "size_x": 1, 
        "size_y": 1, 
        "row": 1, 
        "col": 1, 
        "user": 1
    }
},
{
    "pk": 257, 
    "model": "app.pagewindow", 
    "fields": {
        "page": 102, 
        "window": 15, 
        "size_x": 1, 
        "size_y": 1, 
        "row": 5, 
        "col": 7, 
        "user": 1
    }
},
{
    "pk": 258, 
    "model": "app.pagewindow", 
    "fields": {
        "page": 102, 
        "window": 19, 
        "size_x": 1, 
        "size_y": 1, 
        "row": 3, 
        "col": 7, 
        "user": 1
    }
},
{
    "pk": 259, 
    "model": "app.pagewindow", 
    "fields": {
        "page": 102, 
        "window": 17, 
        "size_x": 1, 
        "size_y": 1, 
        "row": 1, 
        "col": 11, 
        "user": 1
    }
},
{
    "pk": 260, 
    "model": "app.pagewindow", 
    "fields": {
        "page": 102, 
        "window": 16, 
        "size_x": 1, 
        "size_y": 1, 
        "row": 3, 
        "col": 11, 
        "user": 1
    }
},
{
    "pk": 261, 
    "model": "app.pagewindow", 
    "fields": {
        "page": 102, 
        "window": 14, 
        "size_x": 1, 
        "size_y": 1, 
        "row": 1, 
        "col": 7, 
        "user": 1
    }
},
{
    "pk": 262, 
    "model": "app.pagewindow", 
    "fields": {
        "page": 102, 
        "window": 13, 
        "size_x": 1, 
        "size_y": 1, 
        "row": 1, 
        "col": 1, 
        "user": 1
    }
},
{
    "pk": 263, 
    "model": "app.pagewindow", 
    "fields": {
        "page": 103, 
        "window": 12, 
        "size_x": 1, 
        "size_y": 1, 
        "row": 5, 
        "col": 8, 
        "user": 1
    }
},
{
    "pk": 264, 
    "model": "app.pagewindow", 
    "fields": {
        "page": 103, 
        "window": 1, 
        "size_x": 1, 
        "size_y": 1, 
        "row": 1, 
        "col": 17, 
        "user": 1
    }
},
{
    "pk": 265, 
    "model": "app.pagewindow", 
    "fields": {
        "page": 103, 
        "window": 10, 
        "size_x": 1, 
        "size_y": 1, 
        "row": 3, 
        "col": 8, 
        "user": 1
    }
},
{
    "pk": 267, 
    "model": "app.pagewindow", 
    "fields": {
        "page": 103, 
        "window": 9, 
        "size_x": 1, 
        "size_y": 1, 
        "row": 4, 
        "col": 1, 
        "user": 1
    }
},
{
    "pk": 268, 
    "model": "app.pagewindow", 
    "fields": {
        "page": 103, 
        "window": 8, 
        "size_x": 1, 
        "size_y": 1, 
        "row": 1, 
        "col": 1, 
        "user": 1
    }
},
{
    "pk": 269, 
    "model": "app.pagewindow", 
    "fields": {
        "page": 104, 
        "window": 25, 
        "size_x": 1, 
        "size_y": 1, 
        "row": 1, 
        "col": 7, 
        "user": 1
    }
},
{
    "pk": 270, 
    "model": "app.pagewindow", 
    "fields": {
        "page": 104, 
        "window": 26, 
        "size_x": 1, 
        "size_y": 1, 
        "row": 1, 
        "col": 1, 
        "user": 1
    }
},
{
    "pk": 271, 
    "model": "app.pagewindow", 
    "fields": {
        "page": 104, 
        "window": 27, 
        "size_x": 1, 
        "size_y": 1, 
        "row": 5, 
        "col": 1, 
        "user": 1
    }
},
{
    "pk": 272, 
    "model": "app.pagewindow", 
    "fields": {
        "page": 105, 
        "window": 24, 
        "size_x": 1, 
        "size_y": 1, 
        "row": 1, 
        "col": 1, 
        "user": 1
    }
},
{
    "pk": 273, 
    "model": "app.pagewindow", 
    "fields": {
        "page": 106, 
        "window": 23, 
        "size_x": 1, 
        "size_y": 1, 
        "row": 1, 
        "col": 1, 
        "user": 1
    }
},
{
    "pk": 274, 
    "model": "app.pagewindow", 
    "fields": {
        "page": 44, 
        "window": 28, 
        "size_x": 1, 
        "size_y": 1, 
        "row": 1, 
        "col": 1, 
        "user": 1
    }
},
{
    "pk": 275, 
    "model": "app.pagewindow", 
    "fields": {
        "page": 95, 
        "window": 14, 
        "size_x": 1, 
        "size_y": 1, 
        "row": 1, 
        "col": 7, 
        "user": 1
    }
},
{
    "pk": 276, 
    "model": "app.pagewindow", 
    "fields": {
        "page": 103, 
        "window": 30, 
        "size_x": 1, 
        "size_y": 1, 
        "row": 1, 
        "col": 8, 
        "user": 1
    }
},
{
    "pk": 277, 
    "model": "app.pagewindow", 
    "fields": {
        "page": 110, 
        "window": 33, 
        "size_x": 1, 
        "size_y": 1, 
        "row": 1, 
        "col": 1, 
        "user": 1
    }
},
{
    "pk": 278, 
    "model": "app.pagewindow", 
    "fields": {
        "page": 108, 
        "window": 33, 
        "size_x": 1, 
        "size_y": 1, 
        "row": 1, 
        "col": 1, 
        "user": 1
    }
},
{
    "pk": 279, 
    "model": "app.pagewindow", 
    "fields": {
        "page": 69, 
        "window": 34, 
        "size_x": 1, 
        "size_y": 1, 
        "row": 1, 
        "col": 16, 
        "user": 1
    }
},
{
    "pk": 280, 
    "model": "app.pagewindow", 
    "fields": {
        "page": 51, 
        "window": 34, 
        "size_x": 1, 
        "size_y": 1, 
        "row": 3, 
        "col": 8, 
        "user": 1
    }
},
{
    "pk": 281, 
    "model": "app.pagewindow", 
    "fields": {
        "page": 49, 
        "window": 43, 
        "size_x": 1, 
        "size_y": 1, 
        "row": 1, 
        "col": 8, 
        "user": 1
    }
},
{
    "pk": 283, 
    "model": "app.pagewindow", 
    "fields": {
        "page": 14, 
        "window": 2, 
        "size_x": 1, 
        "size_y": 1, 
        "row": 4, 
        "col": 1, 
        "user": 1
    }
},
{
    "pk": 285, 
    "model": "app.pagewindow", 
    "fields": {
        "page": 112, 
        "window": 44, 
        "size_x": 1, 
        "size_y": 1, 
        "row": 4, 
        "col": 1, 
        "user": 1
    }
},
{
    "pk": 286, 
    "model": "app.pagewindow", 
    "fields": {
        "page": 112, 
        "window": 45, 
        "size_x": 1, 
        "size_y": 1, 
        "row": 1, 
        "col": 1, 
        "user": 1
    }
},
{
    "pk": 287, 
    "model": "app.pagewindow", 
    "fields": {
        "page": 112, 
        "window": 46, 
        "size_x": 1, 
        "size_y": 1, 
        "row": 1, 
        "col": 8, 
        "user": 1
    }
},
{
    "pk": 288, 
    "model": "app.pagewindow", 
    "fields": {
        "page": 113, 
        "window": 47, 
        "size_x": 1, 
        "size_y": 1, 
        "row": 1, 
        "col": 7, 
        "user": 1
    }
},
{
    "pk": 289, 
    "model": "app.pagewindow", 
    "fields": {
        "page": 113, 
        "window": 48, 
        "size_x": 1, 
        "size_y": 1, 
        "row": 5, 
        "col": 7, 
        "user": 1
    }
},
{
    "pk": 290, 
    "model": "app.pagewindow", 
    "fields": {
        "page": 113, 
        "window": 49, 
        "size_x": 1, 
        "size_y": 1, 
        "row": 1, 
        "col": 11, 
        "user": 1
    }
},
{
    "pk": 291, 
    "model": "app.pagewindow", 
    "fields": {
        "page": 113, 
        "window": 50, 
        "size_x": 1, 
        "size_y": 1, 
        "row": 3, 
        "col": 7, 
        "user": 1
    }
},
{
    "pk": 292, 
    "model": "app.pagewindow", 
    "fields": {
        "page": 113, 
        "window": 51, 
        "size_x": 1, 
        "size_y": 1, 
        "row": 1, 
        "col": 1, 
        "user": 1
    }
},
{
    "pk": 293, 
    "model": "app.pagewindow", 
    "fields": {
        "page": 113, 
        "window": 52, 
        "size_x": 1, 
        "size_y": 1, 
        "row": 3, 
        "col": 11, 
        "user": 1
    }
},
{
    "pk": 294, 
    "model": "app.pagewindow", 
    "fields": {
        "page": 114, 
        "window": 53, 
        "size_x": 1, 
        "size_y": 1, 
        "row": 1, 
        "col": 1, 
        "user": 1
    }
},
{
    "pk": 295, 
    "model": "app.pagewindow", 
    "fields": {
        "page": 114, 
        "window": 54, 
        "size_x": 1, 
        "size_y": 1, 
        "row": 1, 
        "col": 1, 
        "user": 1
    }
},
{
    "pk": 296, 
    "model": "app.pagewindow", 
    "fields": {
        "page": 114, 
        "window": 46, 
        "size_x": 1, 
        "size_y": 1, 
        "row": 1, 
        "col": 1, 
        "user": 1
    }
},
{
    "pk": 297, 
    "model": "app.pagewindow", 
    "fields": {
        "page": 10, 
        "window": 55, 
        "size_x": 1, 
        "size_y": 1, 
        "row": 4, 
        "col": 1, 
        "user": 1
    }
},
{
    "pk": 298, 
    "model": "app.pagewindow", 
    "fields": {
        "page": 10, 
        "window": 56, 
        "size_x": 1, 
        "size_y": 1, 
        "row": 1, 
        "col": 1, 
        "user": 1
    }
},
{
    "pk": 299, 
    "model": "app.pagewindow", 
    "fields": {
        "page": 10, 
        "window": 57, 
        "size_x": 1, 
        "size_y": 1, 
        "row": 1, 
        "col": 8, 
        "user": 1
    }
},
{
    "pk": 301, 
    "model": "app.pagewindow", 
    "fields": {
        "page": 11, 
        "window": 58, 
        "size_x": 1, 
        "size_y": 1, 
        "row": 1, 
        "col": 8, 
        "user": 1
    }
},
{
    "pk": 302, 
    "model": "app.pagewindow", 
    "fields": {
        "page": 11, 
        "window": 60, 
        "size_x": 1, 
        "size_y": 1, 
        "row": 5, 
        "col": 8, 
        "user": 1
    }
},
{
    "pk": 303, 
    "model": "app.pagewindow", 
    "fields": {
        "page": 11, 
        "window": 61, 
        "size_x": 1, 
        "size_y": 1, 
        "row": 3, 
        "col": 8, 
        "user": 1
    }
},
{
    "pk": 304, 
    "model": "app.pagewindow", 
    "fields": {
        "page": 11, 
        "window": 62, 
        "size_x": 1, 
        "size_y": 1, 
        "row": 1, 
        "col": 12, 
        "user": 1
    }
},
{
    "pk": 305, 
    "model": "app.pagewindow", 
    "fields": {
        "page": 11, 
        "window": 63, 
        "size_x": 2, 
        "size_y": 2, 
        "row": 3, 
        "col": 12, 
        "user": 1
    }
},
{
    "pk": 306, 
    "model": "app.pagewindow", 
    "fields": {
        "page": 12, 
        "window": 64, 
        "size_x": 7, 
        "size_y": 3, 
        "row": 4, 
        "col": 1, 
        "user": 1
    }
},
{
    "pk": 307, 
    "model": "app.pagewindow", 
    "fields": {
        "page": 12, 
        "window": 65, 
        "size_x": 1, 
        "size_y": 1, 
        "row": 1, 
        "col": 1, 
        "user": 1
    }
},
{
    "pk": 308, 
    "model": "app.pagewindow", 
    "fields": {
        "page": 12, 
        "window": 66, 
        "size_x": 1, 
        "size_y": 1, 
        "row": 1, 
        "col": 8, 
        "user": 1
    }
},
{
    "pk": 309, 
    "model": "app.pagewindow", 
    "fields": {
        "page": 14, 
        "window": 67, 
        "size_x": 1, 
        "size_y": 1, 
        "row": 1, 
        "col": 1, 
        "user": 1
    }
},
{
    "pk": 310, 
    "model": "app.pagewindow", 
    "fields": {
        "page": 14, 
        "window": 68, 
        "size_x": 1, 
        "size_y": 1, 
        "row": 1, 
        "col": 8, 
        "user": 1
    }
},
{
    "pk": 311, 
    "model": "app.pagewindow", 
    "fields": {
        "page": 15, 
        "window": 69, 
        "size_x": 1, 
        "size_y": 1, 
        "row": 1, 
        "col": 7, 
        "user": 1
    }
},
{
    "pk": 312, 
    "model": "app.pagewindow", 
    "fields": {
        "page": 15, 
        "window": 70, 
        "size_x": 1, 
        "size_y": 1, 
        "row": 5, 
        "col": 7, 
        "user": 1
    }
},
{
    "pk": 313, 
    "model": "app.pagewindow", 
    "fields": {
        "page": 15, 
        "window": 71, 
        "size_x": 1, 
        "size_y": 1, 
        "row": 1, 
        "col": 11, 
        "user": 1
    }
},
{
    "pk": 314, 
    "model": "app.pagewindow", 
    "fields": {
        "page": 15, 
        "window": 72, 
        "size_x": 1, 
        "size_y": 1, 
        "row": 3, 
        "col": 7, 
        "user": 1
    }
},
{
    "pk": 315, 
    "model": "app.pagewindow", 
    "fields": {
        "page": 15, 
        "window": 73, 
        "size_x": 1, 
        "size_y": 1, 
        "row": 3, 
        "col": 11, 
        "user": 1
    }
},
{
    "pk": 316, 
    "model": "app.pagewindow", 
    "fields": {
        "page": 16, 
        "window": 74, 
        "size_x": 1, 
        "size_y": 1, 
        "row": 1, 
        "col": 1, 
        "user": 1
    }
},
{
    "pk": 317, 
    "model": "app.pagewindow", 
    "fields": {
        "page": 16, 
        "window": 75, 
        "size_x": 1, 
        "size_y": 1, 
        "row": 4, 
        "col": 1, 
        "user": 1
    }
},
{
    "pk": 318, 
    "model": "app.pagewindow", 
    "fields": {
        "page": 16, 
        "window": 76, 
        "size_x": 1, 
        "size_y": 1, 
        "row": 3, 
        "col": 8, 
        "user": 1
    }
},
{
    "pk": 319, 
    "model": "app.pagewindow", 
    "fields": {
        "page": 16, 
        "window": 77, 
        "size_x": 1, 
        "size_y": 1, 
        "row": 1, 
        "col": 8, 
        "user": 1
    }
},
{
    "pk": 320, 
    "model": "app.pagewindow", 
    "fields": {
        "page": 51, 
        "window": 30, 
        "size_x": 1, 
        "size_y": 1, 
        "row": 1, 
        "col": 8, 
        "user": 1
    }
},
{
    "pk": 321, 
    "model": "app.pagewindow", 
    "fields": {
        "page": 11, 
        "window": 78, 
        "size_x": 1, 
        "size_y": 1, 
        "row": 1, 
        "col": 1, 
        "user": 1
    }
},
{
    "pk": 322, 
    "model": "app.pagewindow", 
    "fields": {
        "page": 14, 
        "window": 79, 
        "size_x": 1, 
        "size_y": 1, 
        "row": 1, 
        "col": 22, 
        "user": 1
    }
},
{
    "pk": 324, 
    "model": "app.pagewindow", 
    "fields": {
        "page": 14, 
        "window": 80, 
        "size_x": 1, 
        "size_y": 1, 
        "row": 4, 
        "col": 22, 
        "user": 1
    }
},
{
    "pk": 325, 
    "model": "app.pagewindow", 
    "fields": {
        "page": 14, 
        "window": 82, 
        "size_x": 1, 
        "size_y": 1, 
        "row": 1, 
        "col": 16, 
        "user": 1
    }
},
{
    "pk": 326, 
    "model": "app.pagewindow", 
    "fields": {
        "page": 14, 
        "window": 84, 
        "size_x": 1, 
        "size_y": 1, 
        "row": 4, 
        "col": 8, 
        "user": 1
    }
},
{
    "pk": 327, 
    "model": "app.pagewindow", 
    "fields": {
        "page": 14, 
        "window": 83, 
        "size_x": 1, 
        "size_y": 1, 
        "row": 4, 
        "col": 12, 
        "user": 1
    }
},
{
    "pk": 328, 
    "model": "app.pagewindow", 
    "fields": {
        "page": 15, 
        "window": 13, 
        "size_x": 1, 
        "size_y": 1, 
        "row": 1, 
        "col": 1, 
        "user": 1
    }
},
{
    "pk": 329, 
    "model": "app.pagewindow", 
    "fields": {
        "page": 16, 
        "window": 85, 
        "size_x": 1, 
        "size_y": 1, 
        "row": 1, 
        "col": 17, 
        "user": 1
    }
},
{
    "pk": 330, 
    "model": "app.pagewindow", 
    "fields": {
        "page": 17, 
        "window": 86, 
        "size_x": 1, 
        "size_y": 1, 
        "row": 1, 
        "col": 1, 
        "user": 1
    }
},
{
    "pk": 331, 
    "model": "app.pagewindow", 
    "fields": {
        "page": 18, 
        "window": 28, 
        "size_x": 1, 
        "size_y": 1, 
        "row": 1, 
        "col": 1, 
        "user": 1
    }
},
{
    "pk": 332, 
    "model": "app.pagewindow", 
    "fields": {
        "page": 19, 
        "window": 23, 
        "size_x": 1, 
        "size_y": 1, 
        "row": 1, 
        "col": 1, 
        "user": 1
    }
},
{
    "pk": 333, 
    "model": "app.pagewindow", 
    "fields": {
        "page": 3, 
        "window": 2, 
        "size_x": 1, 
        "size_y": 1, 
        "row": 1, 
        "col": 8, 
        "user": 1
    }
},
{
    "pk": 334, 
    "model": "app.pagewindow", 
    "fields": {
        "page": 76, 
        "window": 2, 
        "size_x": 1, 
        "size_y": 1, 
        "row": 1, 
        "col": 9, 
        "user": 1
    }
},
{
    "pk": 335, 
    "model": "app.pagewindow", 
    "fields": {
        "page": 87, 
        "window": 2, 
        "size_x": 1, 
        "size_y": 1, 
        "row": 1, 
        "col": 8, 
        "user": 1
    }
},
{
    "pk": 3, 
    "model": "app.menu", 
    "fields": {
        "rght": 10, 
        "name": "Funds", 
        "parent": null, 
        "fund": null, 
        "level": 0, 
        "access": [
            1
        ], 
        "lft": 1, 
        "tree_id": 7, 
        "page": null
    }
},
{
    "pk": 20, 
    "model": "app.menu", 
    "fields": {
        "rght": 2, 
        "name": "Overview", 
        "parent": null, 
        "fund": null, 
        "level": 0, 
        "access": [
            1
        ], 
        "lft": 1, 
        "tree_id": 4, 
        "page": 14
    }
},
{
    "pk": 21, 
    "model": "app.menu", 
    "fields": {
        "rght": 6, 
        "name": "Clients", 
        "parent": null, 
        "fund": null, 
        "level": 0, 
        "access": [
            1
        ], 
        "lft": 1, 
        "tree_id": 8, 
        "page": null
    }
},
{
    "pk": 22, 
    "model": "app.menu", 
    "fields": {
        "rght": 2, 
        "name": "HR", 
        "parent": null, 
        "fund": null, 
        "level": 0, 
        "access": [
            1
        ], 
        "lft": 1, 
        "tree_id": 16, 
        "page": null
    }
},
{
    "pk": 23, 
    "model": "app.menu", 
    "fields": {
        "rght": 2, 
        "name": "Accounts", 
        "parent": null, 
        "fund": null, 
        "level": 0, 
        "access": [
            1
        ], 
        "lft": 1, 
        "tree_id": 15, 
        "page": null
    }
},
{
    "pk": 24, 
    "model": "app.menu", 
    "fields": {
        "rght": 116, 
        "name": "Input Forms", 
        "parent": null, 
        "fund": null, 
        "level": 0, 
        "access": [
            4, 
            3, 
            2, 
            1
        ], 
        "lft": 1, 
        "tree_id": 10, 
        "page": null
    }
},
{
    "pk": 25, 
    "model": "app.menu", 
    "fields": {
        "rght": 5, 
        "name": "Clients A - E", 
        "parent": 21, 
        "fund": null, 
        "level": 1, 
        "access": [
            1
        ], 
        "lft": 2, 
        "tree_id": 8, 
        "page": null
    }
},
{
    "pk": 31, 
    "model": "app.menu", 
    "fields": {
        "rght": 4, 
        "name": "Surname, First Name", 
        "parent": 25, 
        "fund": null, 
        "level": 2, 
        "access": [
            1
        ], 
        "lft": 3, 
        "tree_id": 8, 
        "page": null
    }
},
{
    "pk": 70, 
    "model": "app.menu", 
    "fields": {
        "rght": 3, 
        "name": "Gale L", 
        "parent": 3, 
        "fund": null, 
        "level": 1, 
        "access": [
            1
        ], 
        "lft": 2, 
        "tree_id": 7, 
        "page": 3
    }
},
{
    "pk": 77, 
    "model": "app.menu", 
    "fields": {
        "rght": 2, 
        "name": "Holding Pages", 
        "parent": null, 
        "fund": null, 
        "level": 0, 
        "access": [
            1
        ], 
        "lft": 1, 
        "tree_id": 17, 
        "page": 112
    }
},
{
    "pk": 96, 
    "model": "app.menu", 
    "fields": {
        "rght": 27, 
        "name": "Fund", 
        "parent": 24, 
        "fund": null, 
        "level": 1, 
        "access": [
            4, 
            3, 
            2, 
            1
        ], 
        "lft": 14, 
        "tree_id": 10, 
        "page": null
    }
},
{
    "pk": 97, 
    "model": "app.menu", 
    "fields": {
        "rght": 16, 
        "name": "Subscription Redemption", 
        "parent": 96, 
        "fund": null, 
        "level": 2, 
        "access": [
            1, 
            3, 
            4
        ], 
        "lft": 15, 
        "tree_id": 10, 
        "page": null
    }
},
{
    "pk": 98, 
    "model": "app.menu", 
    "fields": {
        "rght": 18, 
        "name": "Custodian", 
        "parent": 96, 
        "fund": null, 
        "level": 2, 
        "access": [
            1, 
            3, 
            4
        ], 
        "lft": 17, 
        "tree_id": 10, 
        "page": null
    }
},
{
    "pk": 99, 
    "model": "app.menu", 
    "fields": {
        "rght": 20, 
        "name": "Auditor", 
        "parent": 96, 
        "fund": null, 
        "level": 2, 
        "access": [
            1, 
            3, 
            4
        ], 
        "lft": 19, 
        "tree_id": 10, 
        "page": null
    }
},
{
    "pk": 100, 
    "model": "app.menu", 
    "fields": {
        "rght": 22, 
        "name": "Administrator", 
        "parent": 96, 
        "fund": null, 
        "level": 2, 
        "access": [
            1, 
            3, 
            4
        ], 
        "lft": 21, 
        "tree_id": 10, 
        "page": null
    }
},
{
    "pk": 101, 
    "model": "app.menu", 
    "fields": {
        "rght": 24, 
        "name": "Classification", 
        "parent": 96, 
        "fund": null, 
        "level": 2, 
        "access": [
            1, 
            3, 
            4
        ], 
        "lft": 23, 
        "tree_id": 10, 
        "page": null
    }
},
{
    "pk": 102, 
    "model": "app.menu", 
    "fields": {
        "rght": 26, 
        "name": "Performance Estimate", 
        "parent": 96, 
        "fund": null, 
        "level": 2, 
        "access": [
            4, 
            3, 
            2, 
            1
        ], 
        "lft": 25, 
        "tree_id": 10, 
        "page": null
    }
},
{
    "pk": 103, 
    "model": "app.menu", 
    "fields": {
        "rght": 61, 
        "name": "Holding", 
        "parent": 24, 
        "fund": null, 
        "level": 1, 
        "access": [
            4, 
            3, 
            2, 
            1
        ], 
        "lft": 28, 
        "tree_id": 10, 
        "page": null
    }
},
{
    "pk": 104, 
    "model": "app.menu", 
    "fields": {
        "rght": 42, 
        "name": "Fund", 
        "parent": 103, 
        "fund": null, 
        "level": 2, 
        "access": [
            4, 
            3, 
            2, 
            1
        ], 
        "lft": 29, 
        "tree_id": 10, 
        "page": null
    }
},
{
    "pk": 105, 
    "model": "app.menu", 
    "fields": {
        "rght": 33, 
        "name": "Equity", 
        "parent": 104, 
        "fund": null, 
        "level": 3, 
        "access": [
            4, 
            3, 
            2, 
            1
        ], 
        "lft": 32, 
        "tree_id": 10, 
        "page": null
    }
},
{
    "pk": 106, 
    "model": "app.menu", 
    "fields": {
        "rght": 35, 
        "name": "Option", 
        "parent": 104, 
        "fund": null, 
        "level": 3, 
        "access": [
            4, 
            3, 
            2, 
            1
        ], 
        "lft": 34, 
        "tree_id": 10, 
        "page": null
    }
},
{
    "pk": 107, 
    "model": "app.menu", 
    "fields": {
        "rght": 37, 
        "name": "Fixed Income", 
        "parent": 104, 
        "fund": null, 
        "level": 3, 
        "access": [
            4, 
            3, 
            2, 
            1
        ], 
        "lft": 36, 
        "tree_id": 10, 
        "page": null
    }
},
{
    "pk": 108, 
    "model": "app.menu", 
    "fields": {
        "rght": 41, 
        "name": "Side Pockets", 
        "parent": 104, 
        "fund": null, 
        "level": 3, 
        "access": [
            4, 
            3, 
            2, 
            1
        ], 
        "lft": 40, 
        "tree_id": 10, 
        "page": null
    }
},
{
    "pk": 109, 
    "model": "app.menu", 
    "fields": {
        "rght": 39, 
        "name": "Private Equity", 
        "parent": 104, 
        "fund": null, 
        "level": 3, 
        "access": [
            4, 
            3, 
            2, 
            1
        ], 
        "lft": 38, 
        "tree_id": 10, 
        "page": null
    }
},
{
    "pk": 110, 
    "model": "app.menu", 
    "fields": {
        "rght": 58, 
        "name": "Holding Category", 
        "parent": 103, 
        "fund": null, 
        "level": 2, 
        "access": [
            4
        ], 
        "lft": 57, 
        "tree_id": 10, 
        "page": null
    }
},
{
    "pk": 111, 
    "model": "app.menu", 
    "fields": {
        "rght": 60, 
        "name": "Performance Estimate", 
        "parent": 103, 
        "fund": null, 
        "level": 2, 
        "access": [
            4
        ], 
        "lft": 59, 
        "tree_id": 10, 
        "page": null
    }
},
{
    "pk": 112, 
    "model": "app.menu", 
    "fields": {
        "rght": 31, 
        "name": "Fund", 
        "parent": 104, 
        "fund": null, 
        "level": 3, 
        "access": [
            4, 
            3, 
            2, 
            1
        ], 
        "lft": 30, 
        "tree_id": 10, 
        "page": null
    }
},
{
    "pk": 113, 
    "model": "app.menu", 
    "fields": {
        "rght": 56, 
        "name": "Client", 
        "parent": 103, 
        "fund": null, 
        "level": 2, 
        "access": [
            4, 
            3, 
            2, 
            1
        ], 
        "lft": 43, 
        "tree_id": 10, 
        "page": null
    }
},
{
    "pk": 114, 
    "model": "app.menu", 
    "fields": {
        "rght": 45, 
        "name": "Fund", 
        "parent": 113, 
        "fund": null, 
        "level": 3, 
        "access": [
            4, 
            3, 
            2, 
            1
        ], 
        "lft": 44, 
        "tree_id": 10, 
        "page": null
    }
},
{
    "pk": 115, 
    "model": "app.menu", 
    "fields": {
        "rght": 47, 
        "name": "Equity", 
        "parent": 113, 
        "fund": null, 
        "level": 3, 
        "access": [
            4, 
            3, 
            2, 
            1
        ], 
        "lft": 46, 
        "tree_id": 10, 
        "page": null
    }
},
{
    "pk": 116, 
    "model": "app.menu", 
    "fields": {
        "rght": 49, 
        "name": "Option", 
        "parent": 113, 
        "fund": null, 
        "level": 3, 
        "access": [
            4, 
            3, 
            2, 
            1
        ], 
        "lft": 48, 
        "tree_id": 10, 
        "page": null
    }
},
{
    "pk": 117, 
    "model": "app.menu", 
    "fields": {
        "rght": 51, 
        "name": "Fixed Income", 
        "parent": 113, 
        "fund": null, 
        "level": 3, 
        "access": [
            4, 
            3, 
            2, 
            1
        ], 
        "lft": 50, 
        "tree_id": 10, 
        "page": null
    }
},
{
    "pk": 118, 
    "model": "app.menu", 
    "fields": {
        "rght": 53, 
        "name": "Side Pockets", 
        "parent": 113, 
        "fund": null, 
        "level": 3, 
        "access": [
            4, 
            3, 
            2, 
            1
        ], 
        "lft": 52, 
        "tree_id": 10, 
        "page": null
    }
},
{
    "pk": 119, 
    "model": "app.menu", 
    "fields": {
        "rght": 55, 
        "name": "Private Equity", 
        "parent": 113, 
        "fund": null, 
        "level": 3, 
        "access": [
            4, 
            3, 
            2, 
            1
        ], 
        "lft": 54, 
        "tree_id": 10, 
        "page": null
    }
},
{
    "pk": 120, 
    "model": "app.menu", 
    "fields": {
        "rght": 93, 
        "name": "Trade", 
        "parent": 24, 
        "fund": null, 
        "level": 1, 
        "access": [
            4, 
            3, 
            2, 
            1
        ], 
        "lft": 62, 
        "tree_id": 10, 
        "page": null
    }
},
{
    "pk": 121, 
    "model": "app.menu", 
    "fields": {
        "rght": 74, 
        "name": "Fund", 
        "parent": 120, 
        "fund": null, 
        "level": 2, 
        "access": [
            4, 
            3, 
            2, 
            1
        ], 
        "lft": 63, 
        "tree_id": 10, 
        "page": null
    }
},
{
    "pk": 122, 
    "model": "app.menu", 
    "fields": {
        "rght": 65, 
        "name": "Fund", 
        "parent": 121, 
        "fund": null, 
        "level": 3, 
        "access": [
            4, 
            3, 
            2, 
            1
        ], 
        "lft": 64, 
        "tree_id": 10, 
        "page": null
    }
},
{
    "pk": 123, 
    "model": "app.menu", 
    "fields": {
        "rght": 67, 
        "name": "Equity", 
        "parent": 121, 
        "fund": null, 
        "level": 3, 
        "access": [
            4, 
            3, 
            2, 
            1
        ], 
        "lft": 66, 
        "tree_id": 10, 
        "page": null
    }
},
{
    "pk": 124, 
    "model": "app.menu", 
    "fields": {
        "rght": 69, 
        "name": "Option", 
        "parent": 121, 
        "fund": null, 
        "level": 3, 
        "access": [
            4, 
            3, 
            2, 
            1
        ], 
        "lft": 68, 
        "tree_id": 10, 
        "page": null
    }
},
{
    "pk": 125, 
    "model": "app.menu", 
    "fields": {
        "rght": 71, 
        "name": "Fixed Income", 
        "parent": 121, 
        "fund": null, 
        "level": 3, 
        "access": [
            4, 
            3, 
            2, 
            1
        ], 
        "lft": 70, 
        "tree_id": 10, 
        "page": null
    }
},
{
    "pk": 126, 
    "model": "app.menu", 
    "fields": {
        "rght": 73, 
        "name": "Side Pockets", 
        "parent": 121, 
        "fund": null, 
        "level": 3, 
        "access": [
            4, 
            3, 
            2, 
            1
        ], 
        "lft": 72, 
        "tree_id": 10, 
        "page": null
    }
},
{
    "pk": 127, 
    "model": "app.menu", 
    "fields": {
        "rght": 88, 
        "name": "Client", 
        "parent": 120, 
        "fund": null, 
        "level": 2, 
        "access": [
            4, 
            3, 
            2, 
            1
        ], 
        "lft": 75, 
        "tree_id": 10, 
        "page": null
    }
},
{
    "pk": 128, 
    "model": "app.menu", 
    "fields": {
        "rght": 77, 
        "name": "Fund", 
        "parent": 127, 
        "fund": null, 
        "level": 3, 
        "access": [
            4, 
            3, 
            2, 
            1
        ], 
        "lft": 76, 
        "tree_id": 10, 
        "page": null
    }
},
{
    "pk": 129, 
    "model": "app.menu", 
    "fields": {
        "rght": 79, 
        "name": "Equity", 
        "parent": 127, 
        "fund": null, 
        "level": 3, 
        "access": [
            4, 
            3, 
            2, 
            1
        ], 
        "lft": 78, 
        "tree_id": 10, 
        "page": null
    }
},
{
    "pk": 130, 
    "model": "app.menu", 
    "fields": {
        "rght": 81, 
        "name": "Option", 
        "parent": 127, 
        "fund": null, 
        "level": 3, 
        "access": [
            4, 
            3, 
            2, 
            1
        ], 
        "lft": 80, 
        "tree_id": 10, 
        "page": null
    }
},
{
    "pk": 131, 
    "model": "app.menu", 
    "fields": {
        "rght": 83, 
        "name": "Fixed Income", 
        "parent": 127, 
        "fund": null, 
        "level": 3, 
        "access": [
            4, 
            3, 
            2, 
            1
        ], 
        "lft": 82, 
        "tree_id": 10, 
        "page": null
    }
},
{
    "pk": 132, 
    "model": "app.menu", 
    "fields": {
        "rght": 85, 
        "name": "Side Pockets", 
        "parent": 127, 
        "fund": null, 
        "level": 3, 
        "access": [
            1, 
            3, 
            4
        ], 
        "lft": 84, 
        "tree_id": 10, 
        "page": null
    }
},
{
    "pk": 133, 
    "model": "app.menu", 
    "fields": {
        "rght": 87, 
        "name": "Private Equity", 
        "parent": 127, 
        "fund": null, 
        "level": 3, 
        "access": [
            4, 
            3, 
            2, 
            1
        ], 
        "lft": 86, 
        "tree_id": 10, 
        "page": null
    }
},
{
    "pk": 134, 
    "model": "app.menu", 
    "fields": {
        "rght": 90, 
        "name": "Counterparty", 
        "parent": 120, 
        "fund": null, 
        "level": 2, 
        "access": [
            4
        ], 
        "lft": 89, 
        "tree_id": 10, 
        "page": null
    }
},
{
    "pk": 135, 
    "model": "app.menu", 
    "fields": {
        "rght": 92, 
        "name": "Counterparty Trader", 
        "parent": 120, 
        "fund": null, 
        "level": 2, 
        "access": [
            4
        ], 
        "lft": 91, 
        "tree_id": 10, 
        "page": null
    }
},
{
    "pk": 136, 
    "model": "app.menu", 
    "fields": {
        "rght": 95, 
        "name": "Benchmark", 
        "parent": 24, 
        "fund": null, 
        "level": 1, 
        "access": [
            1, 
            3, 
            4
        ], 
        "lft": 94, 
        "tree_id": 10, 
        "page": null
    }
},
{
    "pk": 137, 
    "model": "app.menu", 
    "fields": {
        "rght": 97, 
        "name": "Benchmark Performance", 
        "parent": 24, 
        "fund": null, 
        "level": 1, 
        "access": [
            1, 
            3, 
            4
        ], 
        "lft": 96, 
        "tree_id": 10, 
        "page": null
    }
},
{
    "pk": 138, 
    "model": "app.menu", 
    "fields": {
        "rght": 99, 
        "name": "Peer", 
        "parent": 24, 
        "fund": null, 
        "level": 1, 
        "access": [
            1, 
            3, 
            4
        ], 
        "lft": 98, 
        "tree_id": 10, 
        "page": null
    }
},
{
    "pk": 139, 
    "model": "app.menu", 
    "fields": {
        "rght": 101, 
        "name": "Peer Performance", 
        "parent": 24, 
        "fund": null, 
        "level": 1, 
        "access": [
            1, 
            3, 
            4
        ], 
        "lft": 100, 
        "tree_id": 10, 
        "page": null
    }
},
{
    "pk": 140, 
    "model": "app.menu", 
    "fields": {
        "rght": 103, 
        "name": "Client", 
        "parent": 24, 
        "fund": null, 
        "level": 1, 
        "access": [
            1, 
            3, 
            4
        ], 
        "lft": 102, 
        "tree_id": 10, 
        "page": null
    }
},
{
    "pk": 141, 
    "model": "app.menu", 
    "fields": {
        "rght": 105, 
        "name": "Country", 
        "parent": 24, 
        "fund": null, 
        "level": 1, 
        "access": [
            1, 
            3, 
            4
        ], 
        "lft": 104, 
        "tree_id": 10, 
        "page": null
    }
},
{
    "pk": 142, 
    "model": "app.menu", 
    "fields": {
        "rght": 107, 
        "name": "Currency", 
        "parent": 24, 
        "fund": null, 
        "level": 1, 
        "access": [
            1, 
            3, 
            4
        ], 
        "lft": 106, 
        "tree_id": 10, 
        "page": null
    }
},
{
    "pk": 143, 
    "model": "app.menu", 
    "fields": {
        "rght": 109, 
        "name": "FX Hedge", 
        "parent": 24, 
        "fund": null, 
        "level": 1, 
        "access": [
            1, 
            3, 
            4
        ], 
        "lft": 108, 
        "tree_id": 10, 
        "page": null
    }
},
{
    "pk": 144, 
    "model": "app.menu", 
    "fields": {
        "rght": 111, 
        "name": "Deposit", 
        "parent": 24, 
        "fund": null, 
        "level": 1, 
        "access": [
            1, 
            3, 
            4
        ], 
        "lft": 110, 
        "tree_id": 10, 
        "page": null
    }
},
{
    "pk": 145, 
    "model": "app.menu", 
    "fields": {
        "rght": 113, 
        "name": "User", 
        "parent": 24, 
        "fund": null, 
        "level": 1, 
        "access": [
            4
        ], 
        "lft": 112, 
        "tree_id": 10, 
        "page": null
    }
},
{
    "pk": 147, 
    "model": "app.menu", 
    "fields": {
        "rght": 115, 
        "name": "Groups", 
        "parent": 24, 
        "fund": null, 
        "level": 1, 
        "access": [
            4
        ], 
        "lft": 114, 
        "tree_id": 10, 
        "page": null
    }
},
{
    "pk": 148, 
    "model": "app.menu", 
    "fields": {
        "rght": 9, 
        "name": "CS Equity", 
        "parent": 3, 
        "fund": null, 
        "level": 1, 
        "access": [
            1
        ], 
        "lft": 8, 
        "tree_id": 7, 
        "page": 87
    }
}
]
