[
    {
        "pk": 43,
        "model": "contenttypes.contenttype",
        "fields": {
            "model": "alarm",
            "name": "alarm",
            "app_label": "app"
        }
    },
    {
        "pk": 8,
        "model": "contenttypes.contenttype",
        "fields": {
            "model": "apiaccess",
            "name": "api access",
            "app_label": "tastypie"
        }
    },
    {
        "pk": 9,
        "model": "contenttypes.contenttype",
        "fields": {
            "model": "apikey",
            "name": "api key",
            "app_label": "tastypie"
        }
    },
    {
        "pk": 44,
        "model": "contenttypes.contenttype",
        "fields": {
            "model": "benchmark",
            "name": "benchmark",
            "app_label": "app"
        }
    },
    {
        "pk": 22,
        "model": "contenttypes.contenttype",
        "fields": {
            "model": "client",
            "name": "client",
            "app_label": "app"
        }
    },
    {
        "pk": 4,
        "model": "contenttypes.contenttype",
        "fields": {
            "model": "contenttype",
            "name": "content type",
            "app_label": "contenttypes"
        }
    },
    {
        "pk": 33,
        "model": "contenttypes.contenttype",
        "fields": {
            "model": "counterparty",
            "name": "counter party",
            "app_label": "app"
        }
    },
    {
        "pk": 25,
        "model": "contenttypes.contenttype",
        "fields": {
            "model": "country",
            "name": "country",
            "app_label": "app"
        }
    },
    {
        "pk": 24,
        "model": "contenttypes.contenttype",
        "fields": {
            "model": "currency",
            "name": "currency",
            "app_label": "app"
        }
    },
    {
        "pk": 45,
        "model": "contenttypes.contenttype",
        "fields": {
            "model": "entry",
            "name": "entry",
            "app_label": "api_example"
        }
    },
    {
        "pk": 31,
        "model": "contenttypes.contenttype",
        "fields": {
            "model": "expense",
            "name": "expense",
            "app_label": "app"
        }
    },
    {
        "pk": 29,
        "model": "contenttypes.contenttype",
        "fields": {
            "model": "fee",
            "name": "fee",
            "app_label": "app"
        }
    },
    {
        "pk": 17,
        "model": "contenttypes.contenttype",
        "fields": {
            "model": "fund",
            "name": "fund",
            "app_label": "app"
        }
    },
    {
        "pk": 18,
        "model": "contenttypes.contenttype",
        "fields": {
            "model": "fundbench",
            "name": "fund bench",
            "app_label": "app"
        }
    },
    {
        "pk": 19,
        "model": "contenttypes.contenttype",
        "fields": {
            "model": "fundbenchhist",
            "name": "fund bench hist",
            "app_label": "app"
        }
    },
    {
        "pk": 42,
        "model": "contenttypes.contenttype",
        "fields": {
            "model": "fundperf",
            "name": "fund perf",
            "app_label": "app"
        }
    },
    {
        "pk": 41,
        "model": "contenttypes.contenttype",
        "fields": {
            "model": "fundperfmonth",
            "name": "fund perf month",
            "app_label": "app"
        }
    },
    {
        "pk": 40,
        "model": "contenttypes.contenttype",
        "fields": {
            "model": "fundperfyear",
            "name": "fund perf year",
            "app_label": "app"
        }
    },
    {
        "pk": 16,
        "model": "contenttypes.contenttype",
        "fields": {
            "model": "fundtype",
            "name": "fund type",
            "app_label": "app"
        }
    },
    {
        "pk": 2,
        "model": "contenttypes.contenttype",
        "fields": {
            "model": "group",
            "name": "group",
            "app_label": "auth"
        }
    },
    {
        "pk": 23,
        "model": "contenttypes.contenttype",
        "fields": {
            "model": "historicclient",
            "name": "historic client",
            "app_label": "app"
        }
    },
    {
        "pk": 21,
        "model": "contenttypes.contenttype",
        "fields": {
            "model": "historicfund",
            "name": "historic fund",
            "app_label": "app"
        }
    },
    {
        "pk": 32,
        "model": "contenttypes.contenttype",
        "fields": {
            "model": "historicalexpense",
            "name": "historical expense",
            "app_label": "app"
        }
    },
    {
        "pk": 30,
        "model": "contenttypes.contenttype",
        "fields": {
            "model": "historicalfee",
            "name": "historical fee",
            "app_label": "app"
        }
    },
    {
        "pk": 39,
        "model": "contenttypes.contenttype",
        "fields": {
            "model": "holdperf",
            "name": "hold perf",
            "app_label": "app"
        }
    },
    {
        "pk": 38,
        "model": "contenttypes.contenttype",
        "fields": {
            "model": "holdperfmonth",
            "name": "hold perf month",
            "app_label": "app"
        }
    },
    {
        "pk": 37,
        "model": "contenttypes.contenttype",
        "fields": {
            "model": "holdperfyear",
            "name": "hold perf year",
            "app_label": "app"
        }
    },
    {
        "pk": 34,
        "model": "contenttypes.contenttype",
        "fields": {
            "model": "holding",
            "name": "holding",
            "app_label": "app"
        }
    },
    {
        "pk": 35,
        "model": "contenttypes.contenttype",
        "fields": {
            "model": "holdingcategory",
            "name": "holding category",
            "app_label": "app"
        }
    },
    {
        "pk": 36,
        "model": "contenttypes.contenttype",
        "fields": {
            "model": "holdingtype",
            "name": "holding type",
            "app_label": "app"
        }
    },
    {
        "pk": 7,
        "model": "contenttypes.contenttype",
        "fields": {
            "model": "logentry",
            "name": "log entry",
            "app_label": "admin"
        }
    },
    {
        "pk": 20,
        "model": "contenttypes.contenttype",
        "fields": {
            "model": "menu",
            "name": "menu",
            "app_label": "app"
        }
    },
    {
        "pk": 14,
        "model": "contenttypes.contenttype",
        "fields": {
            "model": "page",
            "name": "page",
            "app_label": "app"
        }
    },
    {
        "pk": 1,
        "model": "contenttypes.contenttype",
        "fields": {
            "model": "permission",
            "name": "permission",
            "app_label": "auth"
        }
    },
    {
        "pk": 27,
        "model": "contenttypes.contenttype",
        "fields": {
            "model": "purchasesale",
            "name": "purchase sale",
            "app_label": "app"
        }
    },
    {
        "pk": 5,
        "model": "contenttypes.contenttype",
        "fields": {
            "model": "session",
            "name": "session",
            "app_label": "sessions"
        }
    },
    {
        "pk": 6,
        "model": "contenttypes.contenttype",
        "fields": {
            "model": "site",
            "name": "site",
            "app_label": "sites"
        }
    },
    {
        "pk": 28,
        "model": "contenttypes.contenttype",
        "fields": {
            "model": "trade",
            "name": "trade",
            "app_label": "app"
        }
    },
    {
        "pk": 26,
        "model": "contenttypes.contenttype",
        "fields": {
            "model": "tradetype",
            "name": "trade type",
            "app_label": "app"
        }
    },
    {
        "pk": 3,
        "model": "contenttypes.contenttype",
        "fields": {
            "model": "user",
            "name": "user",
            "app_label": "auth"
        }
    },
    {
        "pk": 13,
        "model": "contenttypes.contenttype",
        "fields": {
            "model": "widget",
            "name": "widget",
            "app_label": "app"
        }
    },
    {
        "pk": 12,
        "model": "contenttypes.contenttype",
        "fields": {
            "model": "widgetparam",
            "name": "widget param",
            "app_label": "app"
        }
    },
    {
        "pk": 11,
        "model": "contenttypes.contenttype",
        "fields": {
            "model": "widgettype",
            "name": "widget type",
            "app_label": "app"
        }
    },
    {
        "pk": 10,
        "model": "contenttypes.contenttype",
        "fields": {
            "model": "window",
            "name": "window",
            "app_label": "app"
        }
    },
    {
        "pk": 15,
        "model": "contenttypes.contenttype",
        "fields": {
            "model": "pagewindow",
            "name": "Window on page",
            "app_label": "app"
        }
    },
    {
        "pk": "71154bd3b4722382fa1e9a30de3fa040",
        "model": "sessions.session",
        "fields": {
            "expire_date": "2013-06-11T17:56:35Z",
            "session_data": "ZjIxNzE1NmJjNGMxM2IxZWI0ODllZDViMTFjMjI2YjI0MDI5NzUzYTqAAn1xAShVEl9hdXRoX3Vz\nZXJfYmFja2VuZHECVSlkamFuZ28uY29udHJpYi5hdXRoLmJhY2tlbmRzLk1vZGVsQmFja2VuZHED\nVQ1fYXV0aF91c2VyX2lkcQSKAQF1Lg==\n"
        }
    },
    {
        "pk": "89ea90996ed0c40ef52be998335fac61",
        "model": "sessions.session",
        "fields": {
            "expire_date": "2013-06-11T15:29:29Z",
            "session_data": "ZjIxNzE1NmJjNGMxM2IxZWI0ODllZDViMTFjMjI2YjI0MDI5NzUzYTqAAn1xAShVEl9hdXRoX3Vz\nZXJfYmFja2VuZHECVSlkamFuZ28uY29udHJpYi5hdXRoLmJhY2tlbmRzLk1vZGVsQmFja2VuZHED\nVQ1fYXV0aF91c2VyX2lkcQSKAQF1Lg==\n"
        }
    },
    {
        "pk": 1,
        "model": "sites.site",
        "fields": {
            "domain": "example.com",
            "name": "example.com"
        }
    },
    {
        "pk": 1,
        "model": "app.widgettype",
        "fields": {
            "name": "Pie Chart",
            "key": "pie_chart"
        }
    },
    {
        "pk": 2,
        "model": "app.widgettype",
        "fields": {
            "name": "Data Table",
            "key": "data_table"
        }
    },
    {
        "pk": 3,
        "model": "app.widgettype",
        "fields": {
            "name": "Graph",
            "key": "graph"
        }
    },
    {
        "pk": 4,
        "model": "app.widgettype",
        "fields": {
            "name": "Bar Chart",
            "key": "bar_chart"
        }
    },
    {
        "pk": 5,
        "model": "app.widgettype",
        "fields": {
            "name": "Month Table",
            "key": "month_table"
        }
    },
    {
        "pk": 6,
        "model": "app.widgettype",
        "fields": {
            "name": "Data Table with Sub Table",
            "key": "data_table_sub"
        }
    },
    {
        "pk": 7,
        "model": "app.widgettype",
        "fields": {
            "name": "Line Bar Graph",
            "key": "line_bar_chart"
        }
    },
    {
        "pk": 8,
        "model": "app.widgettype",
        "fields": {
            "name": "Line Chart",
            "key": "line_chart"
        }
    },
    {
        "pk": 9,
        "model": "app.widgettype",
        "fields": {
            "name": "Euro Percent Table",
            "key": "euro_percent_table"
        }
    },
    {
        "pk": 1,
        "model": "app.widgetparam",
        "fields": {
            "value": "FUND",
            "key": "fund"
        }
    },
    {
        "pk": 2,
        "model": "app.widgetparam",
        "fields": {
            "value": "Identifier",
            "key": "identifier"
        }
    },
    {
        "pk": 3,
        "model": "app.widgetparam",
        "fields": {
            "value": "FUND",
            "key": "funds"
        }
    },
    {
        "pk": 4,
        "model": "app.widgetparam",
        "fields": {
            "value": "weight",
            "key": "order_by"
        }
    },
    {
        "pk": 5,
        "model": "app.widgetparam",
        "fields": {
            "value": "DATE",
            "key": "date"
        }
    },
    {
        "pk": 6,
        "model": "app.widgetparam",
        "fields": {
            "value": "YEAR",
            "key": "year"
        }
    },
    {
        "pk": 7,
        "model": "app.widgetparam",
        "fields": {
            "value": "MONTH",
            "key": "month"
        }
    },
    {
        "pk": 8,
        "model": "app.widgetparam",
        "fields": {
            "value": "all",
            "key": "holding_group"
        }
    },
    {
        "pk": 9,
        "model": "app.widgetparam",
        "fields": {
            "value": "sec",
            "key": "holding_group"
        }
    },
    {
        "pk": 10,
        "model": "app.widgetparam",
        "fields": {
            "value": "sub",
            "key": "holding_group"
        }
    },
    {
        "pk": 11,
        "model": "app.widgetparam",
        "fields": {
            "value": "loc",
            "key": "holding_group"
        }
    },
    {
        "pk": 12,
        "model": "app.widgetparam",
        "fields": {
            "value": "HOLDING",
            "key": "holding"
        }
    },
    {
        "pk": 13,
        "model": "app.widgetparam",
        "fields": {
            "value": "false",
            "key": "scrollbar"
        }
    },
    {
        "pk": 14,
        "model": "app.widgetparam",
        "fields": {
            "value": "FALSE",
            "key": "title"
        }
    },
    {
        "pk": 15,
        "model": "app.widgetparam",
        "fields": {
            "value": "TRUE",
            "key": "title"
        }
    },
    {
        "pk": 16,
        "model": "app.widgetparam",
        "fields": {
            "value": "TRUE",
            "key": "scrollbar"
        }
    },
    {
        "pk": 17,
        "model": "app.widgetparam",
        "fields": {
            "value": "FUND",
            "key": "benchmark__funds"
        }
    },
    {
        "pk": 18,
        "model": "app.widgetparam",
        "fields": {
            "value": "false",
            "key": "legend"
        }
    },
    {
        "pk": 19,
        "model": "app.widgetparam",
        "fields": {
            "value": "YEAR",
            "key": "value_date__year"
        }
    },
    {
        "pk": 20,
        "model": "app.widgetparam",
        "fields": {
            "value": "MONTH",
            "key": "value_date__month"
        }
    },
    {
        "pk": 21,
        "model": "app.widgetparam",
        "fields": {
            "value": "DATE",
            "key": "value_date"
        }
    },
    {
        "pk": 22,
        "model": "app.widgetparam",
        "fields": {
            "value": "loc",
            "key": "holding_category__holding_group"
        }
    },
    {
        "pk": 23,
        "model": "app.widgetparam",
        "fields": {
            "value": "sub",
            "key": "holding_category__holding_group"
        }
    },
    {
        "pk": 24,
        "model": "app.widgetparam",
        "fields": {
            "value": "sec",
            "key": "holding_category__holding_group"
        }
    },
    {
        "pk": 25,
        "model": "app.widgetparam",
        "fields": {
            "value": "FUND",
            "key": "holding_fund"
        }
    },
    {
        "pk": 26,
        "model": "app.widgetparam",
        "fields": {
            "value": "FUND",
            "key": "year__fund"
        }
    },
    {
        "pk": 27,
        "model": "app.widgetparam",
        "fields": {
            "value": "value",
            "key": "fields"
        }
    },
    {
        "pk": 28,
        "model": "app.widgetparam",
        "fields": {
            "value": "nav",
            "key": "fields"
        }
    },
    {
        "pk": 29,
        "model": "app.widgetparam",
        "fields": {
            "value": "weight",
            "key": "fields"
        }
    },
    {
        "pk": 30,
        "model": "app.widgetparam",
        "fields": {
            "value": "\u20ac",
            "key": "title"
        }
    },
    {
        "pk": 31,
        "model": "app.widgetparam",
        "fields": {
            "value": "% of Fund",
            "key": "title"
        }
    },
    {
        "pk": 5,
        "model": "app.widget",
        "fields": {
            "name": "W1 - Data Table",
            "widget_type": 2,
            "window": 3,
            "size_x": 7,
            "size_y": 3,
            "key": "fundperfdatatable",
            "column_width": null,
            "position": 0,
            "widget_param": [
                1,
                19,
                20
            ],
            "description": "n/a"
        }
    },
    {
        "pk": 21,
        "model": "app.widget",
        "fields": {
            "name": "W10 - Euro Fund NAV by Location Table",
            "widget_type": 9,
            "window": 12,
            "size_x": 5,
            "size_y": 2,
            "key": "fundperfgrouptable",
            "column_width": null,
            "position": 0,
            "widget_param": [
                1,
                19,
                22,
                28
            ],
            "description": ""
        }
    },
    {
        "pk": 1,
        "model": "app.widget",
        "fields": {
            "name": "W11 - Data Table",
            "widget_type": 6,
            "window": 1,
            "size_x": 6,
            "size_y": 3,
            "key": "fundperfholdtable",
            "column_width": null,
            "position": 0,
            "widget_param": [
                1
            ],
            "description": "n/a"
        }
    },
    {
        "pk": 3,
        "model": "app.widget",
        "fields": {
            "name": "W16 - Line Graph",
            "widget_type": 8,
            "window": 2,
            "size_x": 5,
            "size_y": 2,
            "key": "fundperfbenchcompline",
            "column_width": null,
            "position": 0,
            "widget_param": [
                17
            ],
            "description": "n/a"
        }
    },
    {
        "pk": 7,
        "model": "app.widget",
        "fields": {
            "name": "W2 - Fund Holding Performance Bar Graph",
            "widget_type": 4,
            "window": 4,
            "size_x": 5,
            "size_y": 2,
            "key": "fundperfholdperfbar",
            "column_width": null,
            "position": 0,
            "widget_param": [
                1,
                18,
                21
            ],
            "description": ""
        }
    },
    {
        "pk": 9,
        "model": "app.widget",
        "fields": {
            "name": "W3 - Fund Performance Data Table",
            "widget_type": 2,
            "window": 5,
            "size_x": 5,
            "size_y": 1,
            "key": "fundperfgrouptable",
            "column_width": null,
            "position": 0,
            "widget_param": [
                1,
                19,
                24,
                27
            ],
            "description": ""
        }
    },
    {
        "pk": 11,
        "model": "app.widget",
        "fields": {
            "name": "W4 - Performance by Sub Sector Table",
            "widget_type": 2,
            "window": 6,
            "size_x": 5,
            "size_y": 1,
            "key": "fundperfgrouptable",
            "column_width": null,
            "position": 0,
            "widget_param": [
                1,
                19,
                23,
                27
            ],
            "description": ""
        }
    },
    {
        "pk": 13,
        "model": "app.widget",
        "fields": {
            "name": "W5 - Performance by Location Table",
            "widget_type": 2,
            "window": 7,
            "size_x": 5,
            "size_y": 1,
            "key": "fundperfgrouptable",
            "column_width": null,
            "position": 0,
            "widget_param": [
                1,
                19,
                22,
                27
            ],
            "description": ""
        }
    },
    {
        "pk": 16,
        "model": "app.widget",
        "fields": {
            "name": "W6 - Fund Historical NAV ",
            "widget_type": 2,
            "window": 8,
            "size_x": 7,
            "size_y": 3,
            "key": "fundallochistnav",
            "column_width": null,
            "position": 0,
            "widget_param": [
                1
            ],
            "description": ""
        }
    },
    {
        "pk": 17,
        "model": "app.widget",
        "fields": {
            "name": "W7 - Fund Historical NAV Bar",
            "widget_type": 4,
            "window": 9,
            "size_x": 7,
            "size_y": 2,
            "key": "fundallocnavbar",
            "column_width": null,
            "position": 0,
            "widget_param": [
                1,
                18,
                21
            ],
            "description": ""
        }
    },
    {
        "pk": 19,
        "model": "app.widget",
        "fields": {
            "name": "W8 - Euro Fund NAV by Sector Table",
            "widget_type": 9,
            "window": 10,
            "size_x": 5,
            "size_y": 2,
            "key": "fundperfgrouptable",
            "column_width": null,
            "position": 0,
            "widget_param": [
                1,
                19,
                24,
                28
            ],
            "description": ""
        }
    },
    {
        "pk": 20,
        "model": "app.widget",
        "fields": {
            "name": "W9 - Euro Fund NAV by Sub Sector Table",
            "widget_type": 9,
            "window": 11,
            "size_x": 5,
            "size_y": 2,
            "key": "fundperfgrouptable",
            "column_width": null,
            "position": 0,
            "widget_param": [
                1,
                19,
                23,
                28
            ],
            "description": ""
        }
    },
    {
        "pk": 6,
        "model": "app.widget",
        "fields": {
            "name": "W1 - Month Table",
            "widget_type": 5,
            "window": 3,
            "size_x": 5,
            "size_y": 2,
            "key": "fundperfhistcalview",
            "column_width": null,
            "position": 1,
            "widget_param": [
                1,
                4,
                19,
                20
            ],
            "description": ""
        }
    },
    {
        "pk": 4,
        "model": "app.widget",
        "fields": {
            "name": "W16 - Data Table",
            "widget_type": 2,
            "window": 2,
            "size_x": 5,
            "size_y": 1,
            "key": "fundperfbenchcomptable",
            "column_width": null,
            "position": 1,
            "widget_param": [
                3
            ],
            "description": "na"
        }
    },
    {
        "pk": 10,
        "model": "app.widget",
        "fields": {
            "name": "W3 -  Performance by Sector Bar Chart",
            "widget_type": 4,
            "window": 5,
            "size_x": 5,
            "size_y": 2,
            "key": "fundperfgroupbar",
            "column_width": null,
            "position": 1,
            "widget_param": [
                13,
                19,
                24,
                26
            ],
            "description": ""
        }
    },
    {
        "pk": 12,
        "model": "app.widget",
        "fields": {
            "name": "W4 - Performance by Sub-Sector Bar Chart",
            "widget_type": 4,
            "window": 6,
            "size_x": 5,
            "size_y": 2,
            "key": "fundperfgroupbar",
            "column_width": null,
            "position": 1,
            "widget_param": [
                1,
                13,
                23
            ],
            "description": ""
        }
    },
    {
        "pk": 14,
        "model": "app.widget",
        "fields": {
            "name": "W5 - Performance by Location Bar Chart",
            "widget_type": 4,
            "window": 7,
            "size_x": 5,
            "size_y": 2,
            "key": "fundperfgroupbar",
            "column_width": null,
            "position": 1,
            "widget_param": [
                13,
                19,
                22,
                26
            ],
            "description": ""
        }
    },
    {
        "pk": 15,
        "model": "app.widget",
        "fields": {
            "name": "W11 - Trade Volume Bar Graph",
            "widget_type": 7,
            "window": 1,
            "size_x": 5,
            "size_y": 3,
            "key": "fundperfholdvolbar",
            "column_width": null,
            "position": 2,
            "widget_param": [
                25
            ],
            "description": ""
        }
    },
    {
        "pk": 1,
        "model": "app.page",
        "fields": {
            "rght": 16,
            "parent": null,
            "level": 0,
            "title": "Overview",
            "lft": 1,
            "tree_id": 1
        }
    },
    {
        "pk": 14,
        "model": "app.page",
        "fields": {
            "rght": 3,
            "parent": 1,
            "level": 1,
            "title": "Performance",
            "lft": 2,
            "tree_id": 1
        }
    },
    {
        "pk": 15,
        "model": "app.page",
        "fields": {
            "rght": 5,
            "parent": 1,
            "level": 1,
            "title": "Stats",
            "lft": 4,
            "tree_id": 1
        }
    },
    {
        "pk": 16,
        "model": "app.page",
        "fields": {
            "rght": 7,
            "parent": 1,
            "level": 1,
            "title": "Asset Allocation",
            "lft": 6,
            "tree_id": 1
        }
    },
    {
        "pk": 17,
        "model": "app.page",
        "fields": {
            "rght": 9,
            "parent": 1,
            "level": 1,
            "title": "Share Holder Register",
            "lft": 8,
            "tree_id": 1
        }
    },
    {
        "pk": 18,
        "model": "app.page",
        "fields": {
            "rght": 11,
            "parent": 1,
            "level": 1,
            "title": "NAV Calculation",
            "lft": 10,
            "tree_id": 1
        }
    },
    {
        "pk": 19,
        "model": "app.page",
        "fields": {
            "rght": 13,
            "parent": 1,
            "level": 1,
            "title": "Configuration",
            "lft": 12,
            "tree_id": 1
        }
    },
    {
        "pk": 20,
        "model": "app.page",
        "fields": {
            "rght": 15,
            "parent": 1,
            "level": 1,
            "title": "Add Trade",
            "lft": 14,
            "tree_id": 1
        }
    },
    {
        "pk": 2,
        "model": "app.page",
        "fields": {
            "rght": 16,
            "parent": null,
            "level": 0,
            "title": "Fund (Fund of Fund)",
            "lft": 1,
            "tree_id": 2
        }
    },
    {
        "pk": 5,
        "model": "app.page",
        "fields": {
            "rght": 3,
            "parent": 2,
            "level": 1,
            "title": "Asset Allocation",
            "lft": 2,
            "tree_id": 2
        }
    },
    {
        "pk": 3,
        "model": "app.page",
        "fields": {
            "rght": 5,
            "parent": 2,
            "level": 1,
            "title": "Performance",
            "lft": 4,
            "tree_id": 2
        }
    },
    {
        "pk": 4,
        "model": "app.page",
        "fields": {
            "rght": 7,
            "parent": 2,
            "level": 1,
            "title": "Stats",
            "lft": 6,
            "tree_id": 2
        }
    },
    {
        "pk": 6,
        "model": "app.page",
        "fields": {
            "rght": 9,
            "parent": 2,
            "level": 1,
            "title": "Share Holder Register",
            "lft": 8,
            "tree_id": 2
        }
    },
    {
        "pk": 7,
        "model": "app.page",
        "fields": {
            "rght": 11,
            "parent": 2,
            "level": 1,
            "title": "NAV Calculation",
            "lft": 10,
            "tree_id": 2
        }
    },
    {
        "pk": 8,
        "model": "app.page",
        "fields": {
            "rght": 13,
            "parent": 2,
            "level": 1,
            "title": "Fund Configuration",
            "lft": 12,
            "tree_id": 2
        }
    },
    {
        "pk": 21,
        "model": "app.page",
        "fields": {
            "rght": 15,
            "parent": 2,
            "level": 1,
            "title": "Add Trade",
            "lft": 14,
            "tree_id": 2
        }
    },
    {
        "pk": 9,
        "model": "app.page",
        "fields": {
            "rght": 12,
            "parent": null,
            "level": 0,
            "title": "Client",
            "lft": 1,
            "tree_id": 3
        }
    },
    {
        "pk": 10,
        "model": "app.page",
        "fields": {
            "rght": 3,
            "parent": 9,
            "level": 1,
            "title": "Performance",
            "lft": 2,
            "tree_id": 3
        }
    },
    {
        "pk": 11,
        "model": "app.page",
        "fields": {
            "rght": 5,
            "parent": 9,
            "level": 1,
            "title": "Stats",
            "lft": 4,
            "tree_id": 3
        }
    },
    {
        "pk": 12,
        "model": "app.page",
        "fields": {
            "rght": 7,
            "parent": 9,
            "level": 1,
            "title": "Asset Allocation",
            "lft": 6,
            "tree_id": 3
        }
    },
    {
        "pk": 13,
        "model": "app.page",
        "fields": {
            "rght": 9,
            "parent": 9,
            "level": 1,
            "title": "Configuration",
            "lft": 8,
            "tree_id": 3
        }
    },
    {
        "pk": 22,
        "model": "app.page",
        "fields": {
            "rght": 11,
            "parent": 9,
            "level": 1,
            "title": "Add Trade",
            "lft": 10,
            "tree_id": 3
        }
    },
    {
        "pk": 23,
        "model": "app.page",
        "fields": {
            "rght": 2,
            "parent": null,
            "level": 0,
            "title": "Accounts",
            "lft": 1,
            "tree_id": 4
        }
    },
    {
        "pk": 24,
        "model": "app.page",
        "fields": {
            "rght": 2,
            "parent": null,
            "level": 0,
            "title": "Input Forms",
            "lft": 1,
            "tree_id": 5
        }
    },
    {
        "pk": 25,
        "model": "app.page",
        "fields": {
            "rght": 2,
            "parent": null,
            "level": 0,
            "title": "HR",
            "lft": 1,
            "tree_id": 6
        }
    },
    {
        "pk": 1,
        "model": "app.fundtype",
        "fields": {
            "name": "Fund of Funds"
        }
    },
    {
        "pk": 2,
        "model": "app.fundtype",
        "fields": {
            "name": "All Alpheus"
        }
    },
    {
        "pk": 3,
        "model": "app.fundtype",
        "fields": {
            "name": "Side Pockets"
        }
    },
    {
        "pk": 4,
        "model": "app.fundtype",
        "fields": {
            "name": "Private Equity"
        }
    },
    {
        "pk": 5,
        "model": "app.fundtype",
        "fields": {
            "name": "Equity, Fixed Income, Options and Futures"
        }
    },
    {
        "pk": 6,
        "model": "app.fundtype",
        "fields": {
            "name": "Fixed Income"
        }
    },
    {
        "pk": 7,
        "model": "app.fundtype",
        "fields": {
            "name": "Limited Holdings"
        }
    },
    {
        "pk": 2,
        "model": "app.fund",
        "fields": {
            "name": "Gale B",
            "usd_hedge": 1,
            "counter_party": 1,
            "alarm": null,
            "benchmark": null,
            "one_day_var": 1,
            "aum": 1,
            "fund_type": 1,
            "total_cash": 1,
            "unsettled": 1,
            "ytd": 1,
            "checks": 1,
            "mtd": 1
        }
    },
    {
        "pk": 3,
        "model": "app.fund",
        "fields": {
            "name": "Private Equity",
            "usd_hedge": 1,
            "counter_party": 1,
            "alarm": null,
            "benchmark": null,
            "one_day_var": 123,
            "aum": 10000,
            "fund_type": 4,
            "total_cash": 123,
            "unsettled": 1,
            "ytd": 1,
            "checks": 1,
            "mtd": 1
        }
    },
    {
        "pk": 4,
        "model": "app.fund",
        "fields": {
            "name": "Gale B",
            "usd_hedge": 1,
            "counter_party": 1,
            "alarm": null,
            "benchmark": null,
            "one_day_var": 1,
            "aum": 1000,
            "fund_type": 1,
            "total_cash": 1,
            "unsettled": 1,
            "ytd": 1,
            "checks": 1,
            "mtd": 1
        }
    },
    {
        "pk": 5,
        "model": "app.fund",
        "fields": {
            "name": "Gale E",
            "usd_hedge": 1,
            "counter_party": 1,
            "alarm": null,
            "benchmark": null,
            "one_day_var": 1,
            "aum": 11,
            "fund_type": 1,
            "total_cash": 1,
            "unsettled": 1,
            "ytd": 1,
            "checks": 1,
            "mtd": 11
        }
    },
    {
        "pk": 6,
        "model": "app.fund",
        "fields": {
            "name": "Gale K",
            "usd_hedge": 1,
            "counter_party": 1,
            "alarm": null,
            "benchmark": null,
            "one_day_var": 1,
            "aum": 1,
            "fund_type": 3,
            "total_cash": 1,
            "unsettled": 1,
            "ytd": 1,
            "checks": 1,
            "mtd": 1
        }
    },
    {
        "pk": 7,
        "model": "app.fund",
        "fields": {
            "name": "Gale L",
            "usd_hedge": 1,
            "counter_party": 1,
            "alarm": null,
            "benchmark": null,
            "one_day_var": 1,
            "aum": 1,
            "fund_type": 5,
            "total_cash": 1,
            "unsettled": 1,
            "ytd": 1,
            "checks": 1,
            "mtd": 1
        }
    },
    {
        "pk": 8,
        "model": "app.fund",
        "fields": {
            "name": "Gale M",
            "usd_hedge": 1,
            "counter_party": 1,
            "alarm": null,
            "benchmark": null,
            "one_day_var": 1,
            "aum": 1,
            "fund_type": 5,
            "total_cash": 1,
            "unsettled": 1,
            "ytd": 1,
            "checks": 1,
            "mtd": 1
        }
    },
    {
        "pk": 9,
        "model": "app.fund",
        "fields": {
            "name": "Gale N",
            "usd_hedge": 1,
            "counter_party": 1,
            "alarm": null,
            "benchmark": null,
            "one_day_var": 1,
            "aum": 1,
            "fund_type": 5,
            "total_cash": 1,
            "unsettled": 1,
            "ytd": 1,
            "checks": 11,
            "mtd": 1
        }
    },
    {
        "pk": 10,
        "model": "app.fund",
        "fields": {
            "name": "CS European Equity",
            "usd_hedge": 1,
            "counter_party": 1,
            "alarm": null,
            "benchmark": null,
            "one_day_var": 1,
            "aum": 1,
            "fund_type": 5,
            "total_cash": 1,
            "unsettled": 1,
            "ytd": 1,
            "checks": 1,
            "mtd": 1
        }
    },
    {
        "pk": 11,
        "model": "app.fund",
        "fields": {
            "name": "CS US Equity",
            "usd_hedge": 1,
            "counter_party": 1,
            "alarm": null,
            "benchmark": null,
            "one_day_var": 1,
            "aum": 1,
            "fund_type": 5,
            "total_cash": 1,
            "unsettled": 1,
            "ytd": 1,
            "checks": 1,
            "mtd": 1
        }
    },
    {
        "pk": 12,
        "model": "app.fund",
        "fields": {
            "name": "CS Asia Equity",
            "usd_hedge": 1,
            "counter_party": 1,
            "alarm": null,
            "benchmark": null,
            "one_day_var": 1,
            "aum": 1,
            "fund_type": 5,
            "total_cash": 1,
            "unsettled": 1,
            "ytd": 1,
            "checks": 1,
            "mtd": 1
        }
    },
    {
        "pk": 13,
        "model": "app.fund",
        "fields": {
            "name": "CS Volatility",
            "usd_hedge": 1,
            "counter_party": 2,
            "alarm": null,
            "benchmark": null,
            "one_day_var": 1,
            "aum": 1,
            "fund_type": 5,
            "total_cash": 1,
            "unsettled": 1,
            "ytd": 1,
            "checks": 1,
            "mtd": 1
        }
    },
    {
        "pk": 14,
        "model": "app.fund",
        "fields": {
            "name": "AzGTtdvy",
            "usd_hedge": 0,
            "counter_party": 1,
            "alarm": 1,
            "benchmark": 3,
            "one_day_var": 3,
            "aum": 6,
            "fund_type": 3,
            "total_cash": 6,
            "unsettled": 0,
            "ytd": 8,
            "checks": 4,
            "mtd": 2
        }
    },
    {
        "pk": 1,
        "model": "app.fundbench",
        "fields": {
            "funds": [
                2
            ],
            "name": "FTSE 100"
        }
    },
    {
        "pk": 2,
        "model": "app.fundbench",
        "fields": {
            "funds": [
                2
            ],
            "name": "EUROSTOXX 500"
        }
    },
    {
        "pk": 3,
        "model": "app.fundbench",
        "fields": {
            "funds": [
                2
            ],
            "name": "IBEX - 50"
        }
    },
    {
        "pk": 1,
        "model": "app.currency",
        "fields": {
            "code": "EUR",
            "name": "Euro"
        }
    },
    {
        "pk": 2,
        "model": "app.currency",
        "fields": {
            "code": "USD",
            "name": "US Dollar"
        }
    },
    {
        "pk": 1,
        "model": "app.country",
        "fields": {
            "code": "IRA",
            "name": "Iran"
        }
    },
    {
        "pk": 1,
        "model": "app.tradetype",
        "fields": {}
    },
    {
        "pk": 3,
        "model": "app.purchasesale",
        "fields": {
            "name": "Sale"
        }
    },
    {
        "pk": 4,
        "model": "app.purchasesale",
        "fields": {
            "name": "Purchase"
        }
    },
    {
        "pk": 1,
        "model": "app.trade",
        "fields": {
            "purchase_sale": 3,
            "trade_type": 1,
            "purchase_price_base": "0.00000",
            "nav_purchase": "0.00000",
            "settlement_date": "2013-05-28",
            "currency": 1,
            "no_of_units": "100.00",
            "holding": 1,
            "trade_date": "2013-05-28",
            "fx_euro": "1.00000000",
            "identifier": 1,
            "purchase_price": "10.00000"
        }
    },
    {
        "pk": 2,
        "model": "app.trade",
        "fields": {
            "purchase_sale": 3,
            "trade_type": 1,
            "purchase_price_base": "0.00000",
            "nav_purchase": "0.00000",
            "settlement_date": "2009-05-28",
            "currency": 1,
            "no_of_units": "1000.00",
            "holding": 1,
            "trade_date": "2009-05-18",
            "fx_euro": "1.00000000",
            "identifier": 2,
            "purchase_price": "10.00000"
        }
    },
    {
        "pk": 3,
        "model": "app.trade",
        "fields": {
            "purchase_sale": 4,
            "trade_type": 1,
            "purchase_price_base": "0.00000",
            "nav_purchase": "0.00000",
            "settlement_date": "2007-05-28",
            "currency": 1,
            "no_of_units": "100.00",
            "holding": 2,
            "trade_date": "2007-05-28",
            "fx_euro": "1.00000000",
            "identifier": 1,
            "purchase_price": "10.00000"
        }
    },
    {
        "pk": 4,
        "model": "app.trade",
        "fields": {
            "purchase_sale": 3,
            "trade_type": 1,
            "purchase_price_base": "0.00000",
            "nav_purchase": "0.00000",
            "settlement_date": "2013-05-28",
            "currency": 2,
            "no_of_units": "1000.00",
            "holding": 3,
            "trade_date": "2013-05-28",
            "fx_euro": "1.21000000",
            "identifier": 4,
            "purchase_price": "10.00000"
        }
    },
    {
        "pk": 5,
        "model": "app.trade",
        "fields": {
            "purchase_sale": 4,
            "trade_type": 1,
            "purchase_price_base": "0.00000",
            "nav_purchase": "0.00000",
            "settlement_date": "2013-05-28",
            "currency": 2,
            "no_of_units": "1000.00",
            "holding": 3,
            "trade_date": "2013-05-28",
            "fx_euro": "1.18000000",
            "identifier": 4,
            "purchase_price": "5.00000"
        }
    },
    {
        "pk": 1,
        "model": "app.fee",
        "fields": {}
    },
    {
        "pk": 1,
        "model": "app.counterparty",
        "fields": {
            "name": "HSBC"
        }
    },
    {
        "pk": 2,
        "model": "app.counterparty",
        "fields": {
            "name": "HSBC"
        }
    },
    {
        "pk": 1,
        "model": "app.holding",
        "fields": {
            "sector": 2,
            "value_date": "2013-01-01",
            "fee": 1,
            "name": "txBZSKrF",
            "asset_class": 12,
            "currency": 2,
            "country": 1,
            "interest_rate": "1.00000",
            "rep_code": "1",
            "counter_party": 2,
            "weight": "0.33984",
            "valoren": 1,
            "fund": 2,
            "nav": "6536179.00",
            "location": 9,
            "isin": "1",
            "current_price": "60.00000000",
            "sub_sector": 3,
            "no_of_units": "2519.00",
            "description": "n/a"
        }
    },
    {
        "pk": 2,
        "model": "app.holding",
        "fields": {
            "sector": 13,
            "value_date": "2013-01-01",
            "fee": 1,
            "name": "WQqkIhlm",
            "asset_class": 12,
            "currency": 2,
            "country": 1,
            "interest_rate": "1.00000",
            "rep_code": "1",
            "counter_party": 2,
            "weight": "0.70507",
            "valoren": 1,
            "fund": 2,
            "nav": "3992079.00",
            "location": 11,
            "isin": "1",
            "current_price": "189.00000000",
            "sub_sector": 5,
            "no_of_units": "9648.00",
            "description": "n/a"
        }
    },
    {
        "pk": 3,
        "model": "app.holding",
        "fields": {
            "sector": 1,
            "value_date": "2013-01-01",
            "fee": 1,
            "name": "ZKtgPCWq",
            "asset_class": 12,
            "currency": 1,
            "country": 1,
            "interest_rate": "1.00000",
            "rep_code": "1",
            "counter_party": 2,
            "weight": "0.63711",
            "valoren": 1,
            "fund": 2,
            "nav": "1419540.00",
            "location": 8,
            "isin": "1",
            "current_price": "52.00000000",
            "sub_sector": 6,
            "no_of_units": "8923.00",
            "description": "n/a"
        }
    },
    {
        "pk": 1,
        "model": "app.holdingcategory",
        "fields": {
            "holding_group": "sec",
            "name": "Utilities"
        }
    },
    {
        "pk": 2,
        "model": "app.holdingcategory",
        "fields": {
            "holding_group": "sec",
            "name": "Financials"
        }
    },
    {
        "pk": 3,
        "model": "app.holdingcategory",
        "fields": {
            "holding_group": "sub",
            "name": "Banking"
        }
    },
    {
        "pk": 4,
        "model": "app.holdingcategory",
        "fields": {
            "holding_group": "sub",
            "name": "Insurance"
        }
    },
    {
        "pk": 5,
        "model": "app.holdingcategory",
        "fields": {
            "holding_group": "sub",
            "name": "Water"
        }
    },
    {
        "pk": 6,
        "model": "app.holdingcategory",
        "fields": {
            "holding_group": "sub",
            "name": "Electric"
        }
    },
    {
        "pk": 7,
        "model": "app.holdingcategory",
        "fields": {
            "holding_group": "loc",
            "name": "Europe"
        }
    },
    {
        "pk": 8,
        "model": "app.holdingcategory",
        "fields": {
            "holding_group": "loc",
            "name": "Asia"
        }
    },
    {
        "pk": 9,
        "model": "app.holdingcategory",
        "fields": {
            "holding_group": "loc",
            "name": "US"
        }
    },
    {
        "pk": 10,
        "model": "app.holdingcategory",
        "fields": {
            "holding_group": "loc",
            "name": "EM"
        }
    },
    {
        "pk": 11,
        "model": "app.holdingcategory",
        "fields": {
            "holding_group": "loc",
            "name": "Latin America"
        }
    },
    {
        "pk": 12,
        "model": "app.holdingcategory",
        "fields": {
            "holding_group": "ass",
            "name": "Equities"
        }
    },
    {
        "pk": 13,
        "model": "app.holdingcategory",
        "fields": {
            "holding_group": "sec",
            "name": "Mining "
        }
    },
    {
        "pk": 1,
        "model": "app.holdperfyear",
        "fields": {
            "value_date": "2013-01-01",
            "fund": 2,
            "si": "6.00",
            "holding_category": 1,
            "ytd": "3.00"
        }
    },
    {
        "pk": 12,
        "model": "app.holdperfyear",
        "fields": {
            "value_date": "2013-01-01",
            "fund": 2,
            "si": "3.00",
            "holding_category": 12,
            "ytd": "6.00"
        }
    },
    {
        "pk": 11,
        "model": "app.holdperfyear",
        "fields": {
            "value_date": "2013-01-01",
            "fund": 2,
            "si": "7.00",
            "holding_category": 11,
            "ytd": "7.00"
        }
    },
    {
        "pk": 10,
        "model": "app.holdperfyear",
        "fields": {
            "value_date": "2013-01-01",
            "fund": 2,
            "si": "8.00",
            "holding_category": 10,
            "ytd": "8.00"
        }
    },
    {
        "pk": 9,
        "model": "app.holdperfyear",
        "fields": {
            "value_date": "2013-01-01",
            "fund": 2,
            "si": "8.00",
            "holding_category": 9,
            "ytd": "2.00"
        }
    },
    {
        "pk": 8,
        "model": "app.holdperfyear",
        "fields": {
            "value_date": "2013-01-01",
            "fund": 2,
            "si": "6.00",
            "holding_category": 8,
            "ytd": "7.00"
        }
    },
    {
        "pk": 7,
        "model": "app.holdperfyear",
        "fields": {
            "value_date": "2013-01-01",
            "fund": 2,
            "si": "5.00",
            "holding_category": 7,
            "ytd": "5.00"
        }
    },
    {
        "pk": 6,
        "model": "app.holdperfyear",
        "fields": {
            "value_date": "2013-01-01",
            "fund": 2,
            "si": "5.00",
            "holding_category": 6,
            "ytd": "6.00"
        }
    },
    {
        "pk": 5,
        "model": "app.holdperfyear",
        "fields": {
            "value_date": "2013-01-01",
            "fund": 2,
            "si": "8.00",
            "holding_category": 5,
            "ytd": "7.00"
        }
    },
    {
        "pk": 4,
        "model": "app.holdperfyear",
        "fields": {
            "value_date": "2013-01-01",
            "fund": 2,
            "si": "3.00",
            "holding_category": 4,
            "ytd": "8.00"
        }
    },
    {
        "pk": 3,
        "model": "app.holdperfyear",
        "fields": {
            "value_date": "2013-01-01",
            "fund": 2,
            "si": "1.00",
            "holding_category": 3,
            "ytd": "6.00"
        }
    },
    {
        "pk": 2,
        "model": "app.holdperfyear",
        "fields": {
            "value_date": "2013-01-01",
            "fund": 2,
            "si": "7.00",
            "holding_category": 2,
            "ytd": "2.00"
        }
    },
    {
        "pk": 13,
        "model": "app.holdperfyear",
        "fields": {
            "value_date": "2013-01-01",
            "fund": 2,
            "si": "2.00",
            "holding_category": 13,
            "ytd": "1.00"
        }
    },
    {
        "pk": 1,
        "model": "app.fundperfyear",
        "fields": {
            "value_date": "2013-01-01",
            "fund": 2,
            "ytd": "8.00000",
            "si": "8.00000"
        }
    },
    {
        "pk": 1,
        "model": "app.alarm",
        "fields": {
            "name": "alarm1"
        }
    },
    {
        "pk": 19,
        "model": "auth.permission",
        "fields": {
            "codename": "add_logentry",
            "name": "Can add log entry",
            "content_type": 7
        }
    },
    {
        "pk": 20,
        "model": "auth.permission",
        "fields": {
            "codename": "change_logentry",
            "name": "Can change log entry",
            "content_type": 7
        }
    },
    {
        "pk": 21,
        "model": "auth.permission",
        "fields": {
            "codename": "delete_logentry",
            "name": "Can delete log entry",
            "content_type": 7
        }
    },
    {
        "pk": 133,
        "model": "auth.permission",
        "fields": {
            "codename": "add_entry",
            "name": "Can add entry",
            "content_type": 45
        }
    },
    {
        "pk": 134,
        "model": "auth.permission",
        "fields": {
            "codename": "change_entry",
            "name": "Can change entry",
            "content_type": 45
        }
    },
    {
        "pk": 135,
        "model": "auth.permission",
        "fields": {
            "codename": "delete_entry",
            "name": "Can delete entry",
            "content_type": 45
        }
    },
    {
        "pk": 127,
        "model": "auth.permission",
        "fields": {
            "codename": "add_alarm",
            "name": "Can add alarm",
            "content_type": 43
        }
    },
    {
        "pk": 128,
        "model": "auth.permission",
        "fields": {
            "codename": "change_alarm",
            "name": "Can change alarm",
            "content_type": 43
        }
    },
    {
        "pk": 129,
        "model": "auth.permission",
        "fields": {
            "codename": "delete_alarm",
            "name": "Can delete alarm",
            "content_type": 43
        }
    },
    {
        "pk": 130,
        "model": "auth.permission",
        "fields": {
            "codename": "add_benchmark",
            "name": "Can add benchmark",
            "content_type": 44
        }
    },
    {
        "pk": 131,
        "model": "auth.permission",
        "fields": {
            "codename": "change_benchmark",
            "name": "Can change benchmark",
            "content_type": 44
        }
    },
    {
        "pk": 132,
        "model": "auth.permission",
        "fields": {
            "codename": "delete_benchmark",
            "name": "Can delete benchmark",
            "content_type": 44
        }
    },
    {
        "pk": 64,
        "model": "auth.permission",
        "fields": {
            "codename": "add_client",
            "name": "Can add client",
            "content_type": 22
        }
    },
    {
        "pk": 65,
        "model": "auth.permission",
        "fields": {
            "codename": "change_client",
            "name": "Can change client",
            "content_type": 22
        }
    },
    {
        "pk": 66,
        "model": "auth.permission",
        "fields": {
            "codename": "delete_client",
            "name": "Can delete client",
            "content_type": 22
        }
    },
    {
        "pk": 97,
        "model": "auth.permission",
        "fields": {
            "codename": "add_counterparty",
            "name": "Can add counter party",
            "content_type": 33
        }
    },
    {
        "pk": 98,
        "model": "auth.permission",
        "fields": {
            "codename": "change_counterparty",
            "name": "Can change counter party",
            "content_type": 33
        }
    },
    {
        "pk": 99,
        "model": "auth.permission",
        "fields": {
            "codename": "delete_counterparty",
            "name": "Can delete counter party",
            "content_type": 33
        }
    },
    {
        "pk": 73,
        "model": "auth.permission",
        "fields": {
            "codename": "add_country",
            "name": "Can add country",
            "content_type": 25
        }
    },
    {
        "pk": 74,
        "model": "auth.permission",
        "fields": {
            "codename": "change_country",
            "name": "Can change country",
            "content_type": 25
        }
    },
    {
        "pk": 75,
        "model": "auth.permission",
        "fields": {
            "codename": "delete_country",
            "name": "Can delete country",
            "content_type": 25
        }
    },
    {
        "pk": 70,
        "model": "auth.permission",
        "fields": {
            "codename": "add_currency",
            "name": "Can add currency",
            "content_type": 24
        }
    },
    {
        "pk": 71,
        "model": "auth.permission",
        "fields": {
            "codename": "change_currency",
            "name": "Can change currency",
            "content_type": 24
        }
    },
    {
        "pk": 72,
        "model": "auth.permission",
        "fields": {
            "codename": "delete_currency",
            "name": "Can delete currency",
            "content_type": 24
        }
    },
    {
        "pk": 91,
        "model": "auth.permission",
        "fields": {
            "codename": "add_expense",
            "name": "Can add expense",
            "content_type": 31
        }
    },
    {
        "pk": 92,
        "model": "auth.permission",
        "fields": {
            "codename": "change_expense",
            "name": "Can change expense",
            "content_type": 31
        }
    },
    {
        "pk": 93,
        "model": "auth.permission",
        "fields": {
            "codename": "delete_expense",
            "name": "Can delete expense",
            "content_type": 31
        }
    },
    {
        "pk": 85,
        "model": "auth.permission",
        "fields": {
            "codename": "add_fee",
            "name": "Can add fee",
            "content_type": 29
        }
    },
    {
        "pk": 86,
        "model": "auth.permission",
        "fields": {
            "codename": "change_fee",
            "name": "Can change fee",
            "content_type": 29
        }
    },
    {
        "pk": 87,
        "model": "auth.permission",
        "fields": {
            "codename": "delete_fee",
            "name": "Can delete fee",
            "content_type": 29
        }
    },
    {
        "pk": 49,
        "model": "auth.permission",
        "fields": {
            "codename": "add_fund",
            "name": "Can add fund",
            "content_type": 17
        }
    },
    {
        "pk": 50,
        "model": "auth.permission",
        "fields": {
            "codename": "change_fund",
            "name": "Can change fund",
            "content_type": 17
        }
    },
    {
        "pk": 51,
        "model": "auth.permission",
        "fields": {
            "codename": "delete_fund",
            "name": "Can delete fund",
            "content_type": 17
        }
    },
    {
        "pk": 52,
        "model": "auth.permission",
        "fields": {
            "codename": "add_fundbench",
            "name": "Can add fund bench",
            "content_type": 18
        }
    },
    {
        "pk": 53,
        "model": "auth.permission",
        "fields": {
            "codename": "change_fundbench",
            "name": "Can change fund bench",
            "content_type": 18
        }
    },
    {
        "pk": 54,
        "model": "auth.permission",
        "fields": {
            "codename": "delete_fundbench",
            "name": "Can delete fund bench",
            "content_type": 18
        }
    },
    {
        "pk": 55,
        "model": "auth.permission",
        "fields": {
            "codename": "add_fundbenchhist",
            "name": "Can add fund bench hist",
            "content_type": 19
        }
    },
    {
        "pk": 56,
        "model": "auth.permission",
        "fields": {
            "codename": "change_fundbenchhist",
            "name": "Can change fund bench hist",
            "content_type": 19
        }
    },
    {
        "pk": 57,
        "model": "auth.permission",
        "fields": {
            "codename": "delete_fundbenchhist",
            "name": "Can delete fund bench hist",
            "content_type": 19
        }
    },
    {
        "pk": 124,
        "model": "auth.permission",
        "fields": {
            "codename": "add_fundperf",
            "name": "Can add fund perf",
            "content_type": 42
        }
    },
    {
        "pk": 125,
        "model": "auth.permission",
        "fields": {
            "codename": "change_fundperf",
            "name": "Can change fund perf",
            "content_type": 42
        }
    },
    {
        "pk": 126,
        "model": "auth.permission",
        "fields": {
            "codename": "delete_fundperf",
            "name": "Can delete fund perf",
            "content_type": 42
        }
    },
    {
        "pk": 121,
        "model": "auth.permission",
        "fields": {
            "codename": "add_fundperfmonth",
            "name": "Can add fund perf month",
            "content_type": 41
        }
    },
    {
        "pk": 122,
        "model": "auth.permission",
        "fields": {
            "codename": "change_fundperfmonth",
            "name": "Can change fund perf month",
            "content_type": 41
        }
    },
    {
        "pk": 123,
        "model": "auth.permission",
        "fields": {
            "codename": "delete_fundperfmonth",
            "name": "Can delete fund perf month",
            "content_type": 41
        }
    },
    {
        "pk": 118,
        "model": "auth.permission",
        "fields": {
            "codename": "add_fundperfyear",
            "name": "Can add fund perf year",
            "content_type": 40
        }
    },
    {
        "pk": 119,
        "model": "auth.permission",
        "fields": {
            "codename": "change_fundperfyear",
            "name": "Can change fund perf year",
            "content_type": 40
        }
    },
    {
        "pk": 120,
        "model": "auth.permission",
        "fields": {
            "codename": "delete_fundperfyear",
            "name": "Can delete fund perf year",
            "content_type": 40
        }
    },
    {
        "pk": 46,
        "model": "auth.permission",
        "fields": {
            "codename": "add_fundtype",
            "name": "Can add fund type",
            "content_type": 16
        }
    },
    {
        "pk": 47,
        "model": "auth.permission",
        "fields": {
            "codename": "change_fundtype",
            "name": "Can change fund type",
            "content_type": 16
        }
    },
    {
        "pk": 48,
        "model": "auth.permission",
        "fields": {
            "codename": "delete_fundtype",
            "name": "Can delete fund type",
            "content_type": 16
        }
    },
    {
        "pk": 94,
        "model": "auth.permission",
        "fields": {
            "codename": "add_historicalexpense",
            "name": "Can add historical expense",
            "content_type": 32
        }
    },
    {
        "pk": 95,
        "model": "auth.permission",
        "fields": {
            "codename": "change_historicalexpense",
            "name": "Can change historical expense",
            "content_type": 32
        }
    },
    {
        "pk": 96,
        "model": "auth.permission",
        "fields": {
            "codename": "delete_historicalexpense",
            "name": "Can delete historical expense",
            "content_type": 32
        }
    },
    {
        "pk": 88,
        "model": "auth.permission",
        "fields": {
            "codename": "add_historicalfee",
            "name": "Can add historical fee",
            "content_type": 30
        }
    },
    {
        "pk": 89,
        "model": "auth.permission",
        "fields": {
            "codename": "change_historicalfee",
            "name": "Can change historical fee",
            "content_type": 30
        }
    },
    {
        "pk": 90,
        "model": "auth.permission",
        "fields": {
            "codename": "delete_historicalfee",
            "name": "Can delete historical fee",
            "content_type": 30
        }
    },
    {
        "pk": 67,
        "model": "auth.permission",
        "fields": {
            "codename": "add_historicclient",
            "name": "Can add historic client",
            "content_type": 23
        }
    },
    {
        "pk": 68,
        "model": "auth.permission",
        "fields": {
            "codename": "change_historicclient",
            "name": "Can change historic client",
            "content_type": 23
        }
    },
    {
        "pk": 69,
        "model": "auth.permission",
        "fields": {
            "codename": "delete_historicclient",
            "name": "Can delete historic client",
            "content_type": 23
        }
    },
    {
        "pk": 61,
        "model": "auth.permission",
        "fields": {
            "codename": "add_historicfund",
            "name": "Can add historic fund",
            "content_type": 21
        }
    },
    {
        "pk": 62,
        "model": "auth.permission",
        "fields": {
            "codename": "change_historicfund",
            "name": "Can change historic fund",
            "content_type": 21
        }
    },
    {
        "pk": 63,
        "model": "auth.permission",
        "fields": {
            "codename": "delete_historicfund",
            "name": "Can delete historic fund",
            "content_type": 21
        }
    },
    {
        "pk": 100,
        "model": "auth.permission",
        "fields": {
            "codename": "add_holding",
            "name": "Can add holding",
            "content_type": 34
        }
    },
    {
        "pk": 101,
        "model": "auth.permission",
        "fields": {
            "codename": "change_holding",
            "name": "Can change holding",
            "content_type": 34
        }
    },
    {
        "pk": 102,
        "model": "auth.permission",
        "fields": {
            "codename": "delete_holding",
            "name": "Can delete holding",
            "content_type": 34
        }
    },
    {
        "pk": 103,
        "model": "auth.permission",
        "fields": {
            "codename": "add_holdingcategory",
            "name": "Can add holding category",
            "content_type": 35
        }
    },
    {
        "pk": 104,
        "model": "auth.permission",
        "fields": {
            "codename": "change_holdingcategory",
            "name": "Can change holding category",
            "content_type": 35
        }
    },
    {
        "pk": 105,
        "model": "auth.permission",
        "fields": {
            "codename": "delete_holdingcategory",
            "name": "Can delete holding category",
            "content_type": 35
        }
    },
    {
        "pk": 106,
        "model": "auth.permission",
        "fields": {
            "codename": "add_holdingtype",
            "name": "Can add holding type",
            "content_type": 36
        }
    },
    {
        "pk": 107,
        "model": "auth.permission",
        "fields": {
            "codename": "change_holdingtype",
            "name": "Can change holding type",
            "content_type": 36
        }
    },
    {
        "pk": 108,
        "model": "auth.permission",
        "fields": {
            "codename": "delete_holdingtype",
            "name": "Can delete holding type",
            "content_type": 36
        }
    },
    {
        "pk": 115,
        "model": "auth.permission",
        "fields": {
            "codename": "add_holdperf",
            "name": "Can add hold perf",
            "content_type": 39
        }
    },
    {
        "pk": 116,
        "model": "auth.permission",
        "fields": {
            "codename": "change_holdperf",
            "name": "Can change hold perf",
            "content_type": 39
        }
    },
    {
        "pk": 117,
        "model": "auth.permission",
        "fields": {
            "codename": "delete_holdperf",
            "name": "Can delete hold perf",
            "content_type": 39
        }
    },
    {
        "pk": 112,
        "model": "auth.permission",
        "fields": {
            "codename": "add_holdperfmonth",
            "name": "Can add hold perf month",
            "content_type": 38
        }
    },
    {
        "pk": 113,
        "model": "auth.permission",
        "fields": {
            "codename": "change_holdperfmonth",
            "name": "Can change hold perf month",
            "content_type": 38
        }
    },
    {
        "pk": 114,
        "model": "auth.permission",
        "fields": {
            "codename": "delete_holdperfmonth",
            "name": "Can delete hold perf month",
            "content_type": 38
        }
    },
    {
        "pk": 109,
        "model": "auth.permission",
        "fields": {
            "codename": "add_holdperfyear",
            "name": "Can add hold perf year",
            "content_type": 37
        }
    },
    {
        "pk": 110,
        "model": "auth.permission",
        "fields": {
            "codename": "change_holdperfyear",
            "name": "Can change hold perf year",
            "content_type": 37
        }
    },
    {
        "pk": 111,
        "model": "auth.permission",
        "fields": {
            "codename": "delete_holdperfyear",
            "name": "Can delete hold perf year",
            "content_type": 37
        }
    },
    {
        "pk": 58,
        "model": "auth.permission",
        "fields": {
            "codename": "add_menu",
            "name": "Can add menu",
            "content_type": 20
        }
    },
    {
        "pk": 59,
        "model": "auth.permission",
        "fields": {
            "codename": "change_menu",
            "name": "Can change menu",
            "content_type": 20
        }
    },
    {
        "pk": 60,
        "model": "auth.permission",
        "fields": {
            "codename": "delete_menu",
            "name": "Can delete menu",
            "content_type": 20
        }
    },
    {
        "pk": 40,
        "model": "auth.permission",
        "fields": {
            "codename": "add_page",
            "name": "Can add page",
            "content_type": 14
        }
    },
    {
        "pk": 41,
        "model": "auth.permission",
        "fields": {
            "codename": "change_page",
            "name": "Can change page",
            "content_type": 14
        }
    },
    {
        "pk": 42,
        "model": "auth.permission",
        "fields": {
            "codename": "delete_page",
            "name": "Can delete page",
            "content_type": 14
        }
    },
    {
        "pk": 43,
        "model": "auth.permission",
        "fields": {
            "codename": "add_pagewindow",
            "name": "Can add Window on page",
            "content_type": 15
        }
    },
    {
        "pk": 44,
        "model": "auth.permission",
        "fields": {
            "codename": "change_pagewindow",
            "name": "Can change Window on page",
            "content_type": 15
        }
    },
    {
        "pk": 45,
        "model": "auth.permission",
        "fields": {
            "codename": "delete_pagewindow",
            "name": "Can delete Window on page",
            "content_type": 15
        }
    },
    {
        "pk": 79,
        "model": "auth.permission",
        "fields": {
            "codename": "add_purchasesale",
            "name": "Can add purchase sale",
            "content_type": 27
        }
    },
    {
        "pk": 80,
        "model": "auth.permission",
        "fields": {
            "codename": "change_purchasesale",
            "name": "Can change purchase sale",
            "content_type": 27
        }
    },
    {
        "pk": 81,
        "model": "auth.permission",
        "fields": {
            "codename": "delete_purchasesale",
            "name": "Can delete purchase sale",
            "content_type": 27
        }
    },
    {
        "pk": 82,
        "model": "auth.permission",
        "fields": {
            "codename": "add_trade",
            "name": "Can add trade",
            "content_type": 28
        }
    },
    {
        "pk": 83,
        "model": "auth.permission",
        "fields": {
            "codename": "change_trade",
            "name": "Can change trade",
            "content_type": 28
        }
    },
    {
        "pk": 84,
        "model": "auth.permission",
        "fields": {
            "codename": "delete_trade",
            "name": "Can delete trade",
            "content_type": 28
        }
    },
    {
        "pk": 76,
        "model": "auth.permission",
        "fields": {
            "codename": "add_tradetype",
            "name": "Can add trade type",
            "content_type": 26
        }
    },
    {
        "pk": 77,
        "model": "auth.permission",
        "fields": {
            "codename": "change_tradetype",
            "name": "Can change trade type",
            "content_type": 26
        }
    },
    {
        "pk": 78,
        "model": "auth.permission",
        "fields": {
            "codename": "delete_tradetype",
            "name": "Can delete trade type",
            "content_type": 26
        }
    },
    {
        "pk": 37,
        "model": "auth.permission",
        "fields": {
            "codename": "add_widget",
            "name": "Can add widget",
            "content_type": 13
        }
    },
    {
        "pk": 38,
        "model": "auth.permission",
        "fields": {
            "codename": "change_widget",
            "name": "Can change widget",
            "content_type": 13
        }
    },
    {
        "pk": 39,
        "model": "auth.permission",
        "fields": {
            "codename": "delete_widget",
            "name": "Can delete widget",
            "content_type": 13
        }
    },
    {
        "pk": 34,
        "model": "auth.permission",
        "fields": {
            "codename": "add_widgetparam",
            "name": "Can add widget param",
            "content_type": 12
        }
    },
    {
        "pk": 35,
        "model": "auth.permission",
        "fields": {
            "codename": "change_widgetparam",
            "name": "Can change widget param",
            "content_type": 12
        }
    },
    {
        "pk": 36,
        "model": "auth.permission",
        "fields": {
            "codename": "delete_widgetparam",
            "name": "Can delete widget param",
            "content_type": 12
        }
    },
    {
        "pk": 31,
        "model": "auth.permission",
        "fields": {
            "codename": "add_widgettype",
            "name": "Can add widget type",
            "content_type": 11
        }
    },
    {
        "pk": 32,
        "model": "auth.permission",
        "fields": {
            "codename": "change_widgettype",
            "name": "Can change widget type",
            "content_type": 11
        }
    },
    {
        "pk": 33,
        "model": "auth.permission",
        "fields": {
            "codename": "delete_widgettype",
            "name": "Can delete widget type",
            "content_type": 11
        }
    },
    {
        "pk": 28,
        "model": "auth.permission",
        "fields": {
            "codename": "add_window",
            "name": "Can add window",
            "content_type": 10
        }
    },
    {
        "pk": 29,
        "model": "auth.permission",
        "fields": {
            "codename": "change_window",
            "name": "Can change window",
            "content_type": 10
        }
    },
    {
        "pk": 30,
        "model": "auth.permission",
        "fields": {
            "codename": "delete_window",
            "name": "Can delete window",
            "content_type": 10
        }
    },
    {
        "pk": 4,
        "model": "auth.permission",
        "fields": {
            "codename": "add_group",
            "name": "Can add group",
            "content_type": 2
        }
    },
    {
        "pk": 5,
        "model": "auth.permission",
        "fields": {
            "codename": "change_group",
            "name": "Can change group",
            "content_type": 2
        }
    },
    {
        "pk": 6,
        "model": "auth.permission",
        "fields": {
            "codename": "delete_group",
            "name": "Can delete group",
            "content_type": 2
        }
    },
    {
        "pk": 1,
        "model": "auth.permission",
        "fields": {
            "codename": "add_permission",
            "name": "Can add permission",
            "content_type": 1
        }
    },
    {
        "pk": 2,
        "model": "auth.permission",
        "fields": {
            "codename": "change_permission",
            "name": "Can change permission",
            "content_type": 1
        }
    },
    {
        "pk": 3,
        "model": "auth.permission",
        "fields": {
            "codename": "delete_permission",
            "name": "Can delete permission",
            "content_type": 1
        }
    },
    {
        "pk": 7,
        "model": "auth.permission",
        "fields": {
            "codename": "add_user",
            "name": "Can add user",
            "content_type": 3
        }
    },
    {
        "pk": 8,
        "model": "auth.permission",
        "fields": {
            "codename": "change_user",
            "name": "Can change user",
            "content_type": 3
        }
    },
    {
        "pk": 9,
        "model": "auth.permission",
        "fields": {
            "codename": "delete_user",
            "name": "Can delete user",
            "content_type": 3
        }
    },
    {
        "pk": 10,
        "model": "auth.permission",
        "fields": {
            "codename": "add_contenttype",
            "name": "Can add content type",
            "content_type": 4
        }
    },
    {
        "pk": 11,
        "model": "auth.permission",
        "fields": {
            "codename": "change_contenttype",
            "name": "Can change content type",
            "content_type": 4
        }
    },
    {
        "pk": 12,
        "model": "auth.permission",
        "fields": {
            "codename": "delete_contenttype",
            "name": "Can delete content type",
            "content_type": 4
        }
    },
    {
        "pk": 13,
        "model": "auth.permission",
        "fields": {
            "codename": "add_session",
            "name": "Can add session",
            "content_type": 5
        }
    },
    {
        "pk": 14,
        "model": "auth.permission",
        "fields": {
            "codename": "change_session",
            "name": "Can change session",
            "content_type": 5
        }
    },
    {
        "pk": 15,
        "model": "auth.permission",
        "fields": {
            "codename": "delete_session",
            "name": "Can delete session",
            "content_type": 5
        }
    },
    {
        "pk": 16,
        "model": "auth.permission",
        "fields": {
            "codename": "add_site",
            "name": "Can add site",
            "content_type": 6
        }
    },
    {
        "pk": 17,
        "model": "auth.permission",
        "fields": {
            "codename": "change_site",
            "name": "Can change site",
            "content_type": 6
        }
    },
    {
        "pk": 18,
        "model": "auth.permission",
        "fields": {
            "codename": "delete_site",
            "name": "Can delete site",
            "content_type": 6
        }
    },
    {
        "pk": 22,
        "model": "auth.permission",
        "fields": {
            "codename": "add_apiaccess",
            "name": "Can add api access",
            "content_type": 8
        }
    },
    {
        "pk": 23,
        "model": "auth.permission",
        "fields": {
            "codename": "change_apiaccess",
            "name": "Can change api access",
            "content_type": 8
        }
    },
    {
        "pk": 24,
        "model": "auth.permission",
        "fields": {
            "codename": "delete_apiaccess",
            "name": "Can delete api access",
            "content_type": 8
        }
    },
    {
        "pk": 25,
        "model": "auth.permission",
        "fields": {
            "codename": "add_apikey",
            "name": "Can add api key",
            "content_type": 9
        }
    },
    {
        "pk": 26,
        "model": "auth.permission",
        "fields": {
            "codename": "change_apikey",
            "name": "Can change api key",
            "content_type": 9
        }
    },
    {
        "pk": 27,
        "model": "auth.permission",
        "fields": {
            "codename": "delete_apikey",
            "name": "Can delete api key",
            "content_type": 9
        }
    },
    {
        "pk": 1,
        "model": "auth.group",
        "fields": {
            "name": "manager",
            "permissions": []
        }
    },
    {
        "pk": 1,
        "model": "auth.user",
        "fields": {
            "username": "dan",
            "first_name": "",
            "last_name": "",
            "is_active": true,
            "is_superuser": true,
            "is_staff": true,
            "last_login": "2013-05-28T17:56:35Z",
            "groups": [],
            "user_permissions": [],
            "password": "pbkdf2_sha256$10000$A5wznXXU9JgL$ayEz68pTiyWAGZyszqGPrx7qOOi7JRaU8nCIKA0yVlQ=",
            "email": "asdf@asdf.cm",
            "date_joined": "2013-05-28T15:18:21Z"
        }
    },
    {
        "pk": 122,
        "model": "admin.logentry",
        "fields": {
            "action_flag": 2,
            "action_time": "2013-05-30T11:47:55Z",
            "object_repr": "W8 - Fund NAV by Sector",
            "object_id": "10",
            "change_message": "Changed size_x. Changed size_x for widget \"W8 - Euro Fund NAV by Sector Table\".",
            "user": 1,
            "content_type": 10
        }
    },
    {
        "pk": 121,
        "model": "admin.logentry",
        "fields": {
            "action_flag": 2,
            "action_time": "2013-05-30T11:47:44Z",
            "object_repr": "W9 - Fund NAV by Sub Sector",
            "object_id": "11",
            "change_message": "Changed size_x. Changed size_x for widget \"W9 - Euro Fund NAV by Sub Sector Table\".",
            "user": 1,
            "content_type": 10
        }
    },
    {
        "pk": 120,
        "model": "admin.logentry",
        "fields": {
            "action_flag": 2,
            "action_time": "2013-05-30T11:47:34Z",
            "object_repr": "W10 - Euro Fund NAV by Location Table",
            "object_id": "12",
            "change_message": "Changed size_x. Changed size_x for widget \"W10 - Euro Fund NAV by Location Table\".",
            "user": 1,
            "content_type": 10
        }
    },
    {
        "pk": 119,
        "model": "admin.logentry",
        "fields": {
            "action_flag": 2,
            "action_time": "2013-05-30T11:47:16Z",
            "object_repr": "Asset Allocation / W8 - Fund NAV by Sector",
            "object_id": "11",
            "change_message": "Changed size_x.",
            "user": 1,
            "content_type": 15
        }
    },
    {
        "pk": 118,
        "model": "admin.logentry",
        "fields": {
            "action_flag": 2,
            "action_time": "2013-05-30T11:47:04Z",
            "object_repr": "Asset Allocation / W9 - Fund NAV by Sub Sector",
            "object_id": "12",
            "change_message": "Changed size_x.",
            "user": 1,
            "content_type": 15
        }
    },
    {
        "pk": 117,
        "model": "admin.logentry",
        "fields": {
            "action_flag": 2,
            "action_time": "2013-05-30T11:46:56Z",
            "object_repr": "Asset Allocation / W10 - Euro Fund NAV by Location Table",
            "object_id": "13",
            "change_message": "Changed size_x.",
            "user": 1,
            "content_type": 15
        }
    },
    {
        "pk": 116,
        "model": "admin.logentry",
        "fields": {
            "action_flag": 1,
            "action_time": "2013-05-30T11:08:05Z",
            "object_repr": "Asset Allocation / W10 - Euro Fund NAV by Location Table",
            "object_id": "13",
            "change_message": "",
            "user": 1,
            "content_type": 15
        }
    },
    {
        "pk": 115,
        "model": "admin.logentry",
        "fields": {
            "action_flag": 1,
            "action_time": "2013-05-30T10:17:32Z",
            "object_repr": "W10 - Euro Fund NAV by Location Table",
            "object_id": "12",
            "change_message": "",
            "user": 1,
            "content_type": 10
        }
    },
    {
        "pk": 114,
        "model": "admin.logentry",
        "fields": {
            "action_flag": 2,
            "action_time": "2013-05-30T10:15:12Z",
            "object_repr": "W9 - Euro Fund NAV by Sub Sector Table",
            "object_id": "20",
            "change_message": "Changed widget_param.",
            "user": 1,
            "content_type": 13
        }
    },
    {
        "pk": 113,
        "model": "admin.logentry",
        "fields": {
            "action_flag": 2,
            "action_time": "2013-05-30T10:13:35Z",
            "object_repr": "Asset Allocation / W9 - Fund NAV by Sub Sector",
            "object_id": "12",
            "change_message": "Changed size_x.",
            "user": 1,
            "content_type": 15
        }
    },
    {
        "pk": 112,
        "model": "admin.logentry",
        "fields": {
            "action_flag": 1,
            "action_time": "2013-05-30T10:12:52Z",
            "object_repr": "Asset Allocation / W9 - Fund NAV by Sub Sector",
            "object_id": "12",
            "change_message": "",
            "user": 1,
            "content_type": 15
        }
    },
    {
        "pk": 111,
        "model": "admin.logentry",
        "fields": {
            "action_flag": 1,
            "action_time": "2013-05-30T10:12:17Z",
            "object_repr": "W9 - Fund NAV by Sub Sector",
            "object_id": "11",
            "change_message": "",
            "user": 1,
            "content_type": 10
        }
    },
    {
        "pk": 110,
        "model": "admin.logentry",
        "fields": {
            "action_flag": 2,
            "action_time": "2013-05-30T10:11:19Z",
            "object_repr": "W8 - Euro Fund NAV by Sector Table",
            "object_id": "19",
            "change_message": "Changed widget_param.",
            "user": 1,
            "content_type": 13
        }
    },
    {
        "pk": 109,
        "model": "admin.logentry",
        "fields": {
            "action_flag": 2,
            "action_time": "2013-05-30T10:07:29Z",
            "object_repr": "W8 - Euro Fund NAV by Sector Table",
            "object_id": "19",
            "change_message": "Changed name.",
            "user": 1,
            "content_type": 13
        }
    },
    {
        "pk": 108,
        "model": "admin.logentry",
        "fields": {
            "action_flag": 2,
            "action_time": "2013-05-30T10:04:20Z",
            "object_repr": "W8 - Fund NAV by Sector",
            "object_id": "10",
            "change_message": "Changed widget_param for widget \"W8 - Euro Fund NAV by Location Table\".",
            "user": 1,
            "content_type": 10
        }
    },
    {
        "pk": 107,
        "model": "admin.logentry",
        "fields": {
            "action_flag": 2,
            "action_time": "2013-05-30T09:58:07Z",
            "object_repr": "W8 - Fund NAV by Sector",
            "object_id": "10",
            "change_message": "Changed size_x. Changed size_x for widget \"W8 - Euro Fund NAV by Location Table\".",
            "user": 1,
            "content_type": 10
        }
    },
    {
        "pk": 106,
        "model": "admin.logentry",
        "fields": {
            "action_flag": 2,
            "action_time": "2013-05-30T09:57:49Z",
            "object_repr": "Asset Allocation / W8 - Fund NAV by Sector",
            "object_id": "11",
            "change_message": "Changed size_x.",
            "user": 1,
            "content_type": 15
        }
    },
    {
        "pk": 105,
        "model": "admin.logentry",
        "fields": {
            "action_flag": 2,
            "action_time": "2013-05-30T09:57:18Z",
            "object_repr": "W8 - Fund NAV by Sector",
            "object_id": "10",
            "change_message": "Changed size_x. Changed size_x for widget \"W8 - Euro Fund NAV by Location Table\".",
            "user": 1,
            "content_type": 10
        }
    },
    {
        "pk": 104,
        "model": "admin.logentry",
        "fields": {
            "action_flag": 3,
            "action_time": "2013-05-30T09:46:47Z",
            "object_repr": "W8 - Fund NAV by Sector Pie Chart",
            "object_id": "18",
            "change_message": "",
            "user": 1,
            "content_type": 13
        }
    },
    {
        "pk": 103,
        "model": "admin.logentry",
        "fields": {
            "action_flag": 2,
            "action_time": "2013-05-30T09:25:59Z",
            "object_repr": "W8 - Fund NAV by Sector",
            "object_id": "10",
            "change_message": "Changed size_x.",
            "user": 1,
            "content_type": 10
        }
    },
    {
        "pk": 102,
        "model": "admin.logentry",
        "fields": {
            "action_flag": 2,
            "action_time": "2013-05-30T01:39:28Z",
            "object_repr": "Asset Allocation / W8 - Fund NAV by Sector",
            "object_id": "11",
            "change_message": "Changed size_x.",
            "user": 1,
            "content_type": 15
        }
    },
    {
        "pk": 101,
        "model": "admin.logentry",
        "fields": {
            "action_flag": 2,
            "action_time": "2013-05-30T01:39:15Z",
            "object_repr": "W8 - Fund NAV by Sector",
            "object_id": "10",
            "change_message": "Changed size_x. Changed size_y and size_x for widget \"W8 - Euro Fund NAV by Location Table\".",
            "user": 1,
            "content_type": 10
        }
    },
    {
        "pk": 100,
        "model": "admin.logentry",
        "fields": {
            "action_flag": 2,
            "action_time": "2013-05-30T01:32:27Z",
            "object_repr": "W8 - Euro Fund NAV by Location Table",
            "object_id": "19",
            "change_message": "Changed widget_param.",
            "user": 1,
            "content_type": 13
        }
    },
    {
        "pk": 99,
        "model": "admin.logentry",
        "fields": {
            "action_flag": 2,
            "action_time": "2013-05-30T00:55:33Z",
            "object_repr": "W8 - Euro Fund NAV by Location Table",
            "object_id": "19",
            "change_message": "Changed widget_param.",
            "user": 1,
            "content_type": 13
        }
    },
    {
        "pk": 98,
        "model": "admin.logentry",
        "fields": {
            "action_flag": 2,
            "action_time": "2013-05-30T00:53:18Z",
            "object_repr": "W8 - Euro Fund NAV by Location Table",
            "object_id": "19",
            "change_message": "Changed name.",
            "user": 1,
            "content_type": 13
        }
    },
    {
        "pk": 97,
        "model": "admin.logentry",
        "fields": {
            "action_flag": 2,
            "action_time": "2013-05-30T00:46:45Z",
            "object_repr": "W8 - \u20ac Fund NAV by Location Table",
            "object_id": "19",
            "change_message": "Changed name and widget_param.",
            "user": 1,
            "content_type": 13
        }
    },
    {
        "pk": 96,
        "model": "admin.logentry",
        "fields": {
            "action_flag": 2,
            "action_time": "2013-05-30T00:45:41Z",
            "object_repr": "title=\u20ac",
            "object_id": "30",
            "change_message": "Changed value.",
            "user": 1,
            "content_type": 12
        }
    },
    {
        "pk": 95,
        "model": "admin.logentry",
        "fields": {
            "action_flag": 1,
            "action_time": "2013-05-30T00:44:24Z",
            "object_repr": "title=% of Fund",
            "object_id": "31",
            "change_message": "",
            "user": 1,
            "content_type": 12
        }
    },
    {
        "pk": 94,
        "model": "admin.logentry",
        "fields": {
            "action_flag": 1,
            "action_time": "2013-05-30T00:43:46Z",
            "object_repr": "title=%",
            "object_id": "30",
            "change_message": "",
            "user": 1,
            "content_type": 12
        }
    },
    {
        "pk": 93,
        "model": "admin.logentry",
        "fields": {
            "action_flag": 2,
            "action_time": "2013-05-30T00:43:24Z",
            "object_repr": "W8 - % of Fund NAV by Location Table",
            "object_id": "19",
            "change_message": "Changed name.",
            "user": 1,
            "content_type": 13
        }
    },
    {
        "pk": 92,
        "model": "admin.logentry",
        "fields": {
            "action_flag": 2,
            "action_time": "2013-05-29T23:52:55Z",
            "object_repr": "W8 - Fund NAV by Location Table",
            "object_id": "19",
            "change_message": "Changed key and widget_param.",
            "user": 1,
            "content_type": 13
        }
    },
    {
        "pk": 91,
        "model": "admin.logentry",
        "fields": {
            "action_flag": 2,
            "action_time": "2013-05-29T23:26:46Z",
            "object_repr": "W5 - Performance by Location Table",
            "object_id": "13",
            "change_message": "Changed widget_param.",
            "user": 1,
            "content_type": 13
        }
    },
    {
        "pk": 90,
        "model": "admin.logentry",
        "fields": {
            "action_flag": 2,
            "action_time": "2013-05-29T23:26:31Z",
            "object_repr": "W4 - Performance by Sub Sector Table",
            "object_id": "11",
            "change_message": "Changed widget_param.",
            "user": 1,
            "content_type": 13
        }
    },
    {
        "pk": 89,
        "model": "admin.logentry",
        "fields": {
            "action_flag": 2,
            "action_time": "2013-05-29T23:26:22Z",
            "object_repr": "W3 - Fund Performance Data Table",
            "object_id": "9",
            "change_message": "Changed widget_param.",
            "user": 1,
            "content_type": 13
        }
    },
    {
        "pk": 88,
        "model": "admin.logentry",
        "fields": {
            "action_flag": 1,
            "action_time": "2013-05-29T23:22:11Z",
            "object_repr": "fields=weight",
            "object_id": "29",
            "change_message": "",
            "user": 1,
            "content_type": 12
        }
    },
    {
        "pk": 87,
        "model": "admin.logentry",
        "fields": {
            "action_flag": 1,
            "action_time": "2013-05-29T23:21:54Z",
            "object_repr": "fields=nav",
            "object_id": "28",
            "change_message": "",
            "user": 1,
            "content_type": 12
        }
    },
    {
        "pk": 86,
        "model": "admin.logentry",
        "fields": {
            "action_flag": 1,
            "action_time": "2013-05-29T23:21:48Z",
            "object_repr": "fields=value",
            "object_id": "27",
            "change_message": "",
            "user": 1,
            "content_type": 12
        }
    },
    {
        "pk": 85,
        "model": "admin.logentry",
        "fields": {
            "action_flag": 2,
            "action_time": "2013-05-29T22:56:09Z",
            "object_repr": "W8 - Fund NAV by Sector",
            "object_id": "10",
            "change_message": "Changed widget_type for widget \"W8 - Fund NAV by Location Table\".",
            "user": 1,
            "content_type": 10
        }
    },
    {
        "pk": 84,
        "model": "admin.logentry",
        "fields": {
            "action_flag": 1,
            "action_time": "2013-05-29T22:55:48Z",
            "object_repr": "Euro Percent Table",
            "object_id": "9",
            "change_message": "",
            "user": 1,
            "content_type": 11
        }
    },
    {
        "pk": 83,
        "model": "admin.logentry",
        "fields": {
            "action_flag": 2,
            "action_time": "2013-05-29T22:54:45Z",
            "object_repr": "W8 - Fund NAV by Sector",
            "object_id": "10",
            "change_message": "No fields changed.",
            "user": 1,
            "content_type": 10
        }
    },
    {
        "pk": 82,
        "model": "admin.logentry",
        "fields": {
            "action_flag": 2,
            "action_time": "2013-05-29T22:20:16Z",
            "object_repr": "Asset Allocation / W8 - Fund NAV by Sector",
            "object_id": "11",
            "change_message": "Changed size_y and size_x.",
            "user": 1,
            "content_type": 15
        }
    },
    {
        "pk": 81,
        "model": "admin.logentry",
        "fields": {
            "action_flag": 2,
            "action_time": "2013-05-29T22:18:41Z",
            "object_repr": "W8 - Fund NAV by Sector",
            "object_id": "10",
            "change_message": "Changed size_y and size_x. Changed size_x for widget \"W8 - Fund NAV by Location Table\". Changed size_x for widget \"W8 - Fund NAV by Sector Pie Chart\".",
            "user": 1,
            "content_type": 10
        }
    },
    {
        "pk": 80,
        "model": "admin.logentry",
        "fields": {
            "action_flag": 2,
            "action_time": "2013-05-29T22:15:47Z",
            "object_repr": "W8 - Fund NAV by Sector",
            "object_id": "10",
            "change_message": "Changed layout. Changed position for widget \"W8 - Fund NAV by Location Table\".",
            "user": 1,
            "content_type": 10
        }
    },
    {
        "pk": 79,
        "model": "admin.logentry",
        "fields": {
            "action_flag": 1,
            "action_time": "2013-05-29T22:15:28Z",
            "object_repr": "W8 - Fund NAV by Location Table",
            "object_id": "19",
            "change_message": "",
            "user": 1,
            "content_type": 13
        }
    },
    {
        "pk": 78,
        "model": "admin.logentry",
        "fields": {
            "action_flag": 1,
            "action_time": "2013-05-29T22:07:30Z",
            "object_repr": "W8 - Fund NAV by Sector Pie Chart",
            "object_id": "18",
            "change_message": "",
            "user": 1,
            "content_type": 13
        }
    },
    {
        "pk": 77,
        "model": "admin.logentry",
        "fields": {
            "action_flag": 2,
            "action_time": "2013-05-29T20:54:47Z",
            "object_repr": "W5 - Performance by Location Bar Chart",
            "object_id": "14",
            "change_message": "Changed widget_param.",
            "user": 1,
            "content_type": 13
        }
    },
    {
        "pk": 76,
        "model": "admin.logentry",
        "fields": {
            "action_flag": 2,
            "action_time": "2013-05-29T20:54:32Z",
            "object_repr": "W3 -  Performance by Sector Bar Chart",
            "object_id": "10",
            "change_message": "Changed widget_param.",
            "user": 1,
            "content_type": 13
        }
    },
    {
        "pk": 75,
        "model": "admin.logentry",
        "fields": {
            "action_flag": 2,
            "action_time": "2013-05-29T20:53:55Z",
            "object_repr": "W5 - Performance by Location Table",
            "object_id": "13",
            "change_message": "Changed widget_param.",
            "user": 1,
            "content_type": 13
        }
    },
    {
        "pk": 74,
        "model": "admin.logentry",
        "fields": {
            "action_flag": 2,
            "action_time": "2013-05-29T20:53:41Z",
            "object_repr": "W4 - Performance by Sub Sector Table",
            "object_id": "11",
            "change_message": "Changed widget_param.",
            "user": 1,
            "content_type": 13
        }
    },
    {
        "pk": 73,
        "model": "admin.logentry",
        "fields": {
            "action_flag": 2,
            "action_time": "2013-05-29T20:52:40Z",
            "object_repr": "W5 - Performance by Location Table",
            "object_id": "13",
            "change_message": "Changed widget_param.",
            "user": 1,
            "content_type": 13
        }
    },
    {
        "pk": 72,
        "model": "admin.logentry",
        "fields": {
            "action_flag": 2,
            "action_time": "2013-05-29T20:52:22Z",
            "object_repr": "W4 - Performance by Sub Sector Table",
            "object_id": "11",
            "change_message": "Changed widget_param.",
            "user": 1,
            "content_type": 13
        }
    },
    {
        "pk": 71,
        "model": "admin.logentry",
        "fields": {
            "action_flag": 1,
            "action_time": "2013-05-29T20:51:13Z",
            "object_repr": "year__fund=FUND",
            "object_id": "26",
            "change_message": "",
            "user": 1,
            "content_type": 12
        }
    },
    {
        "pk": 70,
        "model": "admin.logentry",
        "fields": {
            "action_flag": 2,
            "action_time": "2013-05-29T10:44:20Z",
            "object_repr": "Asset Allocation / W11 - Gale B Holdings Trade Tables and Graphs",
            "object_id": "10",
            "change_message": "Changed size_x.",
            "user": 1,
            "content_type": 15
        }
    },
    {
        "pk": 69,
        "model": "admin.logentry",
        "fields": {
            "action_flag": 2,
            "action_time": "2013-05-29T10:40:55Z",
            "object_repr": "Asset Allocation / W11 - Gale B Holdings Trade Tables and Graphs",
            "object_id": "10",
            "change_message": "Changed size_y.",
            "user": 1,
            "content_type": 15
        }
    },
    {
        "pk": 68,
        "model": "admin.logentry",
        "fields": {
            "action_flag": 2,
            "action_time": "2013-05-29T10:08:25Z",
            "object_repr": "W8 - Fund NAV by Sector",
            "object_id": "10",
            "change_message": "Changed size_y and size_x.",
            "user": 1,
            "content_type": 10
        }
    },
    {
        "pk": 67,
        "model": "admin.logentry",
        "fields": {
            "action_flag": 2,
            "action_time": "2013-05-29T10:08:13Z",
            "object_repr": "Asset Allocation / W8 - Fund NAV by Sector",
            "object_id": "11",
            "change_message": "Changed size_y and size_x.",
            "user": 1,
            "content_type": 15
        }
    },
    {
        "pk": 66,
        "model": "admin.logentry",
        "fields": {
            "action_flag": 1,
            "action_time": "2013-05-29T10:07:29Z",
            "object_repr": "Asset Allocation / W8 - Fund NAV by Sector",
            "object_id": "11",
            "change_message": "",
            "user": 1,
            "content_type": 15
        }
    },
    {
        "pk": 65,
        "model": "admin.logentry",
        "fields": {
            "action_flag": 1,
            "action_time": "2013-05-29T10:06:46Z",
            "object_repr": "W8 - Fund NAV by Sector",
            "object_id": "10",
            "change_message": "",
            "user": 1,
            "content_type": 10
        }
    },
    {
        "pk": 64,
        "model": "admin.logentry",
        "fields": {
            "action_flag": 2,
            "action_time": "2013-05-29T09:59:44Z",
            "object_repr": "Asset Allocation / W11 - Gale B Holdings Trade Tables and Graphs",
            "object_id": "10",
            "change_message": "Changed size_x, col and row.",
            "user": 1,
            "content_type": 15
        }
    },
    {
        "pk": 63,
        "model": "admin.logentry",
        "fields": {
            "action_flag": 1,
            "action_time": "2013-05-29T09:58:14Z",
            "object_repr": "Asset Allocation / W11 - Gale B Holdings Trade Tables and Graphs",
            "object_id": "10",
            "change_message": "",
            "user": 1,
            "content_type": 15
        }
    },
    {
        "pk": 62,
        "model": "admin.logentry",
        "fields": {
            "action_flag": 2,
            "action_time": "2013-05-29T09:55:36Z",
            "object_repr": "Asset Allocation / W7 - Fund Allocation NAV Bar",
            "object_id": "9",
            "change_message": "Changed size_x.",
            "user": 1,
            "content_type": 15
        }
    },
    {
        "pk": 61,
        "model": "admin.logentry",
        "fields": {
            "action_flag": 2,
            "action_time": "2013-05-29T09:55:26Z",
            "object_repr": "Asset Allocation / W6 - Fund Historical NAV Table",
            "object_id": "8",
            "change_message": "Changed size_y and size_x.",
            "user": 1,
            "content_type": 15
        }
    },
    {
        "pk": 60,
        "model": "admin.logentry",
        "fields": {
            "action_flag": 2,
            "action_time": "2013-05-29T09:55:02Z",
            "object_repr": "W6 - Fund Historical NAV Table",
            "object_id": "8",
            "change_message": "Changed size_x.",
            "user": 1,
            "content_type": 10
        }
    },
    {
        "pk": 59,
        "model": "admin.logentry",
        "fields": {
            "action_flag": 2,
            "action_time": "2013-05-29T09:54:33Z",
            "object_repr": "W6 - Fund Historical NAV ",
            "object_id": "16",
            "change_message": "Changed size_y and size_x.",
            "user": 1,
            "content_type": 13
        }
    },
    {
        "pk": 58,
        "model": "admin.logentry",
        "fields": {
            "action_flag": 2,
            "action_time": "2013-05-29T09:54:23Z",
            "object_repr": "W7 - Fund Historical NAV Bar",
            "object_id": "17",
            "change_message": "Changed size_x.",
            "user": 1,
            "content_type": 13
        }
    },
    {
        "pk": 57,
        "model": "admin.logentry",
        "fields": {
            "action_flag": 2,
            "action_time": "2013-05-29T09:54:08Z",
            "object_repr": "W2 - Fund Holding Performance Bar Graph",
            "object_id": "7",
            "change_message": "Changed size_y and size_x.",
            "user": 1,
            "content_type": 13
        }
    },
    {
        "pk": 56,
        "model": "admin.logentry",
        "fields": {
            "action_flag": 2,
            "action_time": "2013-05-29T09:53:55Z",
            "object_repr": "W2 - Fund Holding Performance Bar Graph",
            "object_id": "7",
            "change_message": "Changed size_y and size_x.",
            "user": 1,
            "content_type": 13
        }
    },
    {
        "pk": 55,
        "model": "admin.logentry",
        "fields": {
            "action_flag": 2,
            "action_time": "2013-05-29T09:53:22Z",
            "object_repr": "W1 - Data Table",
            "object_id": "5",
            "change_message": "Changed size_y and size_x.",
            "user": 1,
            "content_type": 13
        }
    },
    {
        "pk": 54,
        "model": "admin.logentry",
        "fields": {
            "action_flag": 2,
            "action_time": "2013-05-28T22:29:24Z",
            "object_repr": "W7 - Fund Historical NAV Bar",
            "object_id": "17",
            "change_message": "Changed name.",
            "user": 1,
            "content_type": 13
        }
    },
    {
        "pk": 53,
        "model": "admin.logentry",
        "fields": {
            "action_flag": 2,
            "action_time": "2013-05-28T22:03:52Z",
            "object_repr": "W7 - Fund Allocation NAV Bar",
            "object_id": "9",
            "change_message": "Changed name.",
            "user": 1,
            "content_type": 10
        }
    },
    {
        "pk": 52,
        "model": "admin.logentry",
        "fields": {
            "action_flag": 2,
            "action_time": "2013-05-28T22:03:35Z",
            "object_repr": "W7 - Fund Historical NAV Bar",
            "object_id": "9",
            "change_message": "Changed name and key.",
            "user": 1,
            "content_type": 10
        }
    },
    {
        "pk": 51,
        "model": "admin.logentry",
        "fields": {
            "action_flag": 1,
            "action_time": "2013-05-28T22:03:22Z",
            "object_repr": "Asset Allocation / W6 - Fund Historical NAV Bar",
            "object_id": "9",
            "change_message": "",
            "user": 1,
            "content_type": 15
        }
    },
    {
        "pk": 50,
        "model": "admin.logentry",
        "fields": {
            "action_flag": 1,
            "action_time": "2013-05-28T22:02:20Z",
            "object_repr": "W6 - Fund Historical NAV Bar",
            "object_id": "9",
            "change_message": "",
            "user": 1,
            "content_type": 10
        }
    },
    {
        "pk": 49,
        "model": "admin.logentry",
        "fields": {
            "action_flag": 2,
            "action_time": "2013-05-28T22:00:10Z",
            "object_repr": "W6 - Fund Historical NAV Table",
            "object_id": "8",
            "change_message": "Changed name.",
            "user": 1,
            "content_type": 10
        }
    },
    {
        "pk": 48,
        "model": "admin.logentry",
        "fields": {
            "action_flag": 2,
            "action_time": "2013-05-28T21:59:14Z",
            "object_repr": "W6 - Fund Historical NAV ",
            "object_id": "8",
            "change_message": "Changed name.",
            "user": 1,
            "content_type": 10
        }
    },
    {
        "pk": 47,
        "model": "admin.logentry",
        "fields": {
            "action_flag": 2,
            "action_time": "2013-05-28T21:59:02Z",
            "object_repr": "W6 - Fund Historical NAV ",
            "object_id": "16",
            "change_message": "Changed name.",
            "user": 1,
            "content_type": 13
        }
    },
    {
        "pk": 46,
        "model": "admin.logentry",
        "fields": {
            "action_flag": 2,
            "action_time": "2013-05-28T21:58:17Z",
            "object_repr": "W7 - Fund Historical NAV ",
            "object_id": "16",
            "change_message": "Changed size_x.",
            "user": 1,
            "content_type": 13
        }
    },
    {
        "pk": 45,
        "model": "admin.logentry",
        "fields": {
            "action_flag": 2,
            "action_time": "2013-05-28T21:57:55Z",
            "object_repr": "W7 - Fund Historical NAV ",
            "object_id": "16",
            "change_message": "Changed size_y.",
            "user": 1,
            "content_type": 13
        }
    },
    {
        "pk": 44,
        "model": "admin.logentry",
        "fields": {
            "action_flag": 2,
            "action_time": "2013-05-28T21:57:37Z",
            "object_repr": "Asset Allocation / W7 - Fund Historical NAV ",
            "object_id": "8",
            "change_message": "Changed size_y and size_x.",
            "user": 1,
            "content_type": 15
        }
    },
    {
        "pk": 43,
        "model": "admin.logentry",
        "fields": {
            "action_flag": 2,
            "action_time": "2013-05-28T21:57:09Z",
            "object_repr": "Asset Allocation / W7 - Fund Historical NAV ",
            "object_id": "8",
            "change_message": "Changed size_x.",
            "user": 1,
            "content_type": 15
        }
    },
    {
        "pk": 42,
        "model": "admin.logentry",
        "fields": {
            "action_flag": 2,
            "action_time": "2013-05-28T21:56:59Z",
            "object_repr": "W7 - Fund Historical NAV ",
            "object_id": "8",
            "change_message": "Changed size_x. Changed position for widget \"W7 - Fund Historical NAV \".",
            "user": 1,
            "content_type": 10
        }
    },
    {
        "pk": 41,
        "model": "admin.logentry",
        "fields": {
            "action_flag": 2,
            "action_time": "2013-05-28T21:56:48Z",
            "object_repr": "W7 - Fund Historical NAV ",
            "object_id": "16",
            "change_message": "Changed size_x.",
            "user": 1,
            "content_type": 13
        }
    },
    {
        "pk": 40,
        "model": "admin.logentry",
        "fields": {
            "action_flag": 1,
            "action_time": "2013-05-28T21:49:19Z",
            "object_repr": "W7 - Fund Historical NAV ",
            "object_id": "16",
            "change_message": "",
            "user": 1,
            "content_type": 13
        }
    },
    {
        "pk": 39,
        "model": "admin.logentry",
        "fields": {
            "action_flag": 1,
            "action_time": "2013-05-28T21:35:27Z",
            "object_repr": "Asset Allocation / W7 - Fund Historical NAV ",
            "object_id": "8",
            "change_message": "",
            "user": 1,
            "content_type": 15
        }
    },
    {
        "pk": 38,
        "model": "admin.logentry",
        "fields": {
            "action_flag": 1,
            "action_time": "2013-05-28T21:35:03Z",
            "object_repr": "W7 - Fund Historical NAV ",
            "object_id": "8",
            "change_message": "",
            "user": 1,
            "content_type": 10
        }
    },
    {
        "pk": 37,
        "model": "admin.logentry",
        "fields": {
            "action_flag": 1,
            "action_time": "2013-05-28T21:34:47Z",
            "object_repr": "manager",
            "object_id": "1",
            "change_message": "",
            "user": 1,
            "content_type": 2
        }
    },
    {
        "pk": 36,
        "model": "admin.logentry",
        "fields": {
            "action_flag": 2,
            "action_time": "2013-05-28T18:50:04Z",
            "object_repr": "W11 - Data Table",
            "object_id": "1",
            "change_message": "Changed key.",
            "user": 1,
            "content_type": 13
        }
    },
    {
        "pk": 35,
        "model": "admin.logentry",
        "fields": {
            "action_flag": 1,
            "action_time": "2013-05-28T18:01:14Z",
            "object_repr": "Trade object",
            "object_id": "5",
            "change_message": "",
            "user": 1,
            "content_type": 28
        }
    },
    {
        "pk": 34,
        "model": "admin.logentry",
        "fields": {
            "action_flag": 2,
            "action_time": "2013-05-28T18:00:50Z",
            "object_repr": "W1 - Month Table",
            "object_id": "6",
            "change_message": "Changed widget_param.",
            "user": 1,
            "content_type": 13
        }
    },
    {
        "pk": 33,
        "model": "admin.logentry",
        "fields": {
            "action_flag": 1,
            "action_time": "2013-05-28T18:00:39Z",
            "object_repr": "Trade object",
            "object_id": "4",
            "change_message": "",
            "user": 1,
            "content_type": 28
        }
    },
    {
        "pk": 32,
        "model": "admin.logentry",
        "fields": {
            "action_flag": 1,
            "action_time": "2013-05-28T18:00:04Z",
            "object_repr": "Trade object",
            "object_id": "3",
            "change_message": "",
            "user": 1,
            "content_type": 28
        }
    },
    {
        "pk": 31,
        "model": "admin.logentry",
        "fields": {
            "action_flag": 1,
            "action_time": "2013-05-28T17:59:31Z",
            "object_repr": "Trade object",
            "object_id": "2",
            "change_message": "",
            "user": 1,
            "content_type": 28
        }
    },
    {
        "pk": 30,
        "model": "admin.logentry",
        "fields": {
            "action_flag": 2,
            "action_time": "2013-05-28T17:58:49Z",
            "object_repr": "W1 - Month Table",
            "object_id": "6",
            "change_message": "Changed key.",
            "user": 1,
            "content_type": 13
        }
    },
    {
        "pk": 29,
        "model": "admin.logentry",
        "fields": {
            "action_flag": 1,
            "action_time": "2013-05-28T17:58:47Z",
            "object_repr": "Trade object",
            "object_id": "1",
            "change_message": "",
            "user": 1,
            "content_type": 28
        }
    },
    {
        "pk": 28,
        "model": "admin.logentry",
        "fields": {
            "action_flag": 3,
            "action_time": "2013-05-28T17:57:46Z",
            "object_repr": "W11 - Holding Price Line Graph",
            "object_id": "2",
            "change_message": "",
            "user": 1,
            "content_type": 13
        }
    },
    {
        "pk": 27,
        "model": "admin.logentry",
        "fields": {
            "action_flag": 1,
            "action_time": "2013-05-28T17:39:21Z",
            "object_repr": "W11 - Trade Volume Bar Graph",
            "object_id": "15",
            "change_message": "",
            "user": 1,
            "content_type": 13
        }
    },
    {
        "pk": 26,
        "model": "admin.logentry",
        "fields": {
            "action_flag": 2,
            "action_time": "2013-05-28T17:36:22Z",
            "object_repr": "W11 - Holding Price Line Graph",
            "object_id": "2",
            "change_message": "Changed widget_param.",
            "user": 1,
            "content_type": 13
        }
    },
    {
        "pk": 25,
        "model": "admin.logentry",
        "fields": {
            "action_flag": 1,
            "action_time": "2013-05-28T17:35:49Z",
            "object_repr": "holding_fund=FUND",
            "object_id": "25",
            "change_message": "",
            "user": 1,
            "content_type": 12
        }
    },
    {
        "pk": 24,
        "model": "admin.logentry",
        "fields": {
            "action_flag": 2,
            "action_time": "2013-05-28T17:35:33Z",
            "object_repr": "W11 - Holding Price Line Graph",
            "object_id": "2",
            "change_message": "Changed name and key.",
            "user": 1,
            "content_type": 13
        }
    },
    {
        "pk": 23,
        "model": "admin.logentry",
        "fields": {
            "action_flag": 2,
            "action_time": "2013-05-28T17:32:09Z",
            "object_repr": "W16 - Data Table",
            "object_id": "4",
            "change_message": "Changed key.",
            "user": 1,
            "content_type": 13
        }
    },
    {
        "pk": 22,
        "model": "admin.logentry",
        "fields": {
            "action_flag": 2,
            "action_time": "2013-05-28T16:43:05Z",
            "object_repr": "W16 - Line Graph",
            "object_id": "3",
            "change_message": "Changed key.",
            "user": 1,
            "content_type": 13
        }
    },
    {
        "pk": 21,
        "model": "admin.logentry",
        "fields": {
            "action_flag": 2,
            "action_time": "2013-05-28T16:20:21Z",
            "object_repr": "W11 - Data Table",
            "object_id": "1",
            "change_message": "Changed key.",
            "user": 1,
            "content_type": 13
        }
    },
    {
        "pk": 20,
        "model": "admin.logentry",
        "fields": {
            "action_flag": 2,
            "action_time": "2013-05-28T16:13:04Z",
            "object_repr": "W5 - Performance by Location Bar Chart",
            "object_id": "14",
            "change_message": "Changed widget_param.",
            "user": 1,
            "content_type": 13
        }
    },
    {
        "pk": 19,
        "model": "admin.logentry",
        "fields": {
            "action_flag": 2,
            "action_time": "2013-05-28T16:12:38Z",
            "object_repr": "W4 - Performance by Sub-Sector Bar Chart",
            "object_id": "12",
            "change_message": "Changed name.",
            "user": 1,
            "content_type": 13
        }
    },
    {
        "pk": 18,
        "model": "admin.logentry",
        "fields": {
            "action_flag": 2,
            "action_time": "2013-05-28T16:12:12Z",
            "object_repr": "W4 - Fund Hold Performance Bar Chart",
            "object_id": "12",
            "change_message": "Changed widget_param.",
            "user": 1,
            "content_type": 13
        }
    },
    {
        "pk": 16,
        "model": "admin.logentry",
        "fields": {
            "action_flag": 2,
            "action_time": "2013-05-28T16:11:38Z",
            "object_repr": "W4 - Fund Hold Performance Bar Chart",
            "object_id": "12",
            "change_message": "Changed key.",
            "user": 1,
            "content_type": 13
        }
    },
    {
        "pk": 17,
        "model": "admin.logentry",
        "fields": {
            "action_flag": 2,
            "action_time": "2013-05-28T16:11:38Z",
            "object_repr": "W5 - Performance by Location Bar Chart",
            "object_id": "14",
            "change_message": "Changed key.",
            "user": 1,
            "content_type": 13
        }
    },
    {
        "pk": 15,
        "model": "admin.logentry",
        "fields": {
            "action_flag": 2,
            "action_time": "2013-05-28T16:11:32Z",
            "object_repr": "W3 -  Performance by Sector Bar Chart",
            "object_id": "10",
            "change_message": "Changed key.",
            "user": 1,
            "content_type": 13
        }
    },
    {
        "pk": 14,
        "model": "admin.logentry",
        "fields": {
            "action_flag": 2,
            "action_time": "2013-05-28T16:10:28Z",
            "object_repr": "W3 -  Performance by Sector Bar Chart",
            "object_id": "10",
            "change_message": "Changed name and widget_param.",
            "user": 1,
            "content_type": 13
        }
    },
    {
        "pk": 13,
        "model": "admin.logentry",
        "fields": {
            "action_flag": 2,
            "action_time": "2013-05-28T16:01:00Z",
            "object_repr": "W5 - Performance by Location Table",
            "object_id": "13",
            "change_message": "Changed key and widget_param.",
            "user": 1,
            "content_type": 13
        }
    },
    {
        "pk": 12,
        "model": "admin.logentry",
        "fields": {
            "action_flag": 2,
            "action_time": "2013-05-28T16:00:14Z",
            "object_repr": "W4 - Performance by Sub Sector Table",
            "object_id": "11",
            "change_message": "Changed key and widget_param.",
            "user": 1,
            "content_type": 13
        }
    },
    {
        "pk": 11,
        "model": "admin.logentry",
        "fields": {
            "action_flag": 2,
            "action_time": "2013-05-28T15:59:24Z",
            "object_repr": "W3 - Fund Performance Data Table",
            "object_id": "9",
            "change_message": "Changed key and widget_param.",
            "user": 1,
            "content_type": 13
        }
    },
    {
        "pk": 10,
        "model": "admin.logentry",
        "fields": {
            "action_flag": 1,
            "action_time": "2013-05-28T15:58:29Z",
            "object_repr": "holding_category__holding_group=sec",
            "object_id": "24",
            "change_message": "",
            "user": 1,
            "content_type": 12
        }
    },
    {
        "pk": 9,
        "model": "admin.logentry",
        "fields": {
            "action_flag": 1,
            "action_time": "2013-05-28T15:58:21Z",
            "object_repr": "holding_category__holding_group=sub",
            "object_id": "23",
            "change_message": "",
            "user": 1,
            "content_type": 12
        }
    },
    {
        "pk": 8,
        "model": "admin.logentry",
        "fields": {
            "action_flag": 1,
            "action_time": "2013-05-28T15:58:16Z",
            "object_repr": "holding_category__holding_group=loc",
            "object_id": "22",
            "change_message": "",
            "user": 1,
            "content_type": 12
        }
    },
    {
        "pk": 7,
        "model": "admin.logentry",
        "fields": {
            "action_flag": 2,
            "action_time": "2013-05-28T15:57:12Z",
            "object_repr": "W3 - Fund Performance Data Table",
            "object_id": "9",
            "change_message": "Changed widget_param.",
            "user": 1,
            "content_type": 13
        }
    },
    {
        "pk": 6,
        "model": "admin.logentry",
        "fields": {
            "action_flag": 2,
            "action_time": "2013-05-28T15:49:15Z",
            "object_repr": "W2 - Fund Holding Performance Bar Graph",
            "object_id": "7",
            "change_message": "Changed key and widget_param.",
            "user": 1,
            "content_type": 13
        }
    },
    {
        "pk": 5,
        "model": "admin.logentry",
        "fields": {
            "action_flag": 1,
            "action_time": "2013-05-28T15:48:52Z",
            "object_repr": "value_date=DATE",
            "object_id": "21",
            "change_message": "",
            "user": 1,
            "content_type": 12
        }
    },
    {
        "pk": 4,
        "model": "admin.logentry",
        "fields": {
            "action_flag": 2,
            "action_time": "2013-05-28T15:48:36Z",
            "object_repr": "W2 - Fund Holding Performance Bar Graph",
            "object_id": "7",
            "change_message": "Changed widget_param.",
            "user": 1,
            "content_type": 13
        }
    },
    {
        "pk": 3,
        "model": "admin.logentry",
        "fields": {
            "action_flag": 2,
            "action_time": "2013-05-28T15:40:08Z",
            "object_repr": "W1 - Data Table",
            "object_id": "5",
            "change_message": "Changed widget_param.",
            "user": 1,
            "content_type": 13
        }
    },
    {
        "pk": 2,
        "model": "admin.logentry",
        "fields": {
            "action_flag": 1,
            "action_time": "2013-05-28T15:39:53Z",
            "object_repr": "value_date__month=MONTH",
            "object_id": "20",
            "change_message": "",
            "user": 1,
            "content_type": 12
        }
    },
    {
        "pk": 1,
        "model": "admin.logentry",
        "fields": {
            "action_flag": 1,
            "action_time": "2013-05-28T15:39:44Z",
            "object_repr": "value_date__year=YEAR",
            "object_id": "19",
            "change_message": "",
            "user": 1,
            "content_type": 12
        }
    },
    {
        "pk": 1,
        "model": "app.window",
        "fields": {
            "layout": "v",
            "name": "W11 - Gale B Holdings Trade Tables and Graphs",
            "access": [
                1
            ],
            "size_x": 5,
            "size_y": 5,
            "key": "w11"
        }
    },
    {
        "pk": 2,
        "model": "app.window",
        "fields": {
            "layout": "v",
            "name": "W16 - Gale B Performance against Benchmarks",
            "access": [
                1
            ],
            "size_x": 5,
            "size_y": 4,
            "key": "w16"
        }
    },
    {
        "pk": 3,
        "model": "app.window",
        "fields": {
            "layout": "v",
            "name": "W1 - Gale B Historical Performance",
            "access": [
                1
            ],
            "size_x": 6,
            "size_y": 4,
            "key": "w1"
        }
    },
    {
        "pk": 4,
        "model": "app.window",
        "fields": {
            "layout": "v",
            "name": "W2 - Gale B Holding Performance Bar Graph",
            "access": [
                1
            ],
            "size_x": 6,
            "size_y": 2,
            "key": "w2"
        }
    },
    {
        "pk": 5,
        "model": "app.window",
        "fields": {
            "layout": "v",
            "name": "W3 - Gale B Performance by Sector",
            "access": [
                1
            ],
            "size_x": 5,
            "size_y": 3,
            "key": "w3"
        }
    },
    {
        "pk": 6,
        "model": "app.window",
        "fields": {
            "layout": "v",
            "name": "W4 -  Gale B Performance by Sub Sector",
            "access": [
                1
            ],
            "size_x": 5,
            "size_y": 3,
            "key": "w4"
        }
    },
    {
        "pk": 7,
        "model": "app.window",
        "fields": {
            "layout": "v",
            "name": "W5 - Gale B Performance by Location",
            "access": [
                1
            ],
            "size_x": 5,
            "size_y": 6,
            "key": "w5"
        }
    },
    {
        "pk": 8,
        "model": "app.window",
        "fields": {
            "layout": "v",
            "name": "W6 - Fund Historical NAV Table",
            "access": [
                1
            ],
            "size_x": 7,
            "size_y": 3,
            "key": "w7"
        }
    },
    {
        "pk": 9,
        "model": "app.window",
        "fields": {
            "layout": "v",
            "name": "W7 - Fund Allocation NAV Bar",
            "access": [
                1
            ],
            "size_x": 5,
            "size_y": 2,
            "key": "w7"
        }
    },
    {
        "pk": 10,
        "model": "app.window",
        "fields": {
            "layout": "h",
            "name": "W8 - Fund NAV by Sector",
            "access": [
                1
            ],
            "size_x": 5,
            "size_y": 2,
            "key": "w8"
        }
    },
    {
        "pk": 11,
        "model": "app.window",
        "fields": {
            "layout": "v",
            "name": "W9 - Fund NAV by Sub Sector",
            "access": [
                1
            ],
            "size_x": 5,
            "size_y": 2,
            "key": "w9"
        }
    },
    {
        "pk": 12,
        "model": "app.window",
        "fields": {
            "layout": "v",
            "name": "W10 - Euro Fund NAV by Location Table",
            "access": [
                1
            ],
            "size_x": 5,
            "size_y": 2,
            "key": "w10"
        }
    },
    {
        "pk": 1,
        "model": "app.pagewindow",
        "fields": {
            "page": 3,
            "window": 1,
            "size_x": 6,
            "size_y": 6,
            "row": 1,
            "col": 16,
            "user": 1
        }
    },
    {
        "pk": 2,
        "model": "app.pagewindow",
        "fields": {
            "page": 3,
            "window": 2,
            "size_x": 5,
            "size_y": 3,
            "row": 4,
            "col": 6,
            "user": 1
        }
    },
    {
        "pk": 3,
        "model": "app.pagewindow",
        "fields": {
            "page": 3,
            "window": 3,
            "size_x": 5,
            "size_y": 4,
            "row": 1,
            "col": 1,
            "user": 1
        }
    },
    {
        "pk": 4,
        "model": "app.pagewindow",
        "fields": {
            "page": 3,
            "window": 4,
            "size_x": 5,
            "size_y": 2,
            "row": 5,
            "col": 1,
            "user": 1
        }
    },
    {
        "pk": 5,
        "model": "app.pagewindow",
        "fields": {
            "page": 3,
            "window": 5,
            "size_x": 5,
            "size_y": 3,
            "row": 1,
            "col": 6,
            "user": 1
        }
    },
    {
        "pk": 6,
        "model": "app.pagewindow",
        "fields": {
            "page": 3,
            "window": 6,
            "size_x": 5,
            "size_y": 3,
            "row": 1,
            "col": 11,
            "user": 1
        }
    },
    {
        "pk": 7,
        "model": "app.pagewindow",
        "fields": {
            "page": 3,
            "window": 7,
            "size_x": 5,
            "size_y": 3,
            "row": 1,
            "col": 11,
            "user": 1
        }
    },
    {
        "pk": 8,
        "model": "app.pagewindow",
        "fields": {
            "page": 5,
            "window": 8,
            "size_x": 7,
            "size_y": 3,
            "row": 1,
            "col": 1,
            "user": 1
        }
    },
    {
        "pk": 9,
        "model": "app.pagewindow",
        "fields": {
            "page": 5,
            "window": 9,
            "size_x": 7,
            "size_y": 2,
            "row": 4,
            "col": 1,
            "user": 1
        }
    },
    {
        "pk": 10,
        "model": "app.pagewindow",
        "fields": {
            "page": 5,
            "window": 1,
            "size_x": 6,
            "size_y": 6,
            "row": 1,
            "col": 14,
            "user": 1
        }
    },
    {
        "pk": 11,
        "model": "app.pagewindow",
        "fields": {
            "page": 5,
            "window": 10,
            "size_x": 5,
            "size_y": 2,
            "row": 1,
            "col": 8,
            "user": 1
        }
    },
    {
        "pk": 12,
        "model": "app.pagewindow",
        "fields": {
            "page": 5,
            "window": 11,
            "size_x": 5,
            "size_y": 2,
            "row": 3,
            "col": 8,
            "user": 1
        }
    },
    {
        "pk": 13,
        "model": "app.pagewindow",
        "fields": {
            "page": 5,
            "window": 12,
            "size_x": 5,
            "size_y": 2,
            "row": 5,
            "col": 8,
            "user": 1
        }
    },
    {
        "pk": 20,
        "model": "app.menu",
        "fields": {
            "rght": 2,
            "name": "Overview",
            "parent": null,
            "fund": null,
            "level": 0,
            "access": [
                1
            ],
            "lft": 1,
            "tree_id": 3,
            "page": null
        }
    },
    {
        "pk": 5,
        "model": "app.menu",
        "fields": {
            "rght": 2,
            "name": "Gale B",
            "parent": null,
            "fund": 2,
            "level": 0,
            "access": [
                1
            ],
            "lft": 1,
            "tree_id": 4,
            "page": 2
        }
    },
    {
        "pk": 3,
        "model": "app.menu",
        "fields": {
            "rght": 28,
            "name": "Funds",
            "parent": null,
            "fund": 2,
            "level": 0,
            "access": [
                1
            ],
            "lft": 1,
            "tree_id": 5,
            "page": null
        }
    },
    {
        "pk": 12,
        "model": "app.menu",
        "fields": {
            "rght": 13,
            "name": "HSBC Funds",
            "parent": 3,
            "fund": null,
            "level": 1,
            "access": [
                1
            ],
            "lft": 2,
            "tree_id": 5,
            "page": null
        }
    },
    {
        "pk": 6,
        "model": "app.menu",
        "fields": {
            "rght": 4,
            "name": "Gale E",
            "parent": 12,
            "fund": null,
            "level": 2,
            "access": [
                1
            ],
            "lft": 3,
            "tree_id": 5,
            "page": null
        }
    },
    {
        "pk": 8,
        "model": "app.menu",
        "fields": {
            "rght": 6,
            "name": "Gale K",
            "parent": 12,
            "fund": 6,
            "level": 2,
            "access": [
                1
            ],
            "lft": 5,
            "tree_id": 5,
            "page": null
        }
    },
    {
        "pk": 9,
        "model": "app.menu",
        "fields": {
            "rght": 8,
            "name": "Gale L",
            "parent": 12,
            "fund": 7,
            "level": 2,
            "access": [
                1
            ],
            "lft": 7,
            "tree_id": 5,
            "page": null
        }
    },
    {
        "pk": 10,
        "model": "app.menu",
        "fields": {
            "rght": 10,
            "name": "Gale M",
            "parent": 12,
            "fund": 8,
            "level": 2,
            "access": [
                1
            ],
            "lft": 9,
            "tree_id": 5,
            "page": null
        }
    },
    {
        "pk": 11,
        "model": "app.menu",
        "fields": {
            "rght": 12,
            "name": "Gale N",
            "parent": 12,
            "fund": 9,
            "level": 2,
            "access": [
                1
            ],
            "lft": 11,
            "tree_id": 5,
            "page": null
        }
    },
    {
        "pk": 13,
        "model": "app.menu",
        "fields": {
            "rght": 23,
            "name": "Credit Suisse",
            "parent": 3,
            "fund": null,
            "level": 1,
            "access": [
                1
            ],
            "lft": 14,
            "tree_id": 5,
            "page": null
        }
    },
    {
        "pk": 14,
        "model": "app.menu",
        "fields": {
            "rght": 16,
            "name": "CS European Equity",
            "parent": 13,
            "fund": 10,
            "level": 2,
            "access": [
                1
            ],
            "lft": 15,
            "tree_id": 5,
            "page": null
        }
    },
    {
        "pk": 15,
        "model": "app.menu",
        "fields": {
            "rght": 18,
            "name": "CS US Equity",
            "parent": 13,
            "fund": 11,
            "level": 2,
            "access": [
                1
            ],
            "lft": 17,
            "tree_id": 5,
            "page": null
        }
    },
    {
        "pk": 16,
        "model": "app.menu",
        "fields": {
            "rght": 20,
            "name": "CS Asia Equity",
            "parent": 13,
            "fund": 12,
            "level": 2,
            "access": [
                1
            ],
            "lft": 19,
            "tree_id": 5,
            "page": null
        }
    },
    {
        "pk": 19,
        "model": "app.menu",
        "fields": {
            "rght": 22,
            "name": "CS Volatility",
            "parent": 13,
            "fund": 13,
            "level": 2,
            "access": [
                1
            ],
            "lft": 21,
            "tree_id": 5,
            "page": null
        }
    },
    {
        "pk": 17,
        "model": "app.menu",
        "fields": {
            "rght": 27,
            "name": "Private Equity",
            "parent": 3,
            "fund": null,
            "level": 1,
            "access": [
                1
            ],
            "lft": 24,
            "tree_id": 5,
            "page": null
        }
    },
    {
        "pk": 18,
        "model": "app.menu",
        "fields": {
            "rght": 26,
            "name": "Private Equity",
            "parent": 17,
            "fund": 3,
            "level": 2,
            "access": [
                1
            ],
            "lft": 25,
            "tree_id": 5,
            "page": null
        }
    },
    {
        "pk": 21,
        "model": "app.menu",
        "fields": {
            "rght": 42,
            "name": "Clients",
            "parent": null,
            "fund": null,
            "level": 0,
            "access": [
                1
            ],
            "lft": 1,
            "tree_id": 6,
            "page": null
        }
    },
    {
        "pk": 25,
        "model": "app.menu",
        "fields": {
            "rght": 9,
            "name": "Clients A - E",
            "parent": 21,
            "fund": null,
            "level": 1,
            "access": [
                1
            ],
            "lft": 2,
            "tree_id": 6,
            "page": null
        }
    },
    {
        "pk": 30,
        "model": "app.menu",
        "fields": {
            "rght": 4,
            "name": "Surname, First Name",
            "parent": 25,
            "fund": null,
            "level": 2,
            "access": [
                1
            ],
            "lft": 3,
            "tree_id": 6,
            "page": null
        }
    },
    {
        "pk": 31,
        "model": "app.menu",
        "fields": {
            "rght": 6,
            "name": "Surname, First Name",
            "parent": 25,
            "fund": null,
            "level": 2,
            "access": [
                1
            ],
            "lft": 5,
            "tree_id": 6,
            "page": null
        }
    },
    {
        "pk": 32,
        "model": "app.menu",
        "fields": {
            "rght": 8,
            "name": "Surname, First Name",
            "parent": 25,
            "fund": null,
            "level": 2,
            "access": [
                1
            ],
            "lft": 7,
            "tree_id": 6,
            "page": null
        }
    },
    {
        "pk": 26,
        "model": "app.menu",
        "fields": {
            "rght": 17,
            "name": "Clients F - L",
            "parent": 21,
            "fund": null,
            "level": 1,
            "access": [
                1
            ],
            "lft": 10,
            "tree_id": 6,
            "page": null
        }
    },
    {
        "pk": 33,
        "model": "app.menu",
        "fields": {
            "rght": 12,
            "name": "Surname, First Name",
            "parent": 26,
            "fund": null,
            "level": 2,
            "access": [
                1
            ],
            "lft": 11,
            "tree_id": 6,
            "page": null
        }
    },
    {
        "pk": 34,
        "model": "app.menu",
        "fields": {
            "rght": 14,
            "name": "Surname, First Name",
            "parent": 26,
            "fund": null,
            "level": 2,
            "access": [
                1
            ],
            "lft": 13,
            "tree_id": 6,
            "page": null
        }
    },
    {
        "pk": 35,
        "model": "app.menu",
        "fields": {
            "rght": 16,
            "name": "Surname, First Name",
            "parent": 26,
            "fund": null,
            "level": 2,
            "access": [
                1
            ],
            "lft": 15,
            "tree_id": 6,
            "page": null
        }
    },
    {
        "pk": 27,
        "model": "app.menu",
        "fields": {
            "rght": 25,
            "name": "Clients M - R",
            "parent": 21,
            "fund": null,
            "level": 1,
            "access": [
                1
            ],
            "lft": 18,
            "tree_id": 6,
            "page": null
        }
    },
    {
        "pk": 36,
        "model": "app.menu",
        "fields": {
            "rght": 20,
            "name": "Surname, First Name",
            "parent": 27,
            "fund": null,
            "level": 2,
            "access": [
                1
            ],
            "lft": 19,
            "tree_id": 6,
            "page": null
        }
    },
    {
        "pk": 37,
        "model": "app.menu",
        "fields": {
            "rght": 22,
            "name": "Surname, First Name",
            "parent": 27,
            "fund": null,
            "level": 2,
            "access": [
                1
            ],
            "lft": 21,
            "tree_id": 6,
            "page": null
        }
    },
    {
        "pk": 38,
        "model": "app.menu",
        "fields": {
            "rght": 24,
            "name": "Surname, First Name",
            "parent": 27,
            "fund": null,
            "level": 2,
            "access": [
                1
            ],
            "lft": 23,
            "tree_id": 6,
            "page": null
        }
    },
    {
        "pk": 28,
        "model": "app.menu",
        "fields": {
            "rght": 33,
            "name": "Clients S - U",
            "parent": 21,
            "fund": null,
            "level": 1,
            "access": [
                1
            ],
            "lft": 26,
            "tree_id": 6,
            "page": null
        }
    },
    {
        "pk": 39,
        "model": "app.menu",
        "fields": {
            "rght": 28,
            "name": "Surname, First Name",
            "parent": 28,
            "fund": null,
            "level": 2,
            "access": [
                1
            ],
            "lft": 27,
            "tree_id": 6,
            "page": null
        }
    },
    {
        "pk": 40,
        "model": "app.menu",
        "fields": {
            "rght": 30,
            "name": "Surname, First Name",
            "parent": 28,
            "fund": null,
            "level": 2,
            "access": [
                1
            ],
            "lft": 29,
            "tree_id": 6,
            "page": null
        }
    },
    {
        "pk": 41,
        "model": "app.menu",
        "fields": {
            "rght": 32,
            "name": "Surname, First Name",
            "parent": 28,
            "fund": null,
            "level": 2,
            "access": [
                1
            ],
            "lft": 31,
            "tree_id": 6,
            "page": null
        }
    },
    {
        "pk": 29,
        "model": "app.menu",
        "fields": {
            "rght": 41,
            "name": "Clients V - Z",
            "parent": 21,
            "fund": null,
            "level": 1,
            "access": [
                1
            ],
            "lft": 34,
            "tree_id": 6,
            "page": null
        }
    },
    {
        "pk": 42,
        "model": "app.menu",
        "fields": {
            "rght": 36,
            "name": "Surname, First Name",
            "parent": 29,
            "fund": null,
            "level": 2,
            "access": [
                1
            ],
            "lft": 35,
            "tree_id": 6,
            "page": null
        }
    },
    {
        "pk": 43,
        "model": "app.menu",
        "fields": {
            "rght": 38,
            "name": "Surname, First Name",
            "parent": 29,
            "fund": null,
            "level": 2,
            "access": [
                1
            ],
            "lft": 37,
            "tree_id": 6,
            "page": null
        }
    },
    {
        "pk": 44,
        "model": "app.menu",
        "fields": {
            "rght": 40,
            "name": "Surname, First Name",
            "parent": 29,
            "fund": null,
            "level": 2,
            "access": [
                1
            ],
            "lft": 39,
            "tree_id": 6,
            "page": null
        }
    },
    {
        "pk": 24,
        "model": "app.menu",
        "fields": {
            "rght": 50,
            "name": "Input Forms",
            "parent": null,
            "fund": null,
            "level": 0,
            "access": [
                1
            ],
            "lft": 1,
            "tree_id": 8,
            "page": null
        }
    },
    {
        "pk": 59,
        "model": "app.menu",
        "fields": {
            "rght": 23,
            "name": "For Fund",
            "parent": 24,
            "fund": null,
            "level": 1,
            "access": [
                1
            ],
            "lft": 2,
            "tree_id": 8,
            "page": null
        }
    },
    {
        "pk": 47,
        "model": "app.menu",
        "fields": {
            "rght": 4,
            "name": "Dividend Distribution",
            "parent": 59,
            "fund": null,
            "level": 2,
            "access": [
                1
            ],
            "lft": 3,
            "tree_id": 8,
            "page": null
        }
    },
    {
        "pk": 69,
        "model": "app.menu",
        "fields": {
            "rght": 6,
            "name": "Place Fiduciary Deposit",
            "parent": 59,
            "fund": null,
            "level": 2,
            "access": [
                1
            ],
            "lft": 5,
            "tree_id": 8,
            "page": null
        }
    },
    {
        "pk": 46,
        "model": "app.menu",
        "fields": {
            "rght": 8,
            "name": "FX Hedge",
            "parent": 59,
            "fund": null,
            "level": 2,
            "access": [
                1
            ],
            "lft": 7,
            "tree_id": 8,
            "page": null
        }
    },
    {
        "pk": 53,
        "model": "app.menu",
        "fields": {
            "rght": 10,
            "name": "Enter Holding Performance Estimate",
            "parent": 59,
            "fund": null,
            "level": 2,
            "access": [
                1
            ],
            "lft": 9,
            "tree_id": 8,
            "page": null
        }
    },
    {
        "pk": 52,
        "model": "app.menu",
        "fields": {
            "rght": 12,
            "name": "Enter Fund Performance Estimate",
            "parent": 59,
            "fund": null,
            "level": 2,
            "access": [
                1
            ],
            "lft": 11,
            "tree_id": 8,
            "page": null
        }
    },
    {
        "pk": 60,
        "model": "app.menu",
        "fields": {
            "rght": 14,
            "name": "Equity Trade",
            "parent": 59,
            "fund": null,
            "level": 2,
            "access": [
                1
            ],
            "lft": 13,
            "tree_id": 8,
            "page": null
        }
    },
    {
        "pk": 61,
        "model": "app.menu",
        "fields": {
            "rght": 16,
            "name": "Options Trade",
            "parent": 59,
            "fund": null,
            "level": 2,
            "access": [
                1
            ],
            "lft": 15,
            "tree_id": 8,
            "page": null
        }
    },
    {
        "pk": 62,
        "model": "app.menu",
        "fields": {
            "rght": 18,
            "name": "Fixed Income Trade",
            "parent": 59,
            "fund": null,
            "level": 2,
            "access": [
                1
            ],
            "lft": 17,
            "tree_id": 8,
            "page": null
        }
    },
    {
        "pk": 63,
        "model": "app.menu",
        "fields": {
            "rght": 20,
            "name": "Private Equity Investment",
            "parent": 59,
            "fund": null,
            "level": 2,
            "access": [
                1
            ],
            "lft": 19,
            "tree_id": 8,
            "page": null
        }
    },
    {
        "pk": 64,
        "model": "app.menu",
        "fields": {
            "rght": 22,
            "name": "Fund Investment",
            "parent": 59,
            "fund": null,
            "level": 2,
            "access": [
                1
            ],
            "lft": 21,
            "tree_id": 8,
            "page": null
        }
    },
    {
        "pk": 58,
        "model": "app.menu",
        "fields": {
            "rght": 41,
            "name": "For Client",
            "parent": 24,
            "fund": null,
            "level": 1,
            "access": [
                1
            ],
            "lft": 24,
            "tree_id": 8,
            "page": null
        }
    },
    {
        "pk": 49,
        "model": "app.menu",
        "fields": {
            "rght": 26,
            "name": "Equity Trade",
            "parent": 58,
            "fund": null,
            "level": 2,
            "access": [
                1
            ],
            "lft": 25,
            "tree_id": 8,
            "page": null
        }
    },
    {
        "pk": 50,
        "model": "app.menu",
        "fields": {
            "rght": 28,
            "name": "Option Trade",
            "parent": 58,
            "fund": null,
            "level": 2,
            "access": [
                1
            ],
            "lft": 27,
            "tree_id": 8,
            "page": null
        }
    },
    {
        "pk": 51,
        "model": "app.menu",
        "fields": {
            "rght": 30,
            "name": "Fixed Income Trade",
            "parent": 58,
            "fund": null,
            "level": 2,
            "access": [
                1
            ],
            "lft": 29,
            "tree_id": 8,
            "page": null
        }
    },
    {
        "pk": 56,
        "model": "app.menu",
        "fields": {
            "rght": 32,
            "name": "Private Equity Investment",
            "parent": 58,
            "fund": null,
            "level": 2,
            "access": [
                1
            ],
            "lft": 31,
            "tree_id": 8,
            "page": null
        }
    },
    {
        "pk": 57,
        "model": "app.menu",
        "fields": {
            "rght": 34,
            "name": "Fund Investment",
            "parent": 58,
            "fund": null,
            "level": 2,
            "access": [
                1
            ],
            "lft": 33,
            "tree_id": 8,
            "page": null
        }
    },
    {
        "pk": 54,
        "model": "app.menu",
        "fields": {
            "rght": 36,
            "name": "Subscription Redemption",
            "parent": 58,
            "fund": null,
            "level": 2,
            "access": [
                1
            ],
            "lft": 35,
            "tree_id": 8,
            "page": null
        }
    },
    {
        "pk": 55,
        "model": "app.menu",
        "fields": {
            "rght": 38,
            "name": "Up-load client Statements",
            "parent": 58,
            "fund": null,
            "level": 2,
            "access": [
                1
            ],
            "lft": 37,
            "tree_id": 8,
            "page": null
        }
    },
    {
        "pk": 48,
        "model": "app.menu",
        "fields": {
            "rght": 40,
            "name": "Place Fiduciary Deposit",
            "parent": 58,
            "fund": null,
            "level": 2,
            "access": [
                1
            ],
            "lft": 39,
            "tree_id": 8,
            "page": null
        }
    },
    {
        "pk": 65,
        "model": "app.menu",
        "fields": {
            "rght": 49,
            "name": "For Alpheus",
            "parent": 24,
            "fund": null,
            "level": 1,
            "access": [
                1
            ],
            "lft": 42,
            "tree_id": 8,
            "page": null
        }
    },
    {
        "pk": 66,
        "model": "app.menu",
        "fields": {
            "rght": 44,
            "name": "Expense Item",
            "parent": 65,
            "fund": null,
            "level": 2,
            "access": [
                1
            ],
            "lft": 43,
            "tree_id": 8,
            "page": null
        }
    },
    {
        "pk": 68,
        "model": "app.menu",
        "fields": {
            "rght": 46,
            "name": "Place Fiduciary Deposit",
            "parent": 65,
            "fund": null,
            "level": 2,
            "access": [
                1
            ],
            "lft": 45,
            "tree_id": 8,
            "page": null
        }
    },
    {
        "pk": 67,
        "model": "app.menu",
        "fields": {
            "rght": 48,
            "name": "FX Hedge",
            "parent": 65,
            "fund": null,
            "level": 2,
            "access": [
                1
            ],
            "lft": 47,
            "tree_id": 8,
            "page": null
        }
    },
    {
        "pk": 23,
        "model": "app.menu",
        "fields": {
            "rght": 2,
            "name": "Accounts",
            "parent": null,
            "fund": null,
            "level": 0,
            "access": [
                1
            ],
            "lft": 1,
            "tree_id": 11,
            "page": null
        }
    },
    {
        "pk": 22,
        "model": "app.menu",
        "fields": {
            "rght": 2,
            "name": "HR",
            "parent": null,
            "fund": null,
            "level": 0,
            "access": [
                1
            ],
            "lft": 1,
            "tree_id": 12,
            "page": null
        }
    }
]
